VOC,JSC,FF,PCE,Electrolyte,Semiconductor,Active area,Dye loading,Co-adsorbent,Co-sensitizer,Has_Coadsorbent,Has_Cosensitizer
687.0,10.79,0.7,5.19,"0.6 M 1-methyl-3-propylimidazolium iodide (PMII), 0.10 M guanidinium thiocyanate, 0.03 M I2 , 0.5 M tert-butylpyridine in acetonitrile and valeronitrile (85:15)",TiO2 (20 nm particle size),,-,-,-,0,0
651.0,10.3,0.75,5.0,"1,3-dimethylimidazolium iodide, 1-ethyl-3methylimidazolium iodide, 1-ethyl-3-methylimidazolium tetracyanoborate, iodide, N-butylbenzoimidazole and guanidinium thiocyanate (molar ratio: 12/12/16/1.67/3.33/0.67)",TiO2 film (8 uM thick + 5 uM scattering layer),0.158,-,-,-,0,0
693.0,10.0,0.75,5.1,"1,3-dimethylimidazolium iodide, 1-ethyl-3methylimidazolium iodide, 1-ethyl-3-methylimidazolium tetracyanoborate, iodide, N-butylbenzoimidazole and guanidinium thiocyanate (molar ratio: 12/12/16/1.67/3.33/0.67)",TiO2 film (8 uM thick + 5 uM scattering layer),0.158,-,-,-,0,0
740.0,8.0,0.77,4.8,"1,3-dimethylimidazolium iodide, 1-ethyl-3methylimidazolium iodide, 1-ethyl-3-methylimidazolium tetracyanoborate, iodide, N-butylbenzoimidazole and guanidinium thiocyanate (molar ratio: 12/12/16/1.67/3.33/0.67)",TiO2 film (8 uM thick + 5 uM scattering layer),0.158,-,-,-,0,0
678.0,13.2,0.67,6.0,"1.0 M 1,3-dimethylimidazolium iodide, 0.03 M I2, 0.05 M lithium iodide, 0.1 M guanidinium thiocyanate and 0.5 M tert-butylpyridine in acetonitrile and valeronitrile solvent mixture (85:15, v/v)",TiO2 film (8 uM thick + 5 uM scattering layer),0.158,-,-,-,0,0
695.0,12.2,0.74,6.2,"1.0 M 1,3-dimethylimidazolium iodide, 0.03 M I2, 0.05 M lithium iodide, 0.1 M guanidinium thiocyanate and 0.5 M tert-butylpyridine in acetonitrile and valeronitrile solvent mixture (85:15, v/v)",TiO2 film (8 uM thick + 5 uM scattering layer),0.158,-,-,-,0,0
800.0,9.0,0.76,5.5,"1.0 M 1,3-dimethylimidazolium iodide, 0.03 M I2, 0.05 M lithium iodide, 0.1 M guanidinium thiocyanate and 0.5 M tert-butylpyridine in acetonitrile and valeronitrile solvent mixture (85:15, v/v)",TiO2 film (8 uM thick + 5 uM scattering layer),0.158,-,-,-,0,0
560.0,3.41,0.73,1.39,OPV-AN-I  (iodide-triiodide),TiO2 film,0.16,-,-,-,0,0
660.0,7.72,0.71,3.62,OPV-AN-I  (iodide-triiodide),TiO2 film,0.16,-,-,-,0,0
660.0,7.72,0.71,3.62,"0.3 M 1-methyl-3-propylimidazolium iodide (MPII), 0.03 M I2 , 0.07 M LiI, 0.1 M guanidinium thiocyanate and 0.4 M 4-tert-butylpyridine (TBP)",TiO2 film (18um thick ),0.16,-,-,-,0,0
600.0,4.03,0.73,1.77,OPV-AN-I  (iodide-triiodide),TiO2 film,0.16,-,-,-,0,0
690.0,5.79,0.7,2.8,OPV-AN-I  (iodide-triiodide),TiO2 film,0.16,-,-,-,0,0
580.0,3.33,0.73,1.41,OPV-AN-I  (iodide-triiodide),TiO2 film,0.16,-,-,-,0,0
660.0,5.63,0.7,2.6,OPV-AN-I  (iodide-triiodide),TiO2 film,0.16,-,-,-,0,0
380.0,4.5,0.63,1.1,"0.6 M 1,2-dimethyl-3-n-propylimidazolium iodide (DMPImI), 0.1 M LiI, and 0.05 M I2 in methoxyacetonitrile (MAN)",TiO2 film (13 uM thick),0.25,-,-,-,0,0
490.0,7.5,0.7,2.6,"0.6 M 1,2-dimethyl-3-n-propylimidazolium iodide (DMPImI), 0.1 M LiI, and 0.05 M I2 in methoxyacetonitrile (MAN)",TiO2 film (13 uM thick),0.25,-,-,-,0,0
480.0,12.8,0.6,3.7,"0.6 M 1,2-dimethyl-3-n-propylimidazolium iodide (DMPImI), 0.1 M LiI, and 0.05 M I2 in methoxyacetonitrile (MAN)",TiO2 film (13 uM thick),0.25,-,-,-,0,0
470.0,15.1,0.5,3.5,"0.6 M 1,2-dimethyl-3-n-propylimidazolium iodide (DMPImI), 0.1 M LiI, and 0.05 M I2 in methoxyacetonitrile (MAN)",TiO2 film (13 uM thick),0.25,-,-,-,0,0
470.0,15.1,0.5,3.5,"0.6 M 1,2-dimethyl-3-n-propylimidazolium iodide (DMPImI), 0.1 M LiI, and 0.05 M I2 in methoxyacetonitrile (MAN)",TiO2 film (13 um thick),0.25,-,-,-,0,0
550.0,15.2,0.62,5.2,"0.6 M 1,2-dimethyl-3-n-propylimidazolium iodide (DMPImI), 0.1 M LiI, and 0.05 M I2 in methoxyacetonitrile (MAN)",TiO2 film (13 uM thick),0.25,-,-,-,0,0
550.0,15.2,0.62,5.2,"0.6 M 1,2-dimethyl-3-n-propylimidazolium iodide (DMPImI), 0.1 M LiI, and 0.05 M I2 in methoxyacetonitrile (MAN)",TiO2 film (13 um thick),0.25,-,-,-,0,0
530.0,13.2,0.67,4.7,"0.6 M 1,2-dimethyl-3-n-propylimidazolium iodide (DMPImI), 0.1 M LiI, and 0.05 M I2 in methoxyacetonitrile (MAN)",TiO2 film (13 uM thick),0.25,-,-,-,0,0
500.0,9.4,0.65,3.1,"0.6 M 1,2-dimethyl-3-n-propylimidazolium iodide (DMPImI), 0.1 M LiI, and 0.05 M I2 in methoxyacetonitrile (MAN)",TiO2 film (13 uM thick),0.25,-,-,-,0,0
500.0,12.9,0.64,4.1,"0.6 M 1,2-dimethyl-3-n-propylimidazolium iodide (DMPImI), 0.1 M LiI, and 0.05 M I2 in methoxyacetonitrile (MAN)",TiO2 film (13 uM thick),0.25,-,-,-,0,0
500.0,12.9,0.64,4.1,"0.6 M 1,2-dimethyl-3-n-propylimidazolium iodide (DMPImI), 0.1 M LiI, and 0.05 M I2 in methoxyacetonitrile (MAN)",TiO2 film (13 um thick),0.25,-,-,-,0,0
510.0,11.1,0.6,3.4,"0.6 M 1,2-dimethyl-3-n-propylimidazolium iodide (DMPImI), 0.1 M LiI, and 0.05 M I2 in methoxyacetonitrile (MAN)",TiO2 film (13 uM thick),0.25,-,-,-,0,0
510.0,11.1,0.6,3.4,"0.6 M 1,2-dimethyl-3-n-propylimidazolium iodide (DMPImI), 0.1 M LiI, and 0.05 M I2 in methoxyacetonitrile (MAN)",TiO2 film (13 um thick),0.25,-,-,-,0,0
410.0,4.1,0.56,0.9,"0.6 M 1,2-dimethyl-3-n-propylimidazolium iodide (DMPImI), 0.1 M LiI, and 0.05 M I2 in methoxyacetonitrile (MAN)",TiO2 film (13 uM thick),0.25,-,-,-,0,0
410.0,4.1,0.56,0.9,"0.6 M 1,2-dimethyl-3-n-propylimidazolium iodide (DMPImI), 0.1 M LiI, and 0.05 M I2 in methoxyacetonitrile (MAN)",TiO2 film (13 um thick),0.25,-,-,-,0,0
660.0,12.1,0.73,5.8,0.6 M DMPImI-0.1 M LiI-0.05 M I2-1.0 M 4-tert-butylpyridine (TBP) in AN,TiO2 film (15 uM thick),0.25,-,40 mM DCA,-,1,0
710.0,13.5,0.77,7.4,0.6 M DMPImI-0.1 M LiI-0.05 M I2-1.0 M 4-tert-butylpyridine (TBP) in AN,TiO2 film (15 uM thick),0.25,-,40 mM DCA,-,1,0
700.0,14.3,0.64,6.4,0.6 M DMPImI-0.1 M LiI-0.05 M I2-1.0 M 4-tert-butylpyridine (TBP) in AN,TiO2 film (15 uM thick),0.25,-,40 mM DCA,-,1,0
450.0,13.7,0.5,3.1,"0.6 M 1,2-dimethyl-3-n-propylimidazolium iodide (DMPImI), 0.1MLiI and 0.05M I2 in methoxyacetonitrile(MAN)",TiO2 film (14 uM thick),0.25,-,-,-,0,0
510.0,14.6,0.51,3.8,"0.6 M 1,2-dimethyl-3-n-propylimidazolium iodide (DMPImI), 0.1MLiI and 0.05M I2 in methoxyacetonitrile(MAN)",TiO2 film (14 uM thick),0.25,-,20  mM DCA,-,1,0
660.0,15.6,0.7,7.2,0.6 M DMPImI-0.1 M LiI-0.05 M I2-0.5 M TBP in AN,TiO2 film (14 uM thick),0.25,-,40  mM DCA,-,1,0
690.0,15.3,0.71,7.5,0.6 M DMPImI-0.1 M LiI-0.05 M I2-1.0 M TBP in AN,TiO2 film (14 uM thick),0.25,-,40  mM DCA,-,1,0
730.0,14.7,0.7,7.5,0.6 M DMPImI-0.1 M LiI-0.05 M I2-2.0 M TBP in AN,TiO2 film (14 uM thick),0.25,-,40  mM DCA,-,1,0
616.0,15.22,0.757,7.09,"0.6 m 1,2-dimethyl-3-propylimidazolium iodide (DMPII), 0.5 m 4-tert-butylpyridine (TBP), 0.05 m I2 and 0.1 m LiI in CH3CN","TiO2 film (14 um, 20 nm particle +4um scattering layer )",0.16,97 nmol/cm2,40 mM DCA,-,1,0
677.0,16.76,0.753,8.54,"0.6 m 1,2-dimethyl-3-propylimidazolium iodide (DMPII), 0.5 m 4-tert-butylpyridine (TBP), 0.05 m I2 and 0.1 m LiI in CH3CN","TiO2 film (14 um, 20 nm particle +4um scattering layer )",0.16,75 nmol/cm2,1 mM CCCC[C@@H](COc1ccc(cc1)c1ccc2c(c1)Sc1c(N2c2ccc(cc2)C(=O)O)ccc(c1)c1ccc(cc1)OC[C@H](CCCC)CC)CC,-,1,0
740.0,16.56,0.73,8.95,"0.6 m 1,2-dimethyl-3-propylimidazolium iodide (DMPII), 0.5 m 4-tert-butylpyridine (TBP), 0.05 m I2 and 0.1 m LiI in CH3CN","TiO2 film (14 um, 20 nm particle +4um scattering layer )",0.16,57 nmol/cm2,1 mM CCCC[C@@H](COc1ccc(cc1)c1ccc2c(c1)Sc1c(N2[C@@H]2CC=C(C=C2)c2ccc(cc2)C(=O)O)ccc(c1)c1ccc(cc1)OC[C@H](CCCC)CC)CC,-,1,0
715.0,16.92,0.734,8.88,"0.6 m 1,2-dimethyl-3-propylimidazolium iodide (DMPII), 0.5 m 4-tert-butylpyridine (TBP), 0.05 m I2 and 0.1 m LiI in CH3CN","TiO2 film (14 um, 20 nm particle +4um scattering layer )",0.16,-,1 mM C(C)C(COC1=CC=C(C=C1)C=1C=CC=2N(C3=CC=C(C=C3C2C1)C1=CC=C(C=C1)OCC(CCCC)CC)C1=CC=C(C(=O)O)C=C1)CCCC,-,1,0
702.0,15.38,0.7848,8.47,"0.6 M DMPII, 0.5 M TBP, 0.05 M I2 and 0.1M LiI in CH3CN","TiO2 film (14 um, 20 nm particle +4um scattering layer )",0.16,-,7 mM CC1(C2=CC=CC=C2C=2C=CC(=CC12)N(C1=CC=C(C(=O)O)C=C1)C1=CC=2C(C3=CC=CC=C3C2C=C1)(C)C)C,-,1,0
663.0,18.01,0.7616,9.09,"0.6 M DMPII, 0.5 M TBP, 0.05 M I2 and 0.1M LiI in CH3CN","TiO2 film (14 um, 13 nm particle +4um scattering layer )",0.16,-,7 mM CC1(C2=CC=CC=C2C=2C=CC(=CC12)N(C1=CC=C(C(=O)O)C=C1)C1=CC=2C(C3=CC=CC=C3C2C=C1)(C)C)C,-,1,0
690.0,9.79,0.71,4.78,"0.3 M 1-methyl-3-propylimidazolium iodide (MPII), 0.03 M I2 , 0.07 M LiI, 0.1 M guanidinium thiocyanate and 0.4 M 4-tert-butylpyridine (TBP)",TiO2 film (18um thick ),0.16,-,-,-,0,0
554.0,2.98,0.63,1.04,"0.5 M 1-butyl-3-methylimidazolium iodide, 0.10 M LiI, 0.05 M I2, and 0.5 M tert-butylpyridine in acetonitrile","TiO2 film (6 um,+4um scattering layer )",0.25,117 nmol/cm2,-,-,0,0
704.0,4.57,0.724,2.33,"0.5 M 1-butyl-3-methylimidazolium iodide, 0.10 M LiI, 0.05 M I2, and 0.5 M tert-butylpyridine in acetonitrile","TiO2 film (6 um,+4um scattering layer )",0.25,212 nmol/cm2,-,-,0,0
693.0,3.37,0.705,1.64,"0.5 M 1-butyl-3-methylimidazolium iodide, 0.10 M LiI, 0.05 M I2, and 0.5 M tert-butylpyridine in acetonitrile","TiO2 film (6 um,+4um scattering layer )",0.25,212 nmol/cm2,5 mM CDCA,-,1,0
687.0,5.63,0.695,2.69,"0.5 M 1-butyl-3-methylimidazolium iodide, 0.10 M LiI, 0.05 M I2, and 0.5 M tert-butylpyridine in acetonitrile","TiO2 film (6 um,+4um scattering layer )",0.25,202 nmol/cm2,-,-,0,0
711.0,6.21,0.729,3.22,"0.5 M 1-butyl-3-methylimidazolium iodide, 0.10 M LiI, 0.05 M I2, and 0.5 M tert-butylpyridine in acetonitrile","TiO2 film (6 um,+4um scattering layer )",0.25,202 nmol/cm2,5 mM CDCA,-,1,0
581.0,14.66,0.686,5.97,"0.6 m 1,2-dimethyl-3-propylimidazolium iodide (DMPII), 0.5 m 4-tert-butylpyridine (TBP), 0.05 m I2 and 0.1 m LiI in CH3CN","TiO2 film (14 um, 20 nm particle +4um scattering layer )",0.16,187 nmol/cm2,-,-,0,0
756.0,8.98,0.69,4.66,"0.6 M 1-methyl-3-propylimidazolium iodide (PMII), 0.10 M guanidinium thiocyanate, 0.03 M I2 , 0.5 M tert-butylpyridine in acetonitrile and valeronitrile (85:15)",TiO2 (20 nm particle size),,-,-,-,0,0
580.0,12.2,0.68,4.82,"0.6 M 1,2-dimethyl-3-propyl imidazolium iodide, 0.05 M iodine, 0.1 M LiI, and 0.5 M tert-butylpyridine in acetonitrile","TiO2 film (5 um,+4um scattering layer )",,230 nmol/cm2,-,-,0,0
580.0,14.3,0.72,5.97,"0.6 M 1,2-dimethyl-3-propyl imidazolium iodide, 0.05 M iodine, 0.1 M LiI, and 0.5 M tert-butylpyridine in acetonitrile","TiO2 film (5 um,+4um scattering layer )",,130 nmol/cm2,40 mM DCA,-,1,0
550.0,10.8,0.66,3.93,"0.6 M 1,2-dimethyl-3-propyl imidazolium iodide, 0.05 M iodine, 0.1 M LiI, and 0.5 M tert-butylpyridine in acetonitrile","TiO2 film (5 um,+4um scattering layer )",,220 nmol/cm2,-,-,0,0
560.0,13.3,0.68,5.03,"0.6 M 1,2-dimethyl-3-propyl imidazolium iodide, 0.05 M iodine, 0.1 M LiI, and 0.5 M tert-butylpyridine in acetonitrile","TiO2 film (5 um,+4um scattering layer )",,170 nmol/cm2,40 mM DCA,-,1,0
600.0,14.2,0.7,6.07,"0.6 M 1,2-dimetyl-3-propyl imidazolium iodide, 0.05 M iodine, 0.1 M LiI, and 0.5 M tert-butylpyridine in acetonitrile",TiO2 film (8 um),,-,10 mM DCA,-,1,0
620.0,10.5,0.57,3.73,"0.6 M 1,2-dimetyl-3-propyl imidazolium iodide, 0.05 M iodine, 0.1 M LiI, and 0.5 M tert-butylpyridine in acetonitrile",TiO2 film (8 um),,-,10 mM DCA,-,1,0
570.0,13.3,0.56,4.37,"0.6 M 1,2-dimetyl-3-propyl imidazolium iodide, 0.05 M iodine, 0.1 M LiI, and 0.5 M tert-butylpyridine in acetonitrile",TiO2 film (8 um),,-,10 mM DCA,-,1,0
640.0,16.1,0.7,7.19,"0.6 M 1,2-dimetyl-3-propyl imidazolium iodide, 0.05 M iodine, 0.1 M LiI, and 0.5 M tert-butylpyridine in acetonitrile",TiO2 film (8 um),,-,10 mM DCA,-,1,0
530.0,18.8,0.65,6.5,"0.6 M 1,2-dimethyl-3-n-propylimidazolium iodide (DMPImI), 0.1 M I2 , and 0.1 M N-methylbenzimidazole (NMBI) in 3-methoxypropionitrile (MPN)",TiO2 film (6 um),0.2354,-,-,-,0,0
610.0,16.5,0.76,7.6,"0.6 M DMPImI, 0.1 M LiI, 0.05 M I2 , and 0.1 M TBP",TiO2 film (6 um),0.2354,-,-,-,0,0
610.0,16.5,0.76,7.6,"0.6 M DMPImI, 0.2 M LiI, 0.05 M I2 , and 0.1 M TBP","TiO2 film (7 um,+5 um scattering layer )",0.25,-,30 mM DCA,-,1,0
520.0,16.71,0.67,5.8,"0.1 M LiI, 0.05 M I2 , and 0.6 M DMPImI","TiO2 film (7 um,+5 um scattering layer )",0.25,-,-,-,0,0
580.0,14.89,0.73,6.3,"0.1 M LiI, 0.05 M I2 , 0.6 M DMPImI and 0.1 M TBP","TiO2 film (7 um,+5 um scattering layer )",0.25,-,-,-,0,0
630.0,13.37,0.77,6.5,"0.1 M LiI, 0.05 M I2 , 0.6 M DMPImI and 0.5 M TBP","TiO2 film (7 um,+5 um scattering layer )",0.25,-,-,-,0,0
510.0,14.32,0.73,5.3,"0.1 M LiI, 0.05 M I2 , and 0.6 M DMPImI","TiO2 film (7 um,+5 um scattering layer )",0.25,-,-,-,0,0
530.0,10.93,0.75,4.3,"0.1 M LiI, 0.05 M I2 , 0.6 M DMPImI and 0.1 M TBP","TiO2 film (7 um,+5 um scattering layer )",0.25,-,-,-,0,0
520.0,17.46,0.69,6.3,"0.1 M LiI, 0.05 M I2 , and 0.6 M DMPImI","TiO2 film (7 um,+5 um scattering layer )",0.25,-,-,-,0,0
580.0,16.9,0.74,7.3,"0.1 M LiI, 0.05 M I2 , 0.6 M DMPImI and 0.1 M TBP","TiO2 film (7 um,+5 um scattering layer )",0.25,-,-,-,0,0
610.0,14.6,0.7,6.2,"0.1 M LiI, 0.05 M I2 , 0.6 M DMPImI, and TBP in dry AN","TiO2 film (6 um,+ 6 um scattering layer )",0.25,-,-,-,0,0
620.0,14.1,0.74,6.5,"0.1 M LiI, 0.05 M I2 , 0.6 M DMPImI, and TBP in dry AN","TiO2 film (6 um,+ 6 um scattering layer )",0.25,-,-,-,0,0
640.0,12.5,0.73,5.9,"0.1 M LiI, 0.05 M I2 , 0.6 M DMPImI, and TBP in dry AN","TiO2 film (6 um,+ 6 um scattering layer )",0.25,-,-,-,0,0
660.0,11.2,0.74,5.5,"0.1 M LiI, 0.05 M I2 , 0.6 M DMPImI, and TBP in dry AN","TiO2 film (6 um,+ 6 um scattering layer )",0.25,-,-,-,0,0
680.0,10.3,0.75,5.3,"0.1 M LiI, 0.05 M I2 , 0.6 M DMPImI, and TBP in dry AN","TiO2 film (6 um,+ 6 um scattering layer )",0.25,-,-,-,0,0
570.0,16.0,0.66,6.0,"0.1 M LiI, 0.05 M I2 , 0.6 M DMPImI, and guanidinium thiocynate in dry AN","TiO2 film (6 um,+ 6 um scattering layer )",0.25,-,-,-,0,0
580.0,15.7,0.7,6.4,"0.1 M LiI, 0.05 M I2 , 0.6 M DMPImI, and guanidinium thiocynate in dry AN","TiO2 film (6 um,+ 6 um scattering layer )",0.25,-,-,-,0,0
620.0,15.5,0.7,6.7,"0.1 M LiI, 0.05 M I2 , 0.6 M DMPImI, and guanidinium thiocynate in dry AN","TiO2 film (6 um,+ 6 um scattering layer )",0.25,-,-,-,0,0
630.0,13.6,0.7,6.0,"0.1 M LiI, 0.05 M I2 , 0.6 M DMPImI, and guanidinium thiocynate in dry AN","TiO2 film (6 um,+ 6 um scattering layer )",0.25,-,-,-,0,0
650.0,13.4,0.7,6.1,"0.1 M LiI, 0.05 M I2 , 0.6 M DMPImI, and guanidinium thiocynate in dry AN","TiO2 film (6 um,+ 6 um scattering layer )",0.25,-,-,-,0,0
610.0,13.3,0.68,5.5,"0.6 M DMPImI, 0.1 M LiI, 0.05 M I2 , and 0.5 M TBP",TiO2 film (18 um transparent layer+ 7 um scattering layer ),0.2354,-,-,-,0,0
620.0,15.0,0.69,6.4,"0.6 M DMPImI, 0.1 M LiI, 0.05 M I2 , and 0.5 M TBP",TiO2 film (18 um transparent layer+ 7 um scattering layer ),0.2354,-,10 mM CDCA,-,1,0
630.0,16.8,0.7,7.4,"0.6 M DMPImI, 0.1 M LiI, 0.05 M I2 , and 0.5 M TBP",TiO2 film (18 um transparent layer+ 7 um scattering layer ),0.2354,-,60 mM CDCA,-,1,0
707.5,11.91,0.7264,6.12,"0.7 M 1-propryl-3-methyl-imidazolium iodide (PMII), 0.2 M of LiI, 0.05 M of I2 , and 0.5 M of TBP in acetonitrileÀvaleronitrile (v/v, 85/18)",TiO2 thin film (20 nm particles with scattering layer containing 250 nm particles),0.24,-,Saturated,-,1,0
540.0,16.9,0.63,5.7,"0.1 M LiI, 0.05 M I2 , 0.6 M DMPImI, and TBP in dry AN","TiO2 film (6 um,+ 6 um scattering layer )",0.25,-,-,-,0,0
640.0,16.9,0.72,7.8,"0.6 M DMPImI, 0.1 M LiI, 0.05 M I2 , and 0.5 M TBP",TiO2 film (18 um transparent layer+ 7 um scattering layer ),0.2354,-,120 mM CDCA,-,1,0
660.0,16.0,0.72,7.6,"0.6 M DMPImI, 0.1 M LiI, 0.05 M I2 , and 0.5 M TBP",TiO2 film (18 um transparent layer+ 7 um scattering layer ),0.2354,-,160 mM CDCA,-,1,0
600.0,14.0,0.71,6.0,0.6 M DMPImI–0.1 M LiI–0.05 M I2 in propionitrile-acetonitrile (6:4),TiO2 film (13 um thick),0.25,-,-,-,0,0
730.0,14.3,0.74,7.7,"0.6 M DMPImI–0.1 M LiI–0.05 M I2, 1.0 M TBP in acetonitrile",TiO2 film (14 um thick),0.25,-,40 mM CDCA,-,1,0
670.0,14.7,0.73,7.2,"0.6 M DMPImI–0.1 M LiI–0.05 M I2, 1.0 M TBP in acetonitrile",TiO2 film (14 um thick),0.25,-,40 mM CDCA,-,1,0
491.0,2.461,0.635,0.767,"0.1 M LiI, 0.05 M I2, 0.5 M PMII, 0.6 M tert-butyl pyridine in 3-methoxypropionitile","TiO2 film (12 um,+4 um scattering layer )",0.25,-,-,-,0,0
501.0,2.082,0.614,0.64,"0.1 M LiI, 0.05 M I2, 0.5 M PMII, 0.6 M tert-butyl pyridine in 3-methoxypropionitile","TiO2 film (12 um,+4 um scattering layer )",0.25,-,-,-,0,0
470.0,1.912,0.69,0.581,"0.1 M LiI, 0.05 M I2, 0.5 M PMII, 0.6 M tert-butyl pyridine in 3-methoxypropionitile","TiO2 film (12 um,+4 um scattering layer )",0.25,-,-,-,0,0
441.0,1.754,0.683,0.528,"0.1 M LiI, 0.05 M I2, 0.5 M PMII, 0.6 M tert-butyl pyridine in 3-methoxypropionitile","TiO2 film (12 um,+4 um scattering layer )",0.25,-,-,-,0,0
610.0,13.47,0.68,5.53,"0.6 M 1-butyl-3-methylimidiazolium iodide (BMII), 0.1 M LiI, 0.05 M I2 , and 0.6 M tert-butylpyridine (TBP) in acetonitrile","TiO2 film (12 um,+4 um scattering layer )",0.142,143 nmol/cm2,-,-,0,0
608.0,10.77,0.7,4.56,"0.6 M 1-butyl-3-methylimidiazolium iodide (BMII), 0.1 M LiI, 0.05 M I2 , and 0.6 M tert-butylpyridine (TBP) in acetonitrile","TiO2 film (12 um,+4 um scattering layer )",0.142,-,5 mM DCA,-,1,0
561.0,10.5,0.68,4.02,"0.6 M 1-butyl-3-methylimidiazolium iodide (BMII), 0.1 M LiI, 0.05 M I2 , and 0.6 M tert-butylpyridine (TBP) in acetonitrile","TiO2 film (12 um,+4 um scattering layer )",0.142,124 nmol/cm2,-,-,0,0
558.0,8.84,0.71,3.52,"0.6 M 1-butyl-3-methylimidiazolium iodide (BMII), 0.1 M LiI, 0.05 M I2 , and 0.6 M tert-butylpyridine (TBP) in acetonitrile","TiO2 film (12 um,+4 um scattering layer )",0.142,-,5 mM DCA,-,1,0
508.0,7.61,0.7,2.74,"0.6 M 1-butyl-3-methylimidiazolium iodide (BMII), 0.1 M LiI, 0.05 M I2 , and 0.6 M tert-butylpyridine (TBP) in acetonitrile","TiO2 film (12 um,+4 um scattering layer )",0.142,196 nmol/cm2,-,-,0,0
536.0,8.36,0.72,3.24,"0.6 M 1-butyl-3-methylimidiazolium iodide (BMII), 0.1 M LiI, 0.05 M I2 , and 0.6 M tert-butylpyridine (TBP) in acetonitrile","TiO2 film (12 um,+4 um scattering layer )",0.142,-,5 mM DCA,-,1,0
590.0,12.91,0.61,4.59,"0.3 M 1-methyl-3-propylimidazolium iodide (MPII), 0.03 M I2 , 0.07 M LiI, 0.1 M guandine thiocyanate and 0.4 M 4-tert-butylpyridine",TiO2 film (18 um thick),0.16,-,-,-,0,0
590.0,12.91,0.61,4.59,"0.3 M 1,2-dimethyl-3-propylimidazolium iodide (DMPII), 0.03 M I2, 0.07 M LiI, 0.1 M guanidine thiocyanate, and 0.4 M 4-tert-butylpyridine (TBP) in acetonitrile",TiO2 18 um thick,,-,-,-,0,0
690.0,14.33,0.63,6.24,"0.3 M 1-methyl-3-propylimidazolium iodide (MPII), 0.03 M I2 , 0.07 M LiI, 0.1 M guandine thiocyanate and 0.4 M 4-tert-butylpyridine",TiO2 film (18 um thick),0.16,-,-,-,0,0
690.0,14.33,0.63,6.24,"0.3 M 1,2-dimethyl-3-propylimidazolium iodide (DMPII), 0.03 M I2, 0.07 M LiI, 0.1 M guanidine thiocyanate, and 0.4 M 4-tert-butylpyridine (TBP) in acetonitrile",TiO2 18 um thick,,-,-,-,0,0
550.0,2.18,0.69,1.03,"0.6M 1,2-dimethyl 3-propyl imidazolium iodide, 0.1 M LiI, 0.05 M I2, and 0.5 M 4-tert-butylpyridine dissolved in acetonitrile",TiO2 film,,-,-,-,0,0
490.0,1.44,0.7,0.63,"0.6M 1,2-dimethyl 3-propyl imidazolium iodide, 0.1 M LiI, 0.05 M I2, and 0.5 M 4-tert-butylpyridine dissolved in acetonitrile",TiO2 film,,-,-,-,0,0
710.0,10.4,0.74,5.5,"0.6 M 1,2-dimethyl-3-n-propylimidazolium iodide/0.1 M LiI/0.05 I2/0.6 M 4-tert-butylpyridine in acetonitrile",TiO2 film (14 uM thick),0.25,-,0.005 M DCA,-,1,0
740.0,9.9,0.74,5.4,"0.6 M 1,2-dimethyl-3-n-propylimidazolium iodide/0.1 M LiI/0.05 I2/0.6 M 4-tert-butylpyridine in acetonitrile",TiO2 film (14 uM thick),0.25,-,0.005 M DCA,-,1,0
675.0,15.18,0.55,5.71,HPE electrolyte (triiodide/iodide),TiO2 6.5 um thick,0.25,-,1 mM CDCA,-,1,0
540.0,9.52,0.65,3.36,"0.3 M 1-methyl-3-propylimidazolium iodide (MPII), 0.03 M I2 , 0.07 M LiI, 0.1 M guandine thiocyanate and 0.4 M 4-tert-butylpyridine",TiO2 film (18 um thick),0.16,-,-,-,0,0
540.0,9.52,0.65,3.36,"0.3 M 1,2-dimethyl-3-propylimidazolium iodide (DMPII), 0.03 M I2, 0.07 M LiI, 0.1 M guanidine thiocyanate, and 0.4 M 4-tert-butylpyridine (TBP) in acetonitrile",TiO2 18 um thick,,-,-,-,0,0
710.0,12.9,0.74,6.8,"0.6 M 1,2-dimethyl-3-n-propylimidazolium iodide/0.1 M LiI/0.05 I2/0.6 M 4-tert-butylpyridine in acetonitrile",TiO2 film (14 uM thick),0.25,-,0.005 M DCA,-,1,0
680.0,12.5,0.69,5.9,"0.6 M 1,2-dimethyl-3-n-propylimidazolium iodide/0.1 M LiI/0.05 I2/0.6 M 4-tert-butylpyridine in acetonitrile",TiO2 film (14 uM thick),0.25,-,0.005 M DCA,-,1,0
600.0,9.63,0.75,4.3,"0.6 M 1,2-dimethyl-3-n-propylimidazolium iodide, 0.1 M LiI, 0.05 M I2, and 0.5 M 4-tert-butylpyridine in dry acetonitrile",TiO2 film (6 um thick + 4 um scattering layer),0.2304,-,-,-,0,0
537.0,3.83,0.656,1.35,"0.6 M 1-butyl-3-methylimidiazolium iodide, 0.10 M LiI, 0.05 M I2, and 0.5 M tert-butylpyridine in acetonitrile",TiO2 film (6 um thick + 4 um scattering layer),0.25,-,-,-,0,0
588.0,5.09,0.735,2.2,"0.6 M 1-butyl-3-methylimidiazolium iodide, 0.10 M LiI, 0.05 M I2, and 0.5 M tert-butylpyridine in acetonitrile",TiO2 film (6 um thick + 4 um scattering layer),0.25,-,20 mM CDCA,-,1,0
678.0,13.31,0.697,6.29,"0.6 M 1-butyl-3-methylimidiazolium iodide, 0.10 M LiI, 0.05 M I2, and 0.5 M tert-butylpyridine in acetonitrile",TiO2 film (6 um thick + 4 um scattering layer),0.25,-,-,-,0,0
694.0,16.38,0.707,8.03,"0.6 M 1-butyl-3-methylimidiazolium iodide, 0.10 M LiI, 0.05 M I2, and 0.5 M tert-butylpyridine in acetonitrile",TiO2 film (6 um thick + 4 um scattering layer),0.25,-,20 mM CDCA,-,1,0
658.0,11.72,0.693,5.34,"0.6 M 1-butyl-3-methylimidiazolium iodide, 0.10 M LiI, 0.05 M I2, and 0.5 M tert-butylpyridine in acetonitrile",TiO2 film (6 um thick + 4 um scattering layer),0.25,-,-,-,0,0
680.0,15.1,0.698,7.17,"0.6 M 1-butyl-3-methylimidiazolium iodide, 0.10 M LiI, 0.05 M I2, and 0.5 M tert-butylpyridine in acetonitrile",TiO2 film (6 um thick + 4 um scattering layer),0.25,-,20 mM CDCA,-,1,0
760.0,10.4,0.72,5.2,"0.5 M LiI, 0.05 M I2, 0.05 M TBP, 0.05 M GSCN in 3-methoxy propionitrile",TiO2 12 um thick,0.1,-,-,-,0,0
748.0,8.3,0.73,4.1,"0.5 M LiI, 0.05 M I2, 0.05 M TBP, 0.05 M GSCN in 3-methoxy propionitrile",TiO2 12 um thick,0.1,-,-,-,0,0
731.0,7.5,0.71,3.5,"0.5 M LiI, 0.05 M I2, 0.05 M TBP, 0.05 M GSCN in 3-methoxy propionitrile",TiO2 12 um thick,0.1,-,-,-,0,0
709.0,6.79,0.7,3.1,"0.5 M LiI, 0.05 M I2, 0.05 M TBP, 0.05 M GSCN in 3-methoxy propionitrile",TiO2 12 um thick,0.1,-,-,-,0,0
670.0,2.17,0.51,0.74,"0.05 M I2, 0.50 M LiI and 0.10 M 1,2-dimethyl-3-n-propylimidazolium iodide (DMPImI) in acetonitrile (AN)/valeronitrile (VN) (9:1 in volume)",TiO2 film,0.25,-,5 mM isooctyltriethoxysilane,-,1,0
620.0,10.94,0.7,4.7,"0.3 M 1,2-dimethyl-3-propylimidazolium iodide (DMPII), 0.03 M I2, 0.07 M LiI, 0.1 M guanidine thiocyanate, and 0.4 M 4-tert-butylpyridine (TBP) in acetonitrile",TiO2 18 um thick,,-,-,-,0,0
610.0,12.97,0.64,5.06,"0.3 M 1,2-dimethyl-3-propylimidazolium iodide (DMPII), 0.03 M I2, 0.07 M LiI, 0.1 M guanidine thiocyanate, and 0.4 M 4-tert-butylpyridine (TBP) in acetonitrile",TiO2 18 um thick,,-,-,-,0,0
670.0,14.53,0.61,5.94,"0.3 M 1,2-dimethyl-3-propylimidazolium iodide (DMPII), 0.03 M I2, 0.07 M LiI, 0.1 M guanidine thiocyanate, and 0.4 M 4-tert-butylpyridine (TBP) in acetonitrile",TiO2 18 um thick,,-,-,-,0,0
720.0,10.9,0.57,2.48,0.5 M LiI (99.9%) and 0.05 M I2 (99.9%) in 3-methoxypropionitrile,"TiO2, 10uM thickness",0.35,209 nmol/cm2,-,-,0,0
710.0,4.12,0.71,1.65,OPV-AN-I,TiO2 8-12 uM thickness,0.16,-,-,-,0,0
610.0,8.47,0.6,2.39,0.5 M LiI (99.9%) and 0.05 M I2 (99.9%) in 3-methoxypropionitrile,"TiO2, 10uM thickness",0.35,-,-,-,0,0
640.0,10.41,0.72,3.96,"0.1 M lithium iodide, 0.6 M dimethylpropyl-imidazolium iodide (DMPII), 0.03 M I2, 0.5 M 4-tert-butylpyridine (4-TBP) in a mixed solvent of acetonitrile and 3-methoxypropionitrile (1:1, v/v)","TiO2, 12uM thickness",0.09,121 nmol/cm2,-,-,0,0
720.0,7.01,0.74,2.85,"0.1 M lithium iodide, 0.6 M dimethylpropyl-imidazolium iodide (DMPII), 0.03 M I2, 0.5 M 4-tert-butylpyridine (4-TBP) in a mixed solvent of acetonitrile and 3-methoxypropionitrile (1:1, v/v)","TiO2, 12uM thickness",0.09,-,-,-,0,0
650.0,10.51,0.72,4.19,"0.1 M lithium iodide, 0.6 M dimethylpropyl-imidazolium iodide (DMPII), 0.03 M I2, 0.5 M 4-tert-butylpyridine (4-TBP) in a mixed solvent of acetonitrile and 3-methoxypropionitrile (1:1, v/v)","TiO2, 12uM thickness",0.09,-,CDCA 1mM,-,1,0
690.0,12.16,0.69,4.68,"0.1 M lithium iodide, 0.6 M dimethylpropyl-imidazolium iodide (DMPII), 0.03 M I2, 0.5 M 4-tert-butylpyridine (4-TBP) in a mixed solvent of acetonitrile and 3-methoxypropionitrile (1:1, v/v)","TiO2, 12uM thickness",0.09,-,CDCA 10mM,-,1,0
770.0,11.43,0.69,4.66,"0.1 M lithium iodide, 0.6 M dimethylpropyl-imidazolium iodide (DMPII), 0.03 M I2, 0.5 M 4-tert-butylpyridine (4-TBP) in a mixed solvent of acetonitrile and 3-methoxypropionitrile (1:1, v/v)","TiO2, 12uM thickness",0.09,-,CDCA 1mM,-,1,0
760.0,8.02,0.72,3.0,"0.1 M lithium iodide, 0.6 M dimethylpropyl-imidazolium iodide (DMPII), 0.03 M I2, 0.5 M 4-tert-butylpyridine (4-TBP) in a mixed solvent of acetonitrile and 3-methoxypropionitrile (1:1, v/v)","TiO2, 12uM thickness",0.09,-,CDCA 10mM,-,1,0
530.0,10.41,0.72,3.96,"0.1 M lithium iodide, 0.6 M dimethylpropyl-imidazolium iodide (DMPII), 0.03 M I2, 0.5 M 4-tert-butylpyridine (4-TBP) in a mixed solvent of acetonitrile and 3-methoxypropionitrile (1:1, v/v)",TiO2 film,0.09,209 nmol/cm2,-,-,0,0
550.0,10.51,0.72,4.19,"0.1 M lithium iodide, 0.6 M dimethylpropyl-imidazolium iodide (DMPII), 0.03 M I2, 0.5 M 4-tert-butylpyridine (4-TBP) in a mixed solvent of acetonitrile and 3-methoxypropionitrile (1:1, v/v)",TiO2 film,0.09,-,CDCA 1mM,-,1,0
560.0,12.16,0.69,4.68,"0.1 M lithium iodide, 0.6 M dimethylpropyl-imidazolium iodide (DMPII), 0.03 M I2, 0.5 M 4-tert-butylpyridine (4-TBP) in a mixed solvent of acetonitrile and 3-methoxypropionitrile (1:1, v/v)",TiO2 film,0.09,-,CDCA 10mM,-,1,0
550.0,7.01,0.74,2.85,"0.1 M lithium iodide, 0.6 M dimethylpropyl-imidazolium iodide (DMPII), 0.03 M I2, 0.5 M 4-tert-butylpyridine (4-TBP) in a mixed solvent of acetonitrile and 3-methoxypropionitrile (1:1, v/v)",TiO2 film,0.09,121 nmol/cm2,-,-,0,0
610.0,11.43,0.69,4.66,"0.1 M lithium iodide, 0.6 M dimethylpropyl-imidazolium iodide (DMPII), 0.03 M I2, 0.5 M 4-tert-butylpyridine (4-TBP) in a mixed solvent of acetonitrile and 3-methoxypropionitrile (1:1, v/v)",TiO2 film,0.09,-,CDCA 1mM,-,1,0
550.0,8.02,0.72,3.17,"0.1 M lithium iodide, 0.6 M dimethylpropyl-imidazolium iodide (DMPII), 0.03 M I2, 0.5 M 4-tert-butylpyridine (4-TBP) in a mixed solvent of acetonitrile and 3-methoxypropionitrile (1:1, v/v)",TiO2 film,0.09,-,CDCA 10mM,-,1,0
609.0,9.83,0.7,5.02,"0.6 M 3-hexyl-1,2-dimethyl imidazolium iodide, 0.04 M iodine, 0.025 M LiI, 0.05 M guanidium thiocyanate, and 0.28 M tert-butylpyridine in acetonitrile",TiO2 13uM thickness,0.18,-,CDCA 10mM,-,1,0
714.0,11.5,0.66,5.15,"0.6 M 3-hexyl-1,2-dimethyl imidazolium iodide, 0.04 M iodine, 0.025 M LiI, 0.05 M guanidium thiocyanate, and 0.28 M tert-butylpyridine in acetonitrile",TiO2 13uM thickness,0.18,-,CDCA 10mM,-,1,0
874.0,7.85,0.71,3.87,"0.6 M 3-hexyl-1,2-dimethyl imidazolium iodide, 0.04 M iodine, 0.025 M LiI, 0.05 M guanidium thiocyanate, and 0.28 M tert-butylpyridine in acetonitrile",TiO2 13uM thickness,0.18,-,CDCA 10mM,-,1,0
919.0,9.11,0.68,3.76,"0.6 M 3-hexyl-1,2-dimethyl imidazolium iodide, 0.04 M iodine, 0.025 M LiI, 0.05 M guanidium thiocyanate, and 0.28 M tert-butylpyridine in acetonitrile",TiO2 13uM thickness,0.18,-,CDCA 10mM,-,1,0
802.0,11.0,0.64,4.8,"0.6 M 1,2-dimethyl-3-n-propylimidazolium iodide (DMPImI) + 0.1 M LiI + 0.05 M I2 + 0.5 M 4-tertbutylpyridine (TBP) in acetonitrile",TiO2 4.8 uM thickness,0.16,-,-,-,0,0
728.0,1.1,0.67,4.6,"0.6 M 1,2-dimethyl-3-n-propylimidazolium iodide (DMPImI) + 0.1 M LiI + 0.05 M I2 + 0.5 M 4-tertbutylpyridine (TBP) in acetonitrile",TiO2 4.6 uM thickness,0.16,-,-,-,0,0
796.0,11.0,0.6,4.7,"0.6 M 1,2-dimethyl-3-n-propylimidazolium iodide (DMPImI) + 0.1 M LiI + 0.05 M I2 + 0.5 M 4-tertbutylpyridine (TBP) in acetonitrile",TiO2 4.7 uM thickness,0.16,-,-,-,0,0
701.0,1.2,0.66,5.0,"0.6 M 1,2-dimethyl-3-n-propylimidazolium iodide (DMPImI) + 0.1 M LiI + 0.05 M I2 + 0.5 M 4-tertbutylpyridine (TBP) in acetonitrile",TiO2 5 uM thickness,0.16,-,-,-,0,0
755.0,11.0,0.64,5.0,"0.6 M 1,2-dimethyl-3-n-propylimidazolium iodide (DMPImI) + 0.1 M LiI + 0.05 M I2 + 0.5 M 4-tertbutylpyridine (TBP) in acetonitrile",TiO2 5 uM thickness,0.16,-,-,-,0,0
795.0,13.1,0.62,6.3,"0.6 M 1,2-dimethyl-3-n-propylimidazolium iodide (DMPImI) + 0.1 M LiI + 0.05 M I2 + 0.5 M 4-tertbutylpyridine (TBP) in acetonitrile",TiO2 6.3 uM thickness,0.25,-,-,-,0,0
743.0,14.5,0.71,7.8,"0.6 M 1,2-dimethyl-3-n-propylimidazolium iodide (DMPImI) + 0.1 M LiI + 0.05 M I2 + 0.5 M 4-tertbutylpyridine (TBP) in acetonitrile",TiO2 7.8 uM thickness,0.25,-,-,-,0,0
700.0,14.5,0.69,7.3,"0.6 M 1,2-dimethyl-3-n-propylimidazolium iodide (DMPImI) + 0.1 M LiI + 0.05 M I2 + 0.5 M 4-tertbutylpyridine (TBP) in acetonitrile",TiO2 7.3 uM thickness,0.25,-,-,-,0,0
650.0,16.0,0.71,8.1,"0.6 M 1,2-dimethyl-3-n-propylimidazolium iodide (DMPImI) + 0.1 M LiI + 0.05 M I2 + 0.5 M 4-tertbutylpyridine (TBP) in acetonitrile",TiO2 8.1 uM thickness,0.25,-,-,-,0,0
741.0,3.76,0.77,1.79,"0.6 M 3-hexyl-1,2-dimethyl imidazolium iodide, 0.04 M iodine, 0.025 M LiI, 0.05 M guanidium thiocyanate, and 0.28 M tert-butylpyridine in acetonitrile",TiO2 13uM thickness,0.18,-,CDCA 10mM,-,1,0
636.0,1.39,0.73,0.55,"0.6 M 3-hexyl-1,2-dimethyl imidazolium iodide, 0.04 M iodine, 0.025 M LiI, 0.05 M guanidium thiocyanate, and 0.28 M tert-butylpyridine in acetonitrile",TiO2 13uM thickness,0.18,-,CDCA 10mM,-,1,0
675.0,12.52,0.676,5.6,iodide/triiodide,TiO2 thin film (20 um),,-,-,-,0,0
728.0,4.65,0.64,2.71,"0.6 M 1-methyl-3-propylimidazolium iodide (PMII), 0.10 M guanidinium thiocyanate, 0.03 M I2 , 0.5 M tert-butylpyridine in acetonitrile and valeronitrile (85:15)",TiO2 thin film (14 um transparent layer and 4 um scattering layer),0.16,81 nmol/cm2,0.1 mM CDCA,-,1,0
570.0,4.7,0.78,2.1,"0.3 M HMII, 0.5 M LiI, 0.05 M I2 and 0.5 M TBP in MPN",TiO2 thin film (12 um thick 15-20 nm particles with scattering layer 4um containing 300-500 nm particles),0.2,-,-,-,0,0
570.0,4.7,0.78,2.1,"0.3 M HMII, 0.5 M LiI, 0.05 M I2 and 0.5 M TBP in MPN",TiO2 thin film (12 um thick film with 15-20 nm particles as the transparent layer and 4 um of 300-500 nm particles as the scattering layer),0.2,-,-,-,0,0
448.0,6.0,0.732,2.0,"0.6 M 1,2-dimetyl-3-propyl imidazolium iodide, 0.05 M iodine, 0.1 M LiI in acetonitrile",TiO2 thin film (13 um thick with 4 um scattering layer containing 400 nm particles),,-,10 mM CDCA,-,1,0
580.0,13.75,0.69,5.52,"0.6 M 1-butyl-3-methylimidazolium iodide (BMII), 0.05 M LiI, 0.03 M I2, 0.5 M 4-tert-butylpyridine, and 0.1 M guanidinium thiocyanate in a mixture of acetonitrile–valeronitrile (85:15, v/v)",TiO2 film (12 um thick + 4 um scattering layer),0.125,-,-,-,0,0
706.0,16.36,0.645,7.5,"0.6 M DMPII, 0.06 M LiI, 0.4 M TBP, 0.02 M I2 in dry acetonitrile",TiO2 films (10 um in thickness) with a scattering layer (4 um),0.1256,-,-,-,0,0
730.0,12.08,0.69,5.07,OPV-AN-I,TiO2 8-12 uM thickness,0.16,-,-,-,0,0
767.0,10.99,0.69,5.4,OPV-AN-I,TiO2 8-12 uM thickness,0.16,-,-,-,0,0
792.0,10.2,0.65,5.1,"0.6 M DMPImI, 0.1 M LiI, 0.05 M I2, 0.5 M TBP in acetonitrile",TiO2 6uM thickness,0.2399,-,-,-,0,0
580.0,9.71,0.72,5.3,"0.6 M DMPImI, 0.1 M LiI, 0.05 M I2, 0.5 M TBP in acetonitrile",TiO2 6uM thickness,0.2399,-,-,-,0,0
660.0,9.73,0.72,5.4,"0.6 M DMPImI, 0.1 M LiI, 0.05 M I2, 0.5 M TBP in acetonitrile",TiO2 6uM thickness,0.2399,-,-,-,0,0
938.0,3.9,0.681,1.56,"0.6 M propyl methyl imidazolium iodide, 0.03 M I2, 0.1 M guanidine thiocyanate and 0.5 M tributyl phosphate in the solution of 85:15 ratio of acetonitrile and Valeronitrile",TiO2 12uM thickness,0.2399,-,-,-,0,0
627.0,7.37,0.686,3.29,"0.6 M propyl methyl imidazolium iodide, 0.03 M I2, 0.1 M guanidine thiocyanate and 0.5 M tributyl phosphate in the solution of 85:15 ratio of acetonitrile and Valeronitrile",TiO2 12uM thickness,0.2399,-,-,-,0,0
620.0,8.3,0.738,3.8,"0.6 M propyl methyl imidazolium iodide, 0.03 M I2, 0.1 M guanidine thiocyanate and 0.5 M tributyl phosphate in the solution of 85:15 ratio of acetonitrile and Valeronitrile",TiO2 12uM thickness,0.2399,-,-,-,0,0
632.0,4.85,0.735,2.36,"0.6 M propyl methyl imidazolium iodide, 0.03 M I2, 0.1 M guanidine thiocyanate and 0.5 M tributyl phosphate in the solution of 85:15 ratio of acetonitrile and Valeronitrile",TiO2 12uM thickness,0.2399,-,-,-,0,0
639.0,3.22,0.73,1.53,"0.6 M propyl methyl imidazolium iodide, 0.03 M I2, 0.1 M guanidine thiocyanate and 0.5 M tributyl phosphate in the solution of 85:15 ratio of acetonitrile and Valeronitrile",TiO2 12uM thickness,0.2399,-,-,-,0,0
673.0,2.43,0.711,1.2,"0.6 M propyl methyl imidazolium iodide, 0.03 M I2, 0.1 M guanidine thiocyanate and 0.5 M tributyl phosphate in the solution of 85:15 ratio of acetonitrile and Valeronitrile",TiO2 12uM thickness,0.2399,-,-,-,0,0
638.0,9.68,0.74,4.56,"0.6 M 1-methyl-3-propylimidazolium iodide (PMII), 0.10 M guanidinium thiocyanate, 0.05 M LiI, 0.07 M I2 and 0.5 M tert-butylpyridine in acetonitrile/Valeronitrile (85:15)",TiO2 films (12 um in thickness) with a scattering layer (4 um),0.16,-,-,-,0,0
830.0,13.33,0.62,6.87,"3-dimethylimidazolium iodide (1.0 M), LiI (0.05 M), I 2 (0.03 M), guanidinium thiocyanate (0.1 M), and TBP (0.5 M) in MeCN : valeronitrile (85 : 15, v/v)",TiO2 thin film (16-18 um),0.25,-,10mM DCA,-,1,0
830.0,14.33,0.65,7.78,"3-dimethylimidazolium iodide (1.0 M), LiI (0.05 M), I 2 (0.03 M), guanidinium thiocyanate (0.1 M), and TBP (0.5 M) in MeCN : valeronitrile (85 : 15, v/v)",TiO2 thin film (16-18 um),0.25,-,10mM DCA,-,1,0
800.0,13.03,0.67,6.98,"3-dimethylimidazolium iodide (1.0 M), LiI (0.05 M), I 2 (0.03 M), guanidinium thiocyanate (0.1 M), and TBP (0.5 M) in MeCN : valeronitrile (85 : 15, v/v)",TiO2 thin film (16-18 um),0.25,-,10mM DCA,-,1,0
820.0,12.98,0.6,6.44,"3-dimethylimidazolium iodide (1.0 M), LiI (0.05 M), I 2 (0.03 M), guanidinium thiocyanate (0.1 M), and TBP (0.5 M) in MeCN : valeronitrile (85 : 15, v/v)",TiO2 thin film (16-18 um),0.25,-,-,-,0,0
820.0,14.0,0.64,7.38,"3-dimethylimidazolium iodide (1.0 M), LiI (0.05 M), I 2 (0.03 M), guanidinium thiocyanate (0.1 M), and TBP (0.5 M) in MeCN : valeronitrile (85 : 15, v/v)",TiO2 thin film (16-18 um),0.25,-,-,-,0,0
780.0,12.87,0.65,6.52,"3-dimethylimidazolium iodide (1.0 M), LiI (0.05 M), I 2 (0.03 M), guanidinium thiocyanate (0.1 M), and TBP (0.5 M) in MeCN : valeronitrile (85 : 15, v/v)",TiO2 thin film (16-18 um),0.25,-,-,-,0,0
820.0,10.25,0.6,5.05,"3-dimethylimidazolium iodide (1.0 M), LiI (0.05 M), I 2 (0.03 M), guanidinium thiocyanate (0.1 M), and TBP (0.5 M) in MeCN : valeronitrile (85 : 15, v/v)",TiO2 thin film (16-18 um),0.25,-,-,-,0,0
770.0,12.21,0.58,5.44,"3-dimethylimidazolium iodide (1.0 M), LiI (0.05 M), I 2 (0.03 M), guanidinium thiocyanate (0.1 M), and TBP (0.5 M) in MeCN : valeronitrile (85 : 15, v/v)",TiO2 thin film (16-18 um),0.25,-,-,-,0,0
540.0,3.64,0.65,1.29,iodide/triiodide,TiO2 film,,101 nmol/cm2,-,-,0,0
525.0,3.94,0.628,1.3,iodide/triiodide,TiO2 thin film (20 um),,-,-,-,0,0
675.0,14.96,0.682,6.8,iodide/triiodide,TiO2 thin film (20 um),,-,-,-,0,0
575.0,1.28,0.58,0.5,"0.6 M tetrabutylammonium iodide (TBAI), 0.1 M lithium iodide, 0.05 M iodine and 0.5 M 4-tert-butylpyridine (TBP) in 5 mL of acetonitrile",TiO2 thin film (13 um),0.78,-,-,-,0,0
615.0,3.64,0.57,1.3,"0.6 M tetrabutylammonium iodide (TBAI), 0.1 M lithium iodide, 0.05 M iodine and 0.5 M 4-tert-butylpyridine (TBP) in 5 mL of acetonitrile",TiO2 thin film (13 um),0.78,-,-,-,0,0
698.0,3.87,0.65,1.8,"0.6 M tetrabutylammonium iodide (TBAI), 0.1 M lithium iodide, 0.05 M iodine and 0.5 M 4-tert-butylpyridine (TBP) in 5 mL of acetonitrile",TiO2 thin film (13 um),0.78,-,-,-,0,0
683.0,4.46,0.6,1.9,"0.6 M tetrabutylammonium iodide (TBAI), 0.1 M lithium iodide, 0.05 M iodine and 0.5 M 4-tert-butylpyridine (TBP) in 5 mL of acetonitrile",TiO2 thin film (13 um),0.78,-,-,-,0,0
638.0,3.33,0.57,1.2,"0.6 M tetrabutylammonium iodide (TBAI), 0.1 M lithium iodide, 0.05 M iodine and 0.5 M 4-tert-butylpyridine (TBP) in 5 mL of acetonitrile",TiO2 thin film (13 um),0.78,-,-,-,0,0
627.0,1.77,0.59,0.6,"0.6 M tetrabutylammonium iodide (TBAI), 0.1 M lithium iodide, 0.05 M iodine and 0.5 M 4-tert-butylpyridine (TBP) in 5 mL of acetonitrile",TiO2 thin film (13 um),0.78,-,-,-,0,0
607.0,2.0,0.58,0.7,"0.6 M tetrabutylammonium iodide (TBAI), 0.1 M lithium iodide, 0.05 M iodine and 0.5 M 4-tert-butylpyridine (TBP) in 5 mL of acetonitrile",TiO2 thin film (13 um),0.78,-,-,-,0,0
411.0,3.1,0.724,0.9,"0.6 M 1,2-dimetyl-3-propyl imidazolium iodide, 0.05 M iodine, 0.1 M LiI in acetonitrile",TiO2 thin film (13 um thick with 4 um scattering layer containing 400 nm particles),,-,-,-,0,0
818.5,9.23,0.7597,5.74,"0.7 M 1-methyl-3-propylimidazolium iodide (PMII), 0.2 M LiI, 0.05 M I2  and 0.5 M 4-tert-butylpyr-idine in a mixed solvent of acetonitrile and valeronitrile (v/v, 85/18)",TiO2 thin film (8 um thick 20 nm particles with scattering layer containing 250 nm particles),0.25,103 nmol/cm2,-,-,0,0
768.7,10.26,0.7224,5.7,"0.7 M 1-methyl-3-propylimidazolium iodide (PMII), 0.2 M LiI, 0.05 M I2  and 0.5 M 4-tert-butylpyr-idine in a mixed solvent of acetonitrile and valeronitrile (v/v, 85/18)",TiO2 thin film (8 um thick 20 nm particles with scattering layer containing 250 nm particles),0.25,117 nmol/cm2,-,-,0,0
781.7,10.2,0.755,6.02,"0.7 M 1-methyl-3-propylimidazolium iodide (PMII), 0.2 M LiI, 0.05 M I2  and 0.5 M 4-tert-butylpyr-idine in a mixed solvent of acetonitrile and valeronitrile (v/v, 85/18)",TiO2 thin film (8 um thick 20 nm particles with scattering layer containing 250 nm particles),0.25,223 nmol/cm2,-,-,0,0
730.6,10.98,0.7213,5.78,"0.7 M 1-methyl-3-propylimidazolium iodide (PMII), 0.2 M LiI, 0.05 M I2  and 0.5 M 4-tert-butylpyr-idine in a mixed solvent of acetonitrile and valeronitrile (v/v, 85/18)",TiO2 thin film (8 um thick 20 nm particles with scattering layer containing 250 nm particles),0.25,245 nmol/cm2,-,-,0,0
734.0,13.01,0.68,6.49,"0.6 M 1,2-dimethyl-3-n-propylimidazolium iodide (DMPImI), 0.1 M LiI, 0.05 M I2 , and 0.5 M tertbutylpyridine (TBP) in acetonitrile",TiO2 thin film (12 um thick),0.18,150 nmol/cm2,-,-,0,0
674.0,10.02,0.69,4.64,"0.6 M 1-methyl-3-propylimidazolium iodide (PMII), 0.10 M guanidinium thiocyanate (GuSCN), 0.03 M I2, 0.5 M tertbutylpyridine in acetonitrile and valeronitrile (85:15)",TiO2 thin film (20 nm particle size),,95 nmol/cm2 + 52 nmol/cm2,-,-,0,0
679.0,9.13,0.71,4.4,"0.6 M 1-methyl-3-propylimidazolium iodide (PMII), 0.10 M guanidinium thiocyanate (GuSCN), 0.03 M I2, 0.5 M tertbutylpyridine in acetonitrile and valeronitrile (85:15)",TiO2 thin film (20 nm particle size),,123 nmol/cm2,-,-,0,0
705.0,12.63,0.69,6.14,"0.6 M 1,2-dimethyl-3-n-propylimidazolium iodide (DMPImI), 0.1 M LiI, 0.05 M I2 , and 0.5 M tertbutylpyridine (TBP) in acetonitrile",TiO2 thin film (12 um thick),0.18,110 nmol/cm2,-,-,0,0
748.0,14.02,0.68,7.13,"0.6 M 1,2-dimethyl-3-n-propylimidazolium iodide (DMPImI), 0.1 M LiI, 0.05 M I2 , and 0.5 M tertbutylpyridine (TBP) in acetonitrile",TiO2 thin film (12 um thick),0.18,170 nmol/cm2,-,-,0,0
710.0,12.96,0.71,6.63,"0.6 M 1,2-dimethyl-3-n-propylimidazolium iodide (DMPImI), 0.1 M LiI, 0.05 M I2 , and 0.5 M tertbutylpyridine (TBP) in acetonitrile",TiO2 thin film (12 um thick),0.18,180 nmol/cm2,-,-,0,0
636.0,18.692,0.6137,7.3,"3-propyl-1-methyl-imidazolium iodide (PMII, 1 M), lithium iodide (LiI, 0.2 M), iodide (I2 , 0.05 M), and tert-butylpyridine (TBP, 0.5 M) in acetonitrile/valeronitrile (85:15)",TiO2 thin film (scattering layer containing 400 nm particles),0.24,-,-,-,0,0
606.0,15.864,0.6287,6.04,"3-propyl-1-methyl-imidazolium iodide (PMII, 1 M), lithium iodide (LiI, 0.2 M), iodide (I2 , 0.05 M), and tert-butylpyridine (TBP, 0.5 M) in acetonitrile/valeronitrile (85:15)",TiO2 thin film (scattering layer containing 400 nm particles),0.24,-,-,-,0,0
530.0,5.63,0.68,2.02,iodide/triiodide,TiO2 film,,159 nmol/cm2,-,-,0,0
690.0,9.36,0.69,4.47,"1-propyl-2,3-dimethylimidazolium iodide (1.2 M), iodine (0.035 M), tert-butylpyridine (0.5 M) and guanidine thiocyanate (0.1 M) in acetonitrile/3-methoxypropionitrile mixture (8:2)",TiO2 film (12 um transparent + 4 um scattering layer),0.16,-,-,-,0,0
645.0,15.18,0.69,6.72,"0.1 M LiI, 0.05 M I2, 0.6 M DMPII, 0.5 M tert-butyl pyridine (TBP) in acetonitile (ACN)",TiO2 thin film (12 um + 4 um scattering layer),0.25,-,-,-,0,0
708.0,11.69,0.653,5.4,"0.6 M butylmethylimidazolium iodide, 0.03 M I 2 , 0.1 M guanidinium thiocyanate, 0.5 M 4-tert-butylpyridine in acetonitrile and valeronitrile (85:15)",TiO2 thin film (13 um),,-,-,-,0,0
706.0,7.14,0.556,2.8,"0.6 M butylmethylimidazolium iodide, 0.03 M I 2 , 0.1 M guanidinium thiocyanate, 0.5 M 4-tert-butylpyridine in acetonitrile and valeronitrile (85:15)",TiO2 thin film (13 um),,-,-,-,0,0
662.0,9.77,0.671,4.34,"0.6 M butylmethylimidazolium iodide, 0.03 M I 2 , 0.1 M guanidinium thiocyanate, 0.5 M 4-tert-butylpyridine in acetonitrile and valeronitrile (85:15)",TiO2 thin film (13 um),,-,0.3 mM CDCA,-,1,0
635.0,6.71,0.66,2.83,"1-propyl-2,3-dimethylimidazolium iodide (1.2 M), iodine (0.035 M), tert-butylpyridine (0.5 M) and guanidine thiocyanate (0.1 M) in acetonitrile/3-methoxypropionitrile mixture (8:2)",TiO2 film (12 um transparent + 4 um scattering layer),0.16,-,-,-,0,0
800.0,3.33,0.62,1.65,bromide/tribromide,TiO2 film,0.18,-,-,-,0,0
920.0,4.47,0.68,2.81,"bromide/tribromide, propyl isonicotinate",TiO2 film,0.18,-,-,-,0,0
715.0,12.4,0.741,6.6,"0.04 M I2 , 0.06 M LiI, 0.4 M 4-tert-butylpyridine (4-TBP), and 0.6 M 3-propyl-1,2-dimethylimidazolium iodide (DMPII) in MeCN",TiO2 thin film (12 um thick with 4 um scattering layer),0.159,-,saturated CDCA,-,1,0
708.0,13.7,0.724,7.0,"0.04 M I2 , 0.06 M LiI, 0.4 M 4-tert-butylpyridine (4-TBP), and 0.6 M 3-propyl-1,2-dimethylimidazolium iodide (DMPII) in MeCN",TiO2 thin film (12 um thick with 4 um scattering layer),0.159,-,1 mM CDCA,-,1,0
706.0,13.1,0.723,6.7,"0.04 M I2 , 0.06 M LiI, 0.4 M 4-tert-butylpyridine (4-TBP), and 0.6 M 3-propyl-1,2-dimethylimidazolium iodide (DMPII) in MeCN",TiO2 thin film (12 um thick with 4 um scattering layer),0.159,-,-,-,0,0
710.0,13.6,0.736,7.1,"0.04 M I2 , 0.06 M LiI, 0.4 M 4-tert-butylpyridine (4-TBP), and 0.6 M 3-propyl-1,2-dimethylimidazolium iodide (DMPII) in MeCN",TiO2 thin film (12 um thick with 4 um scattering layer),0.159,160 nmol/cm2,2 mM CDCA,-,1,0
702.0,13.1,0.748,6.9,"0.04 M I2 , 0.06 M LiI, 0.4 M 4-tert-butylpyridine (4-TBP), and 0.6 M 3-propyl-1,2-dimethylimidazolium iodide (DMPII) in MeCN",TiO2 thin film (12 um thick with 4 um scattering layer),0.159,180 nmol/cm2,2 mM CDCA,-,1,0
429.0,6.0,0.734,1.9,"0.6 M 1,2-dimetyl-3-propyl imidazolium iodide, 0.05 M iodine, 0.1 M LiI in acetonitrile",TiO2 thin film (13 um thick with 4 um scattering layer containing 400 nm particles),,-,10 mM CDCA,-,1,0
412.0,2.9,0.737,0.9,"0.6 M 1,2-dimetyl-3-propyl imidazolium iodide, 0.05 M iodine, 0.1 M LiI in acetonitrile",TiO2 thin film (13 um thick with 4 um scattering layer containing 400 nm particles),,-,-,-,0,0
440.0,5.6,0.738,1.8,"0.6 M 1,2-dimetyl-3-propyl imidazolium iodide, 0.05 M iodine, 0.1 M LiI in acetonitrile",TiO2 thin film (13 um thick with 4 um scattering layer containing 400 nm particles),,-,10 mM CDCA,-,1,0
412.0,2.5,0.729,0.8,"0.6 M 1,2-dimetyl-3-propyl imidazolium iodide, 0.05 M iodine, 0.1 M LiI in acetonitrile",TiO2 thin film (13 um thick with 4 um scattering layer containing 400 nm particles),,-,-,-,0,0
404.0,4.9,0.726,1.4,"0.6 M 1,2-dimetyl-3-propyl imidazolium iodide, 0.05 M iodine, 0.1 M LiI in acetonitrile",TiO2 thin film (13 um thick with 4 um scattering layer containing 400 nm particles),,-,10 mM CDCA,-,1,0
402.0,1.9,0.694,0.5,"0.6 M 1,2-dimetyl-3-propyl imidazolium iodide, 0.05 M iodine, 0.1 M LiI in acetonitrile",TiO2 thin film (13 um thick with 4 um scattering layer containing 400 nm particles),,-,-,-,0,0
740.0,6.98,0.69,3.56,"0.05 M I2 , 0.5 M LiI, and 0.5 M tert-butylpyridine in acetonitrile",TiO2 thin film (15 um),0.237,216 nmol/cm2,-,-,0,0
740.0,7.86,0.71,4.13,"0.05 M I2 , 0.5 M LiI, and 0.5 M tert-butylpyridine in acetonitrile",TiO2 thin film (15 um),0.237,233 nmol/cm2,-,-,0,0
628.0,6.94,0.75,3.26,"0.6 M 1-methyl-3-propylimidazolium iodide (PMII), 0.10 M guanidinium thiocyanate, 0.05 M LiI, 0.07 M I2 and 0.5 M tert-butylpyridine in acetonitrile/Valeronitrile (85:15)",TiO2 films (12 um in thickness) with a scattering layer (4 um),0.16,-,-,-,0,0
656.0,11.65,0.68,5.16,"0.6 M 1-methyl-3-propylimidazolium iodide (PMII), 0.10 M guanidinium thiocyanate, 0.05 M LiI, 0.07 M I2 and 0.5 M tert-butylpyridine in acetonitrile/Valeronitrile (85:15)",TiO2 films (12 um in thickness) with a scattering layer (4 um),0.16,-,-,-,0,0
720.0,11.1,0.749,6.0,"0.6 M DMPII, 0.06 M LiI, 0.4 M TBP, 0.02 M I2 in dry acetonitrile (AN)",TiO2 thin film (10 um thick with scattering layer 4um),0.159,-,-,-,0,0
615.0,14.5,0.67,6.1,cobalt,TiO2 thin film (10 um thick with scattering layer 4um),0.12,-,-,-,0,0
540.0,13.9,0.715,5.4,"0.6 M 1, 2 - dimethyl - 3 - propyl imidazole iodide (DMPII), 0.25 M LiI, 0.01 M I2 , 0.05 M tetranbutylammoniumiodide (TBAI) in AN",TiO2 thin film (10 um thick with scattering layer 4um),0.12,-,-,-,0,0
680.0,11.19,0.6497,4.97,"0.7 M 1-propryl-3-methyl-imidazolium iodide (PMII), 0.2 M LiI, 0.05 M I2 0.5 M TBP in acetonitrileevaleronitrile (v/v, 85/15)",TiO2 film (8 um),,142 nmol/cm2,10 mM CDCA,-,1,0
660.0,8.5,0.79,4.4,"0.3 M HMII, 0.5 M LiI, 0.05 M I2 and 0.5 M TBP in MPN",TiO2 thin film (12 um thick 15-20 nm particles with scattering layer 4um containing 300-500 nm particles),0.2,-,-,-,0,0
601.0,2.07,0.802,1.0,"0.6 M DMPII, 0.25 M LiI, 0.01 M I2 0.1 M TBP in CH3CN",TiO2,0.12,-,-,-,0,0
494.0,13.67,0.726,4.9,"0.6 M DMPII, 0.25 M LiI, 0.01 M I2 in CH3CN",TiO2,0.12,-,-,-,0,0
714.0,13.2,0.768,7.3,"0.6 M DMPII, 0.06 M LiI, 0.04 M I2 , 0.4 M TBP in CH3CN",TiO2,0.12,-,-,-,0,0
693.0,13.26,0.741,6.8,"0.6 M DMPII, 0.25 M LiI, 0.01 M I2 0.1 M TBP in CH3CN",TiO2,0.12,-,-,-,0,0
640.0,14.23,0.719,6.6,"0.6 M DMPII, 0.25 M LiI, 0.01 M I2 in CH3CN",TiO2,0.12,-,-,-,0,0
756.0,11.85,0.72,6.4,"0.6 M DMPII, 0.06 M LiI, 0.04 M I2 , 0.4 M TBP in CH3CN",TiO2,0.12,-,-,-,0,0
709.0,11.6,0.706,5.8,"0.6 M DMPII, 0.25 M LiI, 0.01 M I2 0.1 M TBP in CH3CN",TiO2,0.12,-,-,-,0,0
664.0,12.35,0.697,5.7,"0.6 M DMPII, 0.25 M LiI, 0.01 M I2 in CH3CN",TiO2,0.12,-,-,-,0,0
680.0,14.91,0.66,6.67,"0.5m lithium iodide (LiI), 0.05m iodine (I2), and 0.5m 4-tert-butylpyridine in acetonitrile","TiO2 thin film (12 um of 20 nm particles as
the absorbing layer and 6 mm of 400 nm particles as the scattering layer)",,-,10 mM CDCA,-,1,0
690.0,15.88,0.67,7.31,"0.5m lithium iodide (LiI), 0.05m iodine (I2), and 0.5m 4-tert-butylpyridine in acetonitrile","TiO2 thin film (12 um of 20 nm particles as
the absorbing layer and 6 mm of 400 nm particles as the scattering layer)",,745 nmol/cm2,-,-,0,0
700.0,13.23,0.7,6.48,"0.5m lithium iodide (LiI), 0.05m iodine (I2), and 0.5m 4-tert-butylpyridine in acetonitrile","TiO2 thin film (12 um of 20 nm particles as
the absorbing layer and 6 mm of 400 nm particles as the scattering layer)",,-,10 mM CDCA,-,1,0
680.0,14.82,0.68,6.85,"0.5m lithium iodide (LiI), 0.05m iodine (I2), and 0.5m 4-tert-butylpyridine in acetonitrile","TiO2 thin film (12 um of 20 nm particles as
the absorbing layer and 6 mm of 400 nm particles as the scattering layer)",,552 nmol/cm2,-,-,0,0
670.0,13.52,0.69,6.29,"0.5m lithium iodide (LiI), 0.05m iodine (I2), and 0.5m 4-tert-butylpyridine in acetonitrile","TiO2 thin film (12 um of 20 nm particles as
the absorbing layer and 6 mm of 400 nm particles as the scattering layer)",,-,10 mM CDCA,-,1,0
660.0,12.27,0.68,5.53,"0.5m lithium iodide (LiI), 0.05m iodine (I2), and 0.5m 4-tert-butylpyridine in acetonitrile","TiO2 thin film (12 um of 20 nm particles as
the absorbing layer and 6 mm of 400 nm particles as the scattering layer)",,1130 nmol/cm2,-,-,0,0
720.0,11.07,0.7,5.55,"0.5m lithium iodide (LiI), 0.05m iodine (I2), and 0.5m 4-tert-butylpyridine in acetonitrile","TiO2 thin film (12 um of 20 nm particles as
the absorbing layer and 6 mm of 400 nm particles as the scattering layer)",,-,10 mM CDCA,-,1,0
690.0,10.23,0.7,4.91,"0.5m lithium iodide (LiI), 0.05m iodine (I2), and 0.5m 4-tert-butylpyridine in acetonitrile","TiO2 thin film (12 um of 20 nm particles as
the absorbing layer and 6 mm of 400 nm particles as the scattering layer)",,479 nmol/cm2,-,-,0,0
769.0,13.98,0.73,7.8,"1.0 M 1,3-dimethylimidazolium (DMII), 0.02 M iodine (I2), 1 M 4-tertbutylpyridine (TBP), 0.1 M guanidinium thiocyanate (GNCS) and 0.05 M LiI in acetonitrile","TiO2 thin film (7 um of 25 nm particles as
the transparent layer and 5 um of 400 nm particles as the scattering layer)",0.158,-,-,-,0,0
744.0,12.58,0.71,6.6,"1.0 M 1,3-dimethylimidazolium (DMII), 0.02 M iodine (I2), 1 M 4-tertbutylpyridine (TBP), 0.1 M guanidinium thiocyanate (GNCS) and 0.05 M LiI in acetonitrile","TiO2 thin film (7 um of 25 nm particles as
the transparent layer and 5 um of 400 nm particles as the scattering layer)",0.158,-,-,-,0,0
787.0,11.18,0.7,6.19,"0.6 M 1-methyl-3-propylimidazolium iodide (PMII), 0.10 M guanidinium thiocyanate, 0.05 M LiI, 0.03 M I2 and 0.5M tert-butylpyridine) in acetonitrile/valeronitrile (85:15)",TiO2 film (16 um thick),0.16,-,1 mM CDCA,-,1,0
741.0,12.47,0.68,6.32,"0.6 M 1-methyl-3-propylimidazolium iodide (PMII), 0.10 M guanidinium thiocyanate, 0.05 M LiI, 0.03 M I2 and 0.5M tert-butylpyridine) in acetonitrile/valeronitrile (85:15)",TiO2 film (16 um thick),0.16,163 nmol/cm2,-,-,0,0
779.0,8.54,0.75,4.96,"0.6 M 1-methyl-3-propylimidazolium iodide (PMII), 0.10 M guanidinium thiocyanate, 0.05 M LiI, 0.03 M I2 and 0.5M tert-butylpyridine) in acetonitrile/valeronitrile (85:15)",TiO2 film (16 um thick),0.16,-,1 mM CDCA,-,1,0
677.0,11.28,0.69,5.23,"0.6 M 1-methyl-3-propylimidazolium iodide (PMII), 0.10 M guanidinium thiocyanate, 0.05 M LiI, 0.03 M I2 and 0.5M tert-butylpyridine) in acetonitrile/valeronitrile (85:15)",TiO2 film (16 um thick),0.16,156 nmol/cm2,-,-,0,0
715.0,14.37,0.66,6.82,"0.6 M, 1-methyl-3-propylimidazolium iodide (PMII), 0.10 M guanidinium thiocyanate, 0.03 M I2 and 0.5 M tert-butylpyridine) in acetonitrile/valeronitrile (85:15)",TiO2 film (18 um thick),0.16,142 nmol/cm2,-,-,0,0
633.0,12.35,0.66,5.12,"0.6 M, 1-methyl-3-propylimidazolium iodide (PMII), 0.10 M guanidinium thiocyanate, 0.03 M I2 and 0.5 M tert-butylpyridine) in acetonitrile/valeronitrile (85:15)",TiO2 film (18 um thick),0.16,106 nmol/cm2,-,-,0,0
721.0,13.35,0.66,6.34,"0.6 M, 1-methyl-3-propylimidazolium iodide (PMII), 0.10 M guanidinium thiocyanate, 0.03 M I2 and 0.5 M tert-butylpyridine) in acetonitrile/valeronitrile (85:15)",TiO2 film (18 um thick),0.16,117 nmol/cm2,-,-,0,0
510.0,7.06,0.67,2.43,iodide/triiodide,TiO2 film,,290 nmol/cm2,-,-,0,0
720.0,14.55,0.62,6.4,"1.0 M 1,3-dimethylimidazolium (DMII), 0.02 M iodine (I2), 1 M 4-tertbutylpyridine (TBP), 0.1 M guanidinium thiocyanate (GNCS) and 0.05 M LiI in acetonitrile","TiO2 thin film (7 um of 25 nm particles as
the transparent layer and 5 um of 400 nm particles as the scattering layer)",0.158,-,-,-,0,0
762.0,13.54,0.69,7.1,"1.0 M 1,3-dimethylimidazolium (DMII), 0.02 M iodine (I2), 1 M 4-tertbutylpyridine (TBP), 0.1 M guanidinium thiocyanate (GNCS) and 0.05 M LiI in acetonitrile","TiO2 thin film (7 um of 25 nm particles as
the transparent layer and 5 um of 400 nm particles as the scattering layer)",0.158,-,-,-,0,0
715.0,5.73,0.69,2.82,"0.6 M 1-methyl-3-propylimidazolium iodide (PMII), 0.10 M guanidinium thiocyanate, 0.03 M I2 , 0.5 M tert-butylpyridine in acetonitrile and valeronitrile (85:15)",TiO2 (20 nm particle size),,-,-,-,0,0
768.0,11.2,0.75,6.53,"1.0 M 1,3-dimethylimidazolium iodide, 0.03 M iodine, 0.1 M guanidinium thiocyanate, 0.5 M tert-butylpyridine, 0.05 M lithium iodide in acetonitrile : valeronitrile (85:15)",TiO2 thin film (8 um of 20 nm particles as the transparent layer and 5 um of 400 nm particles as the scattering layer),0.159,-,-,-,0,0
691.0,15.2,0.7,7.44,"1.0 M 1,3-dimethylimidazolium iodide, 0.03 M iodine, 0.1 M guanidinium thiocyanate, 0.5 M tert-butylpyridine, 0.05 M lithium iodide in acetonitrile : valeronitrile (85:15)",TiO2 thin film (8 um of 20 nm particles as the transparent layer and 5 um of 400 nm particles as the scattering layer),0.159,-,-,-,0,0
584.0,9.43,0.69,3.78,"0.6 M PMII (1-propyl-3-methylimidazolium iodide), 0.05 M I2 , 0.10 M LiI and 0.5 M 4-tert-butylpyridine in a mixture of acetonitrile and methoxypropionitrile (7 : 3)",TiO2 thin film (10 um of 13 nm particles as the transparent layer and 4 um of 400 nm particles as the scattering layer),0.25,112 nmol/cm2,-,-,0,0
592.0,10.84,0.69,4.41,"0.6 M PMII (1-propyl-3-methylimidazolium iodide), 0.05 M I2 , 0.10 M LiI and 0.5 M 4-tert-butylpyridine in a mixture of acetonitrile and methoxypropionitrile (7 : 3)",TiO2 thin film (10 um of 13 nm particles as the transparent layer and 4 um of 400 nm particles as the scattering layer),0.25,141 nmol/cm2,-,-,0,0
505.0,7.39,0.68,2.48,"0.6 M PMII (1-propyl-3-methylimidazolium iodide), 0.05 M I2 , 0.10 M LiI and 0.5 M 4-tert-butylpyridine in a mixture of acetonitrile and methoxypropionitrile (7 : 3)",TiO2 thin film (10 um of 13 nm particles as the transparent layer and 4 um of 400 nm particles as the scattering layer),0.25,97 nmol/cm2,-,-,0,0
544.0,5.95,0.66,2.13,0.5 M iodine and 0.45 M benzimidazole (BI) in pure 1-butyl-3-meth-ylimidazolium iodide (BMII) as redox electrolyte solidified with fumed silica nanoparticles (5 wt%),TiO2 thin film (10 um of 13 nm particles as the transparent layer and 4 um of 400 nm particles as the scattering layer),0.25,-,-,-,0,0
551.0,6.36,0.7,2.47,0.5 M iodine and 0.45 M benzimidazole (BI) in pure 1-butyl-3-meth-ylimidazolium iodide (BMII) as redox electrolyte solidified with fumed silica nanoparticles (5 wt%),TiO2 thin film (10 um of 13 nm particles as the transparent layer and 4 um of 400 nm particles as the scattering layer),0.25,-,-,-,0,0
536.0,5.45,0.7,2.04,0.5 M iodine and 0.45 M benzimidazole (BI) in pure 1-butyl-3-meth-ylimidazolium iodide (BMII) as redox electrolyte solidified with fumed silica nanoparticles (5 wt%),TiO2 thin film (10 um of 13 nm particles as the transparent layer and 4 um of 400 nm particles as the scattering layer),0.25,-,-,-,0,0
660.0,11.12,0.63,4.6,"acetonitrile solution containing LiI (0.5 M), I 2 (0.05 M) and 4-tert-butylpyridine (0.5 M)",TiO2 thin film (16-18 um),0.25,-,-,-,0,0
670.0,13.66,0.61,5.6,"acetonitrile solution containing LiI (0.5 M), I 2 (0.05 M) and 4-tert-butylpyridine (0.5 M)",TiO2 thin film (16-18 um),0.25,-,-,-,0,0
570.0,5.99,0.6,2.04,"acetonitrile solution containing LiI (0.5 M), I 2 (0.05 M) and 4-tert-butylpyridine (0.5 M)",TiO2 thin film (16-18 um),0.25,-,-,-,0,0
690.0,14.42,0.63,6.22,"acetonitrile solution containing LiI (0.5 M), I 2 (0.05 M) and 4-tert-butylpyridine (0.5 M)",TiO2 thin film (16-18 um),0.25,-,-,-,0,0
710.0,11.65,0.63,5.22,"acetonitrile solution containing LiI (0.5 M), I 2 (0.05 M) and 4-tert-butylpyridine (0.5 M)",TiO2 thin film (16-18 um),0.25,-,-,-,0,0
630.0,10.9,0.62,4.24,"acetonitrile solution containing LiI (0.5 M), I 2 (0.05 M) and 4-tert-butylpyridine (0.5 M)",TiO2 thin film (16-18 um),0.25,-,-,-,0,0
710.0,11.12,0.61,4.8,"acetonitrile solution containing LiI (0.5 M), I 2 (0.05 M) and 4-tert-butylpyridine (0.5 M)",TiO2 thin film (16-18 um),0.25,-,-,-,0,0
650.0,10.73,0.64,4.49,"acetonitrile solution containing LiI (0.5 M), I 2 (0.05 M) and 4-tert-butylpyridine (0.5 M)",TiO2 thin film (16-18 um),0.25,-,-,-,0,0
590.0,6.2,0.61,2.22,"acetonitrile solution containing LiI (0.5 M), I 2 (0.05 M) and 4-tert-butylpyridine (0.5 M)",TiO2 thin film (16-18 um),0.25,-,10 mM CDCA,-,1,0
690.0,11.9,0.6,4.92,"acetonitrile solution containing LiI (0.5 M), I 2 (0.05 M) and 4-tert-butylpyridine (0.5 M)",TiO2 thin film (16-18 um),0.25,-,10 mM CDCA,-,1,0
720.0,11.47,0.61,5.08,"acetonitrile solution containing LiI (0.5 M), I 2 (0.05 M) and 4-tert-butylpyridine (0.5 M)",TiO2 thin film (16-18 um),0.25,-,10 mM CDCA,-,1,0
740.0,10.73,0.62,4.91,"acetonitrile solution containing LiI (0.5 M), I 2 (0.05 M) and 4-tert-butylpyridine (0.5 M)",TiO2 thin film (16-18 um),0.25,-,10 mM CDCA,-,1,0
650.0,11.79,0.651,5.02,"0.7 M 1-propryl-3-methyl-imidazolium iodide (PMII), 0.2 M LiI, 0.05 M I2 0.5 M TBP in acetonitrileevaleronitrile (v/v, 85/15)",TiO2 film (8 um),,186 nmol/cm2,10 mM CDCA,-,1,0
723.0,14.97,0.635,6.87,"0.6 M 1,2-dimethyl-3-propylimidazolium iodide (DMPII), 0.1 M LiI, 0.05 M I2 in a mixture of acetonitrile and 4-tert-butylpyridine (volume ratio, 1:1)","TiO2 thin film (12 um of 20 nm particles as
the transparent layer and 6 um of 200 nm particles as the scattering layer)",0.24,-,-,-,0,0
775.0,15.32,0.689,8.18,"0.6 M 1,2-dimethyl-3-propylimidazolium iodide (DMPII), 0.1 M LiI, 0.05 M I2 in a mixture of acetonitrile and 4-tert-butylpyridine (volume ratio, 1:1)","TiO2 thin film (12 um of 20 nm particles as
the transparent layer and 6 um of 200 nm particles as the scattering layer)",0.24,-,-,-,0,0
797.0,14.75,0.687,8.08,"0.6 M 1,2-dimethyl-3-propylimidazolium iodide (DMPII), 0.1 M LiI, 0.05 M I2 in a mixture of acetonitrile and 4-tert-butylpyridine (volume ratio, 1:1)","TiO2 thin film (12 um of 20 nm particles as
the transparent layer and 6 um of 200 nm particles as the scattering layer)",0.24,-,-,-,0,0
716.0,12.08,0.68,5.87,iodide/triiodide,TiO2,0.16,-,1 mM CDCA,-,1,0
799.0,13.31,0.712,7.57,"0.6 M 1,2-dimethyl-3-propylimidazolium iodide (DMPII), 0.1 M LiI, 0.05 M I2 in a mixture of acetonitrile and 4-tert-butylpyridine (volume ratio, 1:1)","TiO2 thin film (12 um of 20 nm particles as
the transparent layer and 6 um of 200 nm particles as the scattering layer)",0.24,-,-,-,0,0
829.0,12.38,0.655,6.72,"0.6 M 1,2-dimethyl-3-propylimidazolium iodide (DMPII), 0.1 M LiI, 0.05 M I2 in a mixture of acetonitrile and valeronitrile (85:15)",TiO2 thin film (12 um as the transparent layer and 3 um of 200 nm particles as the scattering layer),0.24,4710 nmol/cm2,-,-,0,0
767.0,12.43,0.643,6.13,"0.6 M 1,2-dimethyl-3-propylimidazolium iodide (DMPII), 0.1 M LiI, 0.05 M I2 in a mixture of acetonitrile and valeronitrile (85:15)",TiO2 thin film (12 um as the transparent layer and 3 um of 200 nm particles as the scattering layer),0.24,2770 nmol/cm2,-,-,0,0
742.0,9.68,0.713,5.12,"0.6 M 1,2-dimethyl-3-propylimidazolium iodide (DMPII), 0.1 M LiI, 0.05 M I2 in a mixture of acetonitrile and valeronitrile (85:15)",TiO2 thin film (12 um as the transparent layer and 3 um of 200 nm particles as the scattering layer),0.24,4280 nmol/cm2,-,-,0,0
748.0,7.62,0.698,3.98,"0.6 M 1,2-dimethyl-3-propylimidazolium iodide (DMPII), 0.1 M LiI, 0.05 M I2 in a mixture of acetonitrile and valeronitrile (85:15)",TiO2 thin film (12 um as the transparent layer and 3 um of 200 nm particles as the scattering layer),0.24,3210 nmol/cm2,-,-,0,0
682.0,10.115,0.642,4.43,"0.6 M 1,2-dimethyl-3-propylimidazolium iodide (DMPII), 0.1 M LiI, 0.05 M I2 in a mixture of acetonitrile and valeronitrile (85:15)",TiO2 thin film (12 um as the transparent layer and 3 um of 200 nm particles as the scattering layer),0.24,5350 nmol/cm2,-,-,0,0
660.0,4.83,0.74,2.4,"1.0 M DMII, 0.02 M iodine (I2 ), 1.0 M TBP, 0.1 M GNCS and 0.05 M LiI in AN","TiO2 thin film (7 um of 20 nm particles as
the transparent layer and 5 um of 400 nm particles as the scattering layer)",0.158,31 nmol/cm2,-,-,0,0
730.0,12.82,0.69,6.5,"1.0 M DMII, 0.02 M iodine (I2 ), 1.0 M TBP, 0.1 M GNCS and 0.05 M LiI in AN","TiO2 thin film (7 um of 20 nm particles as
the transparent layer and 5 um of 400 nm particles as the scattering layer)",0.158,24 nmol/cm2,-,-,0,0
760.0,11.03,0.65,5.43,"3-dimethylimidazolium iodide (1.0 M), LiI (0.05 M), I 2 (0.03 M), guanidinium thiocyanate (0.1 M), and TBP (0.5 M) in MeCN : valeronitrile (85 : 15, v/v)",TiO2 thin film (16-18 um),0.25,-,-,-,0,0
720.0,11.93,0.58,5.01,"LiI (0.5 M), I2 (0.05 M), and TBP (0.5 M) in MeCN",TiO2 thin film (16-18 um),0.25,-,-,-,0,0
710.0,14.48,0.61,6.3,"LiI (0.5 M), I2 (0.05 M), and TBP (0.5 M) in MeCN",TiO2 thin film (16-18 um),0.25,-,-,-,0,0
700.0,13.47,0.66,6.21,"LiI (0.5 M), I2 (0.05 M), and TBP (0.5 M) in MeCN",TiO2 thin film (16-18 um),0.25,-,-,-,0,0
700.0,12.09,0.59,5.01,"LiI (0.5 M), I2 (0.05 M), and TBP (0.5 M) in MeCN",TiO2 thin film (16-18 um),0.25,-,-,-,0,0
690.0,13.2,0.62,5.63,"LiI (0.5 M), I2 (0.05 M), and TBP (0.5 M) in MeCN",TiO2 thin film (16-18 um),0.25,-,-,-,0,0
680.0,12.91,0.62,5.45,"LiI (0.5 M), I2 (0.05 M), and TBP (0.5 M) in MeCN",TiO2 thin film (16-18 um),0.25,-,-,-,0,0
826.0,12.18,0.65,6.55,"0.6 M 1-methyl-3-propylimidazolium iodide (PMII), 0.10 M guanidinium thiocyanate, 0.03 M I 2 , 0.5 M tert-butylpyridine in acetonitrile, and valeronitrile (85 : 15)",TiO2 thin film (20 nm particle size),0.16,410 nmol/cm2,-,-,0,0
793.0,10.76,0.64,5.51,"0.6 M 1-methyl-3-propylimidazolium iodide (PMII), 0.10 M guanidinium thiocyanate, 0.03 M I 2 , 0.5 M tert-butylpyridine in acetonitrile, and valeronitrile (85 : 15)",TiO2 thin film (20 nm particle size),0.16,340 nmol/cm2,-,-,0,0
711.0,5.27,0.72,2.69,"0.6 M 1-methyl-3-propylimidazolium iodide (PMII), 0.10 M guanidinium thiocyanate, 0.03 M I 2 , 0.5 M tert-butylpyridine in acetonitrile, and valeronitrile (85 : 15)",TiO2 thin film (20 nm particle size),0.16,210 nmol/cm2,-,-,0,0
804.0,11.41,0.63,5.76,"0.6 M 1-methyl-3-propylimidazolium iodide (PMII), 0.10 M guanidinium thiocyanate, 0.03 M I2, 0.5 M tert-butylpyridine in acetonitrile, and valeronitrile (85:15)",TiO2 thin film (20 nm particle size),0.16,-,-,-,0,0
789.0,12.62,0.63,6.29,"0.6 M 1-methyl-3-propylimidazolium iodide (PMII), 0.10 M guanidinium thiocyanate, 0.03 M I2, 0.5 M tert-butylpyridine in acetonitrile, and valeronitrile (85:15)",TiO2 thin film (20 nm particle size),0.16,-,-,-,0,0
759.0,11.82,0.65,5.84,"0.6 M 1-methyl-3-propylimidazolium iodide (PMII), 0.10 M guanidinium thiocyanate, 0.03 M I2, 0.5 M tert-butylpyridine in acetonitrile, and valeronitrile (85:15)",TiO2 thin film (20 nm particle size),0.16,-,-,-,0,0
759.0,5.94,0.64,3.61,"0.6 M 1-methyl-3-propylimidazolium iodide (PMII), 0.10 M guanidinium thiocyanate, 0.03 M I2 , 0.5 M tert-butylpyridine in acetonitrile and valeronitrile (85:15)",TiO2 thin film (14 um transparent layer and 4 um scattering layer),0.16,98 nmol/cm2,-,-,0,0
743.0,6.81,0.62,3.92,"0.6 M 1-methyl-3-propylimidazolium iodide (PMII), 0.10 M guanidinium thiocyanate, 0.03 M I2 , 0.5 M tert-butylpyridine in acetonitrile and valeronitrile (85:15)",TiO2 thin film (14 um transparent layer and 4 um scattering layer),0.16,205 nmol/cm2,-,-,0,0
759.0,12.2,0.58,5.3,"0.7 M 1-methyl-3-propylimidazolium iodide (MPII), 0.05 M I2, 0.2 M LiI, 0.5 M 4-tert-butylpyridine (TBP) in acetonitrile and valeronitrile (85:15 v/v)",TiO2 thin film (14.5 uM),0.4,-,-,-,0,0
746.0,14.1,0.58,6.1,"0.7 M 1-methyl-3-propylimidazolium iodide (MPII), 0.05 M I2, 0.2 M LiI, 0.5 M 4-tert-butylpyridine (TBP) in acetonitrile and valeronitrile (85:15 v/v)",TiO2 thin film (14.5 uM),0.457,-,-,-,0,0
755.0,11.68,0.6,5.25,iodide/triiodide,TiO2,0.16,-,1 mM CDCA,-,1,0
804.0,9.1,0.56,4.1,"0.7 M 1-methyl-3-propylimidazolium iodide (MPII), 0.05 M I2, 0.2 M LiI, 0.5 M 4-tert-butylpyridine (TBP) in acetonitrile and valeronitrile (85:15 v/v)",TiO2 thin film (4.8 uM),0.461,-,-,-,0,0
781.0,10.7,0.55,4.6,"0.7 M 1-methyl-3-propylimidazolium iodide (MPII), 0.05 M I2, 0.2 M LiI, 0.5 M 4-tert-butylpyridine (TBP) in acetonitrile and valeronitrile (85:15 v/v)",TiO2 thin film (4.8 uM),0.442,-,-,-,0,0
673.0,4.1,0.63,1.74,"0.05 M iodine, 0.5 M lithium iodide in propylene carbonate",TiO2 6 um thick,0.2,173 nmol/cm2,-,-,0,0
559.0,5.93,0.676,2.24,"LiI (0.05 m), I2 (0.1 m), and 1,2-dimethyl-3-propylimidazolium iodide (DMPII; 0.6 m) in acetonitrile/tert-butanol (1/1, v/v)",TiO2 thin film (12 um of 20 nm particles as the transparent layer and 6 um of 200 nm particles as the scattering layer),0.24,-,-,-,0,0
672.0,12.01,0.696,5.62,"LiI (0.05 m), I2 (0.1 m), and 1,2-dimethyl-3-propylimidazolium iodide (DMPII; 0.6 m) in acetonitrile/tert-butanol (1/1, v/v)",TiO2 thin film (12 um of 20 nm particles as the transparent layer and 6 um of 200 nm particles as the scattering layer),0.24,-,-,-,0,0
717.0,16.13,0.681,7.87,"LiI (0.05 m), I2 (0.1 m), and 1,2-dimethyl-3-propylimidazolium iodide (DMPII; 0.6 m) in acetonitrile/tert-butanol (1/1, v/v)",TiO2 thin film (12 um of 20 nm particles as the transparent layer and 6 um of 200 nm particles as the scattering layer),0.24,-,-,-,0,0
746.0,16.65,0.642,7.98,"LiI (0.05 m), I2 (0.1 m), and 1,2-dimethyl-3-propylimidazolium iodide (DMPII; 0.6 m) in acetonitrile/tert-butanol (1/1, v/v)",TiO2 thin film (12 um of 20 nm particles as the transparent layer and 6 um of 200 nm particles as the scattering layer),0.24,-,-,-,0,0
783.0,15.18,0.679,8.07,"LiI (0.05 m), I2 (0.1 m), and 1,2-dimethyl-3-propylimidazolium iodide (DMPII; 0.6 m) in acetonitrile/tert-butanol (1/1, v/v)",TiO2 thin film (12 um of 20 nm particles as the transparent layer and 6 um of 200 nm particles as the scattering layer),0.24,-,-,-,0,0
802.0,10.35,0.69,5.73,"0.6M1-methyl-3-propylimidazoliumiodide (PMII), 0.10M guanidiniumthiocyanate, 0.03 M I2 and 0.5 M tert-butylpyridine) in acetonitrile/valeronitrile(85:15)",TiO2 thin film (18 um thickness),0.16,126 nmol/cm2,-,-,0,0
768.0,8.47,0.7,4.54,"0.6M1-methyl-3-propylimidazoliumiodide (PMII), 0.10M guanidiniumthiocyanate, 0.03 M I2 and 0.5 M tert-butylpyridine) in acetonitrile/valeronitrile(85:15)",TiO2 thin film (18 um thickness),0.16,103 nmol/cm2,-,-,0,0
785.0,8.65,0.71,4.79,"0.6M1-methyl-3-propylimidazoliumiodide (PMII), 0.10M guanidiniumthiocyanate, 0.03 M I2 and 0.5 M tert-butylpyridine) in acetonitrile/valeronitrile(85:15)",TiO2 thin film (18 um thickness),0.16,112 nmol/cm2,-,-,0,0
773.0,8.56,0.69,4.53,"0.6M1-methyl-3-propylimidazoliumiodide (PMII), 0.10M guanidiniumthiocyanate, 0.03 M I2 and 0.5 M tert-butylpyridine) in acetonitrile/valeronitrile(85:15)",TiO2 thin film (18 um thickness),0.16,210 nmol/cm2,-,-,0,0
681.0,14.17,0.67,6.47,"0.3 M HMII, 0.5 M LiI, 0.05 M I2 and 0.5 M TBP in MPN",TiO2 thin film (12 um of 15-20 nm particles as the transparent layer and 4 um of 300-500 nm particles as the scattering layer),0.2,-,5 mM CDCA,-,1,0
671.0,12.53,0.7,5.89,"0.3 M HMII, 0.5 M LiI, 0.05 M I2 and 0.5 M TBP in MPN",TiO2 thin film (12 um of 15-20 nm particles as the transparent layer and 4 um of 300-500 nm particles as the scattering layer),0.2,-,5 mM CDCA,-,1,0
625.0,10.63,0.73,4.85,"0.3 M HMII, 0.5 M LiI, 0.05 M I2 and 0.5 M TBP in MPN",TiO2 thin film (12 um of 15-20 nm particles as the transparent layer and 4 um of 300-500 nm particles as the scattering layer),0.2,-,5 mM CDCA,-,1,0
682.0,14.43,0.69,6.79,"0.3 M HMII, 0.5 M LiI, 0.05 M I2 and 0.5 M TBP in MPN",TiO2 thin film (12 um of 15-20 nm particles as the transparent layer and 4 um of 300-500 nm particles as the scattering layer),0.2,-,-,-,0,0
680.0,12.64,0.7,6.02,"0.3 M HMII, 0.5 M LiI, 0.05 M I2 and 0.5 M TBP in MPN",TiO2 thin film (12 um of 15-20 nm particles as the transparent layer and 4 um of 300-500 nm particles as the scattering layer),0.2,-,-,-,0,0
635.0,10.86,0.71,4.9,"0.3 M HMII, 0.5 M LiI, 0.05 M I2 and 0.5 M TBP in MPN",TiO2 thin film (12 um of 15-20 nm particles as the transparent layer and 4 um of 300-500 nm particles as the scattering layer),0.2,-,-,-,0,0
691.0,12.75,0.69,6.06,"0.6 M 1-methyl-3-propylimidazolium iodide (PMII), 0.10 M guanidinium thiocyanate (GuSCN), 0.03 M I2, 0.5 M tertbutylpyridine in acetonitrile and valeronitrile (85:15)",TiO2 thin film (20 nm particle size),,156 nmol/cm2,-,-,0,0
709.0,6.13,0.67,2.91,"0.05 M I2 , 0.5 M LiI, and 0.5 M tert-butylpyridine in acetonitrile",TiO2 thin film (15 um),0.237,244 nmol/cm2,-,-,0,0
610.0,9.99,0.71,4.36,"0.6 M DMPII, 0.1M LiI, 0.1M I2, 0.5M TBP in acetonitrile",TiO2 film (11 uM  + 4 uM thick),,-,-,-,0,0
610.0,9.99,0.71,4.36,"0.6 M DMPII, 0.1M LiI, 0.1M I2,0.5M TBP in acetonitrile",TiO2 film (11 um transparent + 4 um scat­tering layer),0.25,-,-,-,0,0
730.3,11.35,0.6966,5.77,"0.7 M 1-propryl-3-methyl-imidazolium iodide (PMII), 0.2 M of LiI, 0.05 M of I2 , and 0.5 M of TBP in acetonitrileÀvaleronitrile (v/v, 85/18)",TiO2 thin film (20 nm particles with scattering layer containing 250 nm particles),0.24,-,Saturated CDCA,-,1,0
693.8,11.29,0.6938,5.43,"0.7 M 1-propryl-3-methyl-imidazolium iodide (PMII), 0.2 M of LiI, 0.05 M of I2 , and 0.5 M of TBP in acetonitrileÀvaleronitrile (v/v, 85/18)",TiO2 thin film (20 nm particles with scattering layer containing 250 nm particles),0.24,-,-,-,0,0
706.6,11.33,0.6693,5.36,"0.7 M 1-propryl-3-methyl-imidazolium iodide (PMII), 0.2 M of LiI, 0.05 M of I2 , and 0.5 M of TBP in acetonitrileÀvaleronitrile (v/v, 85/18)",TiO2 thin film (20 nm particles with scattering layer containing 250 nm particles),0.24,-,-,-,0,0
748.2,11.83,0.6999,6.19,"0.7 M 1-propryl-3-methyl-imidazolium iodide (PMII), 0.2 M of LiI, 0.05 M of I2 , and 0.5 M of TBP in acetonitrileÀvaleronitrile (v/v, 85/18)",TiO2 thin film (20 nm particles with scattering layer containing 250 nm particles),0.24,-,Saturated,-,1,0
734.6,11.9,0.689,6.02,"0.7 M 1-propryl-3-methyl-imidazolium iodide (PMII), 0.2 M of LiI, 0.05 M of I2 , and 0.5 M of TBP in acetonitrileÀvaleronitrile (v/v, 85/18)",TiO2 thin film (20 nm particles with scattering layer containing 250 nm particles),0.24,-,-,-,0,0
745.7,11.68,0.6995,6.09,"0.7 M 1-propryl-3-methyl-imidazolium iodide (PMII), 0.2 M of LiI, 0.05 M of I2 , and 0.5 M of TBP in acetonitrileÀvaleronitrile (v/v, 85/18)",TiO2 thin film (20 nm particles with scattering layer containing 250 nm particles),0.24,-,10 mM CDCA,-,1,0
724.5,12.05,0.7233,6.32,"0.7 M 1-propryl-3-methyl-imidazolium iodide (PMII), 0.2 M of LiI, 0.05 M of I2 , and 0.5 M of TBP in acetonitrileÀvaleronitrile (v/v, 85/18)",TiO2 thin film (20 nm particles with scattering layer containing 250 nm particles),0.24,-,10 mM CDCA,-,1,0
771.7,12.18,0.7002,6.58,"0.7 M 1-propryl-3-methyl-imidazolium iodide (PMII), 0.2 M of LiI, 0.05 M of I2 , and 0.5 M of TBP in acetonitrileÀvaleronitrile (v/v, 85/18)",TiO2 thin film (20 nm particles with scattering layer containing 250 nm particles),0.24,-,10 mM CDCA,-,1,0
751.5,9.47,0.7431,5.29,"0.7 M 1-propryl-3-methyl-imidazolium iodide (PMII), 0.2 M of LiI, 0.05 M of I2 , and 0.5 M of TBP in acetonitrileÀvaleronitrile (v/v, 85/18)",TiO2 thin film (20 nm particles with scattering layer containing 250 nm particles),0.24,-,10 mM CDCA,-,1,0
620.0,2.75,0.77,1.3,"0.6 M PMII, 0.1 M LiI 0.05 M I2 and 0.5 M TBP",TiO2 thin film,,182 nmol/cm2,-,-,0,0
660.0,8.36,0.74,4.07,"0.6 M PMII, 0.1 M LiI 0.05 M I2 and 0.5 M TBP",TiO2 thin film,,502 nmol/cm2,-,-,0,0
650.0,8.03,0.75,3.88,"0.6 M PMII, 0.1 M LiI 0.05 M I2 and 0.5 M TBP",TiO2 thin film,,409 nmol/cm2,-,-,0,0
660.0,6.5,0.75,3.21,"0.6 M PMII, 0.1 M LiI 0.05 M I2 and 0.5 M TBP",TiO2 thin film,,218 nmol/cm2,-,-,0,0
587.0,4.45,0.7,1.83,"0.6 M 1,2-dimethyl-3-propylimidazolium iodide (DMPII), 0.025 M LiI, 0.04 M I2 , 0.05 M guanidium thiocyanate (GuSCN), and 0.28 M 4-tertbutylpyridine (TBP) in dry acetonitrile",TiO2 thin film (12 um thick film as the transparent layer and 4 um of 200 nm particles as the scattering layer),,-,-,-,0,0
747.0,6.64,0.65,4.03,"0.6 M 1-methyl-3-propylimidazolium iodide (PMII), 0.10 M guanidinium thiocyanate, 0.03 M I2 , 0.5 M tert-butylpyridine in acetonitrile and valeronitrile (85:15)",TiO2 thin film (14 um transparent layer and 4 um scattering layer),0.16,120.5 nmol/cm2,Saturated,-,1,0
689.0,2.86,0.66,1.64,"0.6 M 1-methyl-3-propylimidazolium iodide (PMII), 0.10 M guanidinium thiocyanate, 0.03 M I2 , 0.5 M tert-butylpyridine in acetonitrile and valeronitrile (85:15)",TiO2 thin film (14 um transparent layer and 4 um scattering layer),0.16,14.1 nmol/cm2,Saturated,-,1,0
750.0,7.04,0.64,4.22,"0.6 M 1-methyl-3-propylimidazolium iodide (PMII), 0.10 M guanidinium thiocyanate, 0.03 M I2 , 0.5 M tert-butylpyridine in acetonitrile and valeronitrile (85:15)",TiO2 thin film (14 um transparent layer and 4 um scattering layer),0.16,143.5 nmol/cm2,10 mM CDCA,-,1,0
729.0,3.24,0.69,2.04,"0.6 M 1-methyl-3-propylimidazolium iodide (PMII), 0.10 M guanidinium thiocyanate, 0.03 M I2 , 0.5 M tert-butylpyridine in acetonitrile and valeronitrile (85:15)",TiO2 thin film (14 um transparent layer and 4 um scattering layer),0.16,33.5 nmol/cm2,10 mM CDCA,-,1,0
753.0,7.11,0.65,4.33,"0.6 M 1-methyl-3-propylimidazolium iodide (PMII), 0.10 M guanidinium thiocyanate, 0.03 M I2 , 0.5 M tert-butylpyridine in acetonitrile and valeronitrile (85:15)",TiO2 thin film (14 um transparent layer and 4 um scattering layer),0.16,171 nmol/cm2,1 mM CDCA,-,1,0
732.0,4.23,0.65,2.53,"0.6 M 1-methyl-3-propylimidazolium iodide (PMII), 0.10 M guanidinium thiocyanate, 0.03 M I2 , 0.5 M tert-butylpyridine in acetonitrile and valeronitrile (85:15)",TiO2 thin film (14 um transparent layer and 4 um scattering layer),0.16,712 nmol/cm2,1 mM CDCA,-,1,0
749.0,6.41,0.63,3.82,"0.6 M 1-methyl-3-propylimidazolium iodide (PMII), 0.10 M guanidinium thiocyanate, 0.03 M I2 , 0.5 M tert-butylpyridine in acetonitrile and valeronitrile (85:15)",TiO2 thin film (14 um transparent layer and 4 um scattering layer),0.16,198 nmol/cm2,0.1 mM CDCA,-,1,0
655.0,8.2,0.71,3.8,"0.6 M 1-methyl-3-propylimidazolium iodide (PMII), 0.10 M guanidinium thiocyanate, 0.03 M I2 , 0.5 M tert-butylpyridine in acetonitrile and valeronitrile (85:15)",TiO2 (20 nm particle size),,-,-,-,0,0
830.0,12.69,0.69,7.33,"TEMPO (2,2,6,6-tetramethylpiperidin-1-oxyl)/iodide redox mediator (IL-I) made from 0.4 m IL-I and 0.4 m NOBF4 in acetonitrile","TiO2 film (12 um thick, 5 um scattering layer)",0.16,-,-,-,0,0
830.0,12.69,0.69,7.33,"TEMPO (2,2,6,6-tetramethylpiperidin-1-oxyl)/iodide redox mediator (IL-I) electrolyte 0.4 m IL-I and 0.4 m NOBF 4 in acetonitrile",TiO2 film (12 um),0.16,-,1 mM CDCA,-,1,0
850.0,13.9,0.71,8.36,"TEMPO (2,2,6,6-tetramethylpiperidin-1-oxyl)/iodide redox mediator (IL-I) made from 0.4 m IL-I and 0.4 m NOBF4 in acetonitrile","TiO2 film (12 um thick, 5 um scattering layer)",0.16,-,-,-,0,0
850.0,13.9,0.71,8.36,"TEMPO (2,2,6,6-tetramethylpiperidin-1-oxyl)/iodide redox mediator (IL-I) electrolyte 0.4 m IL-I and 0.4 m NOBF 4 in acetonitrile",TiO2 film (12 um),0.16,-,1 mM CDCA,-,1,0
850.0,13.81,0.69,8.06,"TEMPO (2,2,6,6-tetramethylpiperidin-1-oxyl)/iodide redox mediator (IL-I) made from 0.4 m IL-I and 0.4 m NOBF4 in acetonitrile","TiO2 film (12 um thick, 5 um scattering layer)",0.16,-,-,-,0,0
850.0,13.81,0.69,8.06,"TEMPO (2,2,6,6-tetramethylpiperidin-1-oxyl) /iodide redox mediator (IL-I) electrolyte 0.4 m IL-I and 0.4 m NOBF 4 in acetonitrile",TiO2 film (12 um),0.16,-,1 mM CDCA,-,1,0
830.0,13.56,0.7,7.88,"TEMPO (2,2,6,6-tetramethylpiperidin-1-oxyl)/iodide redox mediator (IL-I) made from 0.4 m IL-I and 0.4 m NOBF4 in acetonitrile","TiO2 film (12 um thick, 5 um scattering layer)",0.16,-,-,-,0,0
830.0,13.56,0.7,7.88,"TEMPO (2,2,6,6-tetramethylpiperidin-1-oxyl)/iodide redox mediator (IL-I) electrolyte 0.4 m IL-I and 0.4 m NOBF 4 in acetonitrile",TiO2 film (12 um),0.16,-,1 mM CDCA,-,1,0
820.0,11.63,0.68,6.49,"TEMPO (2,2,6,6-tetramethylpiperidin-1-oxyl)/iodide redox mediator (IL-I) made from 0.4 m IL-I and 0.4 m NOBF4 in acetonitrile","TiO2 film (12 um thick, 5 um scattering layer)",0.16,-,-,-,0,0
820.0,11.63,0.68,6.49,"TEMPO (2,2,6,6-tetramethylpiperidin-1-oxyl)/iodide redox mediator (IL-I) electrolyte 0.4 m IL-I and 0.4 m NOBF 4 in acetonitrile",TiO2 film (12 um),0.16,-,1 mM CDCA,-,1,0
670.0,14.06,0.66,6.23,"0.1 m lithium iodide (LiI), 0.05 m iodine (I2), 0.6 m 1,2-dimethyl-3-propylimidazolium iodide (DMPII), and 0.1 m guanidine thiocyanate (GuSCN) in acetonitrile","TiO2 film (12 um thick, 5 um scattering layer)",0.16,-,1 mM CDCA,-,1,0
670.0,14.06,0.66,6.23,"0.1 m lithium iodide (LiI), 0.05 m iodine (I2), 0.6 m 1,2-dimethyl-3-propylimidazolium iodide (DMPII), and 0.1 m guanidine thiocyanate (GuSCN) dissolved in acetonitrile",TiO2 film (12 um),0.16,-,1 mM CDCA,-,1,0
730.0,15.08,0.68,7.47,"0.1 m lithium iodide (LiI), 0.05 m iodine (I2), 0.6 m 1,2-dimethyl-3-propylimidazolium iodide (DMPII), and 0.1 m guanidine thiocyanate (GuSCN) in acetonitrile","TiO2 film (12 um thick, 5 um scattering layer)",0.16,-,1 mM CDCA,-,1,0
730.0,15.08,0.68,7.47,"0.1 m lithium iodide (LiI), 0.05 m iodine (I2), 0.6 m 1,2-dimethyl-3-propylimidazolium iodide (DMPII), and 0.1 m guanidine thiocyanate (GuSCN) dissolved in acetonitrile",TiO2 film (12 um),0.16,-,1 mM CDCA,-,1,0
700.0,14.53,0.7,7.05,"0.1 m lithium iodide (LiI), 0.05 m iodine (I2), 0.6 m 1,2-dimethyl-3-propylimidazolium iodide (DMPII), and 0.1 m guanidine thiocyanate (GuSCN) in acetonitrile","TiO2 film (12 um thick, 5 um scattering layer)",0.16,-,1 mM CDCA,-,1,0
700.0,14.53,0.7,7.05,"0.1 m lithium iodide (LiI), 0.05 m iodine (I2), 0.6 m 1,2-dimethyl-3-propylimidazolium iodide (DMPII), and 0.1 m guanidine thiocyanate (GuSCN) dissolved in acetonitrile",TiO2 film (12 um),0.16,-,1 mM CDCA,-,1,0
700.0,14.33,0.71,7.04,"0.1 m lithium iodide (LiI), 0.05 m iodine (I2), 0.6 m 1,2-dimethyl-3-propylimidazolium iodide (DMPII), and 0.1 m guanidine thiocyanate (GuSCN) in acetonitrile","TiO2 film (12 um thick, 5 um scattering layer)",0.16,-,1 mM CDCA,-,1,0
700.0,14.33,0.71,7.04,"0.1 m lithium iodide (LiI), 0.05 m iodine (I2), 0.6 m 1,2-dimethyl-3-propylimidazolium iodide (DMPII), and 0.1 m guanidine thiocyanate (GuSCN) dissolved in acetonitrile",TiO2 film (12 um),0.16,-,1 mM CDCA,-,1,0
680.0,12.5,0.62,5.31,"0.1 m lithium iodide (LiI), 0.05 m iodine (I2), 0.6 m 1,2-dimethyl-3-propylimidazolium iodide (DMPII), and 0.1 m guanidine thiocyanate (GuSCN) in acetonitrile","TiO2 film (12 um thick, 5 um scattering layer)",0.16,-,1 mM CDCA,-,1,0
680.0,12.5,0.62,5.31,"0.1 m lithium iodide (LiI), 0.05 m iodine (I2), 0.6 m 1,2-dimethyl-3-propylimidazolium iodide (DMPII), and 0.1 m guanidine thiocyanate (GuSCN) dissolved in acetonitrile",TiO2 film (12 um),0.16,-,1 mM CDCA,-,1,0
570.0,10.29,0.67,3.94,"0.1 m lithium iodide (LiI), 0.05 m iodine (I2), 0.6 m 1,2-dimethyl-3-propylimidazolium iodide (DMPII), and 0.1 m guanidine thiocyanate (GuSCN) in acetonitrile","TiO2 film (12 um thick, 5 um scattering layer)",0.16,386 nmol/cm2,-,-,0,0
570.0,10.29,0.67,3.94,"0.1 m lithium iodide (LiI), 0.05 m iodine (I2), 0.6 m 1,2-dimethyl-3-propylimidazolium iodide (DMPII), and 0.1 m guanidine thiocyanate (GuSCN) dissolved in acetonitrile",TiO2 film (12 um),0.16,386 nmol/cm2,-,-,0,0
690.0,14.29,0.69,6.8,"0.1 m lithium iodide (LiI), 0.05 m iodine (I2), 0.6 m 1,2-dimethyl-3-propylimidazolium iodide (DMPII), and 0.1 m guanidine thiocyanate (GuSCN) in acetonitrile","TiO2 film (12 um thick, 5 um scattering layer)",0.16,407 nmol/cm2,-,-,0,0
690.0,14.29,0.69,6.8,"0.1 m lithium iodide (LiI), 0.05 m iodine (I2), 0.6 m 1,2-dimethyl-3-propylimidazolium iodide (DMPII), and 0.1 m guanidine thiocyanate (GuSCN) dissolved in acetonitrile",TiO2 film (12 um),0.16,407 nmol/cm2,-,-,0,0
660.0,12.2,0.68,5.44,"0.1 m lithium iodide (LiI), 0.05 m iodine (I2), 0.6 m 1,2-dimethyl-3-propylimidazolium iodide (DMPII), and 0.1 m guanidine thiocyanate (GuSCN) in acetonitrile","TiO2 film (12 um thick, 5 um scattering layer)",0.16,471 nmol/cm2,-,-,0,0
660.0,12.2,0.68,5.44,"0.1 m lithium iodide (LiI), 0.05 m iodine (I2), 0.6 m 1,2-dimethyl-3-propylimidazolium iodide (DMPII), and 0.1 m guanidine thiocyanate (GuSCN) dissolved in acetonitrile",TiO2 film (12 um),0.16,471 nmol/cm2,-,-,0,0
690.0,13.86,0.67,6.37,"0.1 m lithium iodide (LiI), 0.05 m iodine (I2), 0.6 m 1,2-dimethyl-3-propylimidazolium iodide (DMPII), and 0.1 m guanidine thiocyanate (GuSCN) in acetonitrile","TiO2 film (12 um thick, 5 um scattering layer)",0.16,472 nmol/cm2,-,-,0,0
690.0,13.86,0.67,6.37,"0.1 m lithium iodide (LiI), 0.05 m iodine (I2), 0.6 m 1,2-dimethyl-3-propylimidazolium iodide (DMPII), and 0.1 m guanidine thiocyanate (GuSCN) dissolved in acetonitrile",TiO2 film (12 um),0.16,472 nmol/cm2,-,-,0,0
650.0,11.75,0.64,4.86,"0.1 m lithium iodide (LiI), 0.05 m iodine (I2), 0.6 m 1,2-dimethyl-3-propylimidazolium iodide (DMPII), and 0.1 m guanidine thiocyanate (GuSCN) in acetonitrile","TiO2 film (12 um thick, 5 um scattering layer)",0.16,218 nmol/cm2,-,-,0,0
650.0,11.75,0.64,4.86,"0.1 m lithium iodide (LiI), 0.05 m iodine (I2), 0.6 m 1,2-dimethyl-3-propylimidazolium iodide (DMPII), and 0.1 m guanidine thiocyanate (GuSCN) dissolved in acetonitrile",TiO2 film (12 um),0.16,218 nmol/cm2,-,-,0,0
673.0,12.76,0.62,5.31,iodide/triiodide,TiO2 film (16 um thick),0.16,-,1 mM CDCA,-,1,0
577.0,11.87,0.59,4.07,iodide/triiodide,TiO2 film (16 um thick),0.16,-,1 mM CDCA,-,1,0
642.0,14.79,0.57,5.42,iodide/triiodide,TiO2 film (16 um thick),0.16,-,1 mM CDCA,-,1,0
726.0,15.3,0.62,6.86,iodide/triiodide,TiO2 film (16 um thick),0.16,445 nmol/cm2,-,-,0,0
622.0,11.15,0.63,4.39,iodide/triiodide,TiO2 film (16 um thick),0.16,343 nmol/cm2,-,-,0,0
599.0,9.86,0.6,3.54,iodide/triiodide,TiO2 film (16 um thick),0.16,446 nmol/cm2,-,-,0,0
664.0,12.54,0.6,5.02,iodide/triiodide,TiO2 film (16 um thick),0.16,365 nmol/cm2,-,-,0,0
774.0,12.9,0.7,7.0,"1.0 M 1,3-dimethylimidazolium iodide, 0.03 M iodine, 0.1 M guanidinium thiocyanate, 0.5 M tert-butylpyridine, 0.05 M lithium iodide in acetonitrile-valeronitrile (85:15, v/v)",TiO2 film (8 um transparent layer with 5 mm scattering layer,0.159,-,-,-,0,0
691.0,15.2,0.7,7.4,"1.0 M 1,3-dimethylimidazolium iodide, 0.03 M iodine, 0.1 M guanidinium thiocyanate, 0.5 M tert-butylpyridine, 0.05 M lithium iodide in acetonitrile-valeronitrile (85:15, v/v)",TiO2 film (8 um transparent layer with 5 mm scattering layer,0.159,-,-,-,0,0
720.0,12.07,0.685,6.0,"0.6 M dimethylpropylimidazolium iodide (DMPII), 0.05 M I2 , 0.5 M TBP and 0.1 M LiI",TiO2 films (20 um thickness),0.23,-,-,-,0,0
694.0,10.84,0.724,5.4,"0.6 M dimethylpropylimidazolium iodide (DMPII), 0.05 M I2 , 0.5 M TBP and 0.1 M LiI",TiO2 films (20 um thickness),0.23,-,-,-,0,0
726.0,11.56,0.719,6.0,"0.6 M dimethylpropylimidazolium iodide (DMPII), 0.05 M I2 , 0.5 M TBP and 0.1 M LiI",TiO2 films (20 um thickness),0.23,-,-,-,0,0
645.0,9.19,0.725,4.3,"0.6 M dimethylpropylimidazolium iodide (DMPII), 0.05 M I2 , 0.5 M TBP and 0.1 M LiI",TiO2 films (20 um thickness),0.23,-,-,-,0,0
645.0,14.71,0.673,6.4,"0.6 M DMPII, 0.06 M LiI, 0.4 M TBP, 0.02 M I2 in dry acetonitrile",TiO2 films (10 um in thickness) with a scattering layer (4 um),0.1256,-,-,-,0,0
697.0,12.52,0.68,5.93,"0.6 M DMPImI, 0.1 M LiI, and 0.05 M I2 with 0.5 M TBP in acetonitrile",TiO2 film (12 um),0.18,-,-,-,0,0
628.0,10.32,0.6022,3.91,"3-propyl-1-methyl-imidazolium iodide (PMII, 0.7 M), lithium iodide (LiI, 0.2 M), iodine (I2 , 0.05 M), and t-butylpyridine (TBP, 0.5 M) in acetonitrile/valeronitrile
(85:15)","TiO2 film (20-30 nm particles, 4 um scattering layer)",0.24,55 nmol/cm2,-,-,0,0
681.0,11.96,0.6015,4.9,"3-propyl-1-methyl-imidazolium iodide (PMII, 0.7 M), lithium iodide (LiI, 0.2 M), iodine (I2 , 0.05 M), and t-butylpyridine (TBP, 0.5 M) in acetonitrile/valeronitrile
(85:15)","TiO2 film (20-30 nm particles, 4 um scattering layer)",0.24,38 nmol/cm2,-,-,0,0
758.0,9.01,0.71,4.87,iodide/triiodide,TiO2,0.16,428 nmol/cm2,-,-,0,0
726.0,11.73,0.67,5.7,iodide/triiodide,TiO2,0.16,228  nmol/cm2,-,-,0,0
740.0,9.69,0.59,4.21,iodide/triiodide,TiO2,0.16,206 nmol/cm2,-,-,0,0
600.0,7.23,0.64,2.77,"0.1m lithium iodide (LiI), 0.05m iodine (I2), 0.6m 1,2-dimethyl-3-propylimidazolium iodide (DMPII), and 0.1m guanidine thiocyanate (GuSCN) dissolved in ACN/3-methoxypropionitrile (MPN) mixture (1:1)","TiO2 film (9 um thick, 3 um scattering layer)",0.16,44 nmol/cm2,-,-,0,0
640.0,11.47,0.63,4.64,"0.1m lithium iodide (LiI), 0.05m iodine (I2), 0.6m 1,2-dimethyl-3-propylimidazolium iodide (DMPII), and 0.1m guanidine thiocyanate (GuSCN) dissolved in ACN/3-methoxypropionitrile (MPN) mixture (1:1)","TiO2 film (9 um thick, 3 um scattering layer)",0.16,93 nmol/cm2,-,-,0,0
730.0,15.14,0.65,7.13,"0.1m lithium iodide (LiI), 0.05m iodine (I2), 0.6m 1,2-dimethyl-3-propylimidazolium iodide (DMPII), and 0.1m guanidine thiocyanate (GuSCN) dissolved in ACN/3-methoxypropionitrile (MPN) mixture (1:1)","TiO2 film (9 um thick, 3 um scattering layer)",0.16,601 nmol/cm2,-,-,0,0
700.0,12.43,0.65,5.73,"0.1m lithium iodide (LiI), 0.05m iodine (I2), 0.6m 1,2-dimethyl-3-propylimidazolium iodide (DMPII), and 0.1m guanidine thiocyanate (GuSCN) dissolved in ACN/3-methoxypropionitrile (MPN) mixture (1:1)","TiO2 film (9 um thick, 3 um scattering layer)",0.16,369 nmol/cm2,-,-,0,0
610.0,10.37,0.65,4.09,"0.1m lithium iodide (LiI), 0.05m iodine (I2), 0.6m 1,2-dimethyl-3-propylimidazolium iodide (DMPII), and 0.1m guanidine thiocyanate (GuSCN) dissolved in ACN/3-methoxypropionitrile (MPN) mixture (1:1)","TiO2 film (9 um thick, 3 um scattering layer)",0.16,683 nmol/cm2,-,-,0,0
610.0,8.94,0.68,3.66,"0.1m lithium iodide (LiI), 0.05m iodine (I2), 0.6m 1,2-dimethyl-3-propylimidazolium iodide (DMPII), and 0.1m guanidine thiocyanate (GuSCN) dissolved in ACN/3-methoxypropionitrile (MPN) mixture (1:1)","TiO2 film (9 um thick, 3 um scattering layer)",0.16,-,1 mM CDCA,-,1,0
650.0,12.27,0.66,5.21,"0.1m lithium iodide (LiI), 0.05m iodine (I2), 0.6m 1,2-dimethyl-3-propylimidazolium iodide (DMPII), and 0.1m guanidine thiocyanate (GuSCN) dissolved in ACN/3-methoxypropionitrile (MPN) mixture (1:1)","TiO2 film (9 um thick, 3 um scattering layer)",0.16,-,1 mM CDCA,-,1,0
760.0,16.67,0.66,8.42,"0.1m lithium iodide (LiI), 0.05m iodine (I2), 0.6m 1,2-dimethyl-3-propylimidazolium iodide (DMPII), and 0.1m guanidine thiocyanate (GuSCN) dissolved in ACN/3-methoxypropionitrile (MPN) mixture (1:1)","TiO2 film (9 um thick, 3 um scattering layer)",0.16,-,1 mM CDCA,-,1,0
710.0,14.22,0.66,6.66,"0.1m lithium iodide (LiI), 0.05m iodine (I2), 0.6m 1,2-dimethyl-3-propylimidazolium iodide (DMPII), and 0.1m guanidine thiocyanate (GuSCN) dissolved in ACN/3-methoxypropionitrile (MPN) mixture (1:1)","TiO2 film (9 um thick, 3 um scattering layer)",0.16,-,1 mM CDCA,-,1,0
620.0,10.75,0.67,4.51,"0.1m lithium iodide (LiI), 0.05m iodine (I2), 0.6m 1,2-dimethyl-3-propylimidazolium iodide (DMPII), and 0.1m guanidine thiocyanate (GuSCN) dissolved in ACN/3-methoxypropionitrile (MPN) mixture (1:1)","TiO2 film (9 um thick, 3 um scattering layer)",0.16,-,1 mM CDCA,-,1,0
630.0,6.09,0.68,2.62,"(dual-2,2,6,6-tetramethylpiperidine-N-oxyl) TEMPO/iodide redox mediator (JC-IL) made from 0.4 m JC-IL and 0.4 m NOBF4 in acetonitrile","TiO2 film (9 um thick, 3 um scattering layer)",0.16,-,-,-,0,0
670.0,7.75,0.71,3.69,"(dual-2,2,6,6-tetramethylpiperidine-N-oxyl) TEMPO/iodide redox mediator (JC-IL) made from 0.4 m JC-IL and 0.4 m NOBF4 in acetonitrile","TiO2 film (9 um thick, 3 um scattering layer)",0.16,-,-,-,0,0
770.0,9.56,0.67,4.96,"(dual-2,2,6,6-tetramethylpiperidine-N-oxyl) TEMPO/iodide redox mediator (JC-IL) made from 0.4 m JC-IL and 0.4 m NOBF4 in acetonitrile","TiO2 film (9 um thick, 3 um scattering layer)",0.16,-,-,-,0,0
730.0,7.88,0.68,3.93,"(dual-2,2,6,6-tetramethylpiperidine-N-oxyl) TEMPO/iodide redox mediator (JC-IL) made from 0.4 m JC-IL and 0.4 m NOBF4 in acetonitrile","TiO2 film (9 um thick, 3 um scattering layer)",0.16,-,-,-,0,0
630.0,6.81,0.67,2.86,"(dual-2,2,6,6-tetramethylpiperidine-N-oxyl) TEMPO /iodide redox mediator (JC-IL) made from 0.4 m JC-IL and 0.4 m NOBF4 in acetonitrile","TiO2 film (9 um thick, 3 um scattering layer)",0.16,-,-,-,0,0
530.0,6.72,0.64,2.23,iodide/triiodide,TiO2 film,,-,-,-,0,0
690.0,10.11,0.7223,5.09,"0.7 M 1-propryl-3-methyl-imidazolium iodide (PMII), 0.2 M LiI, 0.05 M I2 0.5 M TBP in acetonitrileevaleronitrile (v/v, 85/15)",TiO2 film (8 um),,127 nmol/cm2,10 mM CDCA,-,1,0
660.0,10.75,0.675,4.86,"0.7 M 1-propryl-3-methyl-imidazolium iodide (PMII), 0.2 M LiI, 0.05 M I2 0.5 M TBP in acetonitrileevaleronitrile (v/v, 85/15)",TiO2 film (8 um),,123 nmol/cm2,10 mM CDCA,-,1,0
390.0,14.4,0.54,3.0,"0.2 M tetrabutylammonium iodide (TBAI), 0.7 M LiI, 0.07 M I2 in dry acetonitrile",TiO2 film (12 um + 4 um scattering layer),0.159,-,saturated CDCA,-,1,0
631.0,9.03,0.6279,3.57,"3-propyl-1-methyl-imidazolium iodide (PMII, 0.7 M), lithium iodide (LiI, 0.2 M), iodine (I2 , 0.05 M), and t-butylpyridine (TBP, 0.5 M) in acetonitrile/valeronitrile
(85:15)","TiO2 film (20-30 nm particles, 4 um scattering layer)",0.24,94 nmol/cm2,-,-,0,0
606.4,9.09,0.66,3.66,"0.1 M LiI, 0.6 M 1-propyl-2,3-dimethylimidazolium iodide (DMPII), 0.05 M I2 , and 0.5 M tert-butylpyridine (TBP) in 3 methoxypropionitrile (MPN)/MeCN (1:1)","TiO2 film (12 um thick, 5 um scattering layer)",0.16,-,-,-,0,0
604.4,9.26,0.64,3.6,"0.1 M LiI, 0.6 M 1-propyl-2,3-dimethylimidazolium iodide (DMPII), 0.05 M I2 , and 0.5 M tert-butylpyridine (TBP) in 3 methoxypropionitrile (MPN)/MeCN (1:1)","TiO2 film (12 um thick, 5 um scattering layer)",0.16,-,-,-,0,0
646.1,7.47,0.69,3.31,"0.1 M LiI, 0.6 M 1-propyl-2,3-dimethylimidazolium iodide (DMPII), 0.05 M I2 , and 0.5 M tert-butylpyridine (TBP) in 3 methoxypropionitrile (MPN)/MeCN (1:1)","TiO2 film (12 um thick, 5 um scattering layer)",0.16,-,-,-,0,0
630.2,7.53,0.68,3.24,"0.1 M LiI, 0.6 M 1-propyl-2,3-dimethylimidazolium iodide (DMPII), 0.05 M I2 , and 0.5 M tert-butylpyridine (TBP) in 3 methoxypropionitrile (MPN)/MeCN (1:1)","TiO2 film (12 um thick, 5 um scattering layer)",0.16,-,-,-,0,0
519.1,5.46,0.58,1.63,"0.1 M LiI, 0.6 M 1-propyl-2,3-dimethylimidazolium iodide (DMPII), 0.05 M I2 , and 0.5 M tert-butylpyridine (TBP) in 3 methoxypropionitrile (MPN)/MeCN (1:1)","TiO2 film (12 um thick, 5 um scattering layer)",0.16,-,-,-,0,0
598.4,11.3,0.64,4.31,"0.1 M LiI, 0.6 M 1-propyl-2,3-dimethylimidazolium iodide (DMPII), 0.05 M I2 , and 0.5 M tert-butylpyridine (TBP) in 3 methoxypropionitrile (MPN)/MeCN (1:1)","TiO2 film (12 um thick, 5 um scattering layer)",0.16,-,10 mM CDCA,-,1,0
622.3,13.08,0.64,5.17,"0.1 M LiI, 0.6 M 1-propyl-2,3-dimethylimidazolium iodide (DMPII), 0.05 M I2 , and 0.5 M tert-butylpyridine (TBP) in 3 methoxypropionitrile (MPN)/MeCN (1:1)","TiO2 film (12 um thick, 5 um scattering layer)",0.16,-,20 mM CDCA,-,1,0
618.3,13.04,0.64,5.16,"0.1 M LiI, 0.6 M 1-propyl-2,3-dimethylimidazolium iodide (DMPII), 0.05 M I2 , and 0.5 M tert-butylpyridine (TBP) in 3 methoxypropionitrile (MPN)/MeCN (1:1)","TiO2 film (12 um thick, 5 um scattering layer)",0.16,-,30 mM CDCA,-,1,0
550.8,7.38,0.61,2.49,"0.1 M LiI, 0.6 M 1-propyl-2,3-dimethylimidazolium iodide (DMPII), 0.05 M I2 , and 0.5 M tert-butylpyridine (TBP) in 3 methoxypropionitrile (MPN)/MeCN (1:1)","TiO2 film (12 um thick, 5 um scattering layer)",0.16,-,10 mM CDCA,-,1,0
542.9,6.54,0.61,2.17,"0.1 M LiI, 0.6 M 1-propyl-2,3-dimethylimidazolium iodide (DMPII), 0.05 M I2 , and 0.5 M tert-butylpyridine (TBP) in 3 methoxypropionitrile (MPN)/MeCN (1:1)","TiO2 film (12 um thick, 5 um scattering layer)",0.16,-,20 mM CDCA,-,1,0
522.8,6.4,0.6,2.13,"0.1 M LiI, 0.6 M 1-propyl-2,3-dimethylimidazolium iodide (DMPII), 0.05 M I2 , and 0.5 M tert-butylpyridine (TBP) in 3 methoxypropionitrile (MPN)/MeCN (1:1)","TiO2 film (12 um thick, 5 um scattering layer)",0.16,-,30 mM CDCA,-,1,0
663.5,9.88,0.7322,4.8,"0.7 M 1-propryl-3-methyl-imidazolium iodide (PMII), 0.2 M LiI, 0.05 M I2 0.5 M TBP in acetonitrile-valeronitrile (v/v, 85/15)",TiO2 film (8 um),0.24,-,10 mM CDCA,-,1,0
653.0,11.72,0.6876,5.26,"0.7 M 1-propryl-3-methyl-imidazolium iodide (PMII), 0.2 M LiI, 0.05 M I2 0.5 M TBP in acetonitrile-valeronitrile (v/v, 85/15)",TiO2 film (8 um),0.24,205 nmol/cm2,10 mM CDCA,-,1,0
628.3,11.11,0.7038,4.91,"0.7 M 1-propryl-3-methyl-imidazolium iodide (PMII), 0.2 M LiI, 0.05 M I2 0.5 M TBP in acetonitrile-valeronitrile (v/v, 85/15)",TiO2 film (8 um),0.24,189 nmol/cm2,10 mM CDCA,-,1,0
639.9,11.35,0.6709,4.87,"0.7 M 1-propryl-3-methyl-imidazolium iodide (PMII), 0.2 M LiI, 0.05 M I2 0.5 M TBP in acetonitrile-valeronitrile (v/v, 85/15)",TiO2 film (8 um),0.24,134 nmol/cm2,10 mM CDCA,-,1,0
685.0,13.4,0.7,6.4,"0.6 M 1,2-dimethyl-3-propylimidazolium iodide (DMPII), 0.06 M LiI, 0.04 M I2 , and 0.4 M 4-tert-butylpyridine (TBP) in dry acetonitrile",TiO2 film (12 um + 4 um scattering layer),0.159,-,saturated CDCA,-,1,0
638.0,12.2,0.72,5.6,"0.6 M 1,2-dimethyl-3-propylimidazolium iodide (DMPII), 0.06 M LiI, 0.04 M I2 , and 0.4 M 4-tert-butylpyridine (TBP) in dry acetonitrile",TiO2 film (12 um + 4 um scattering layer),0.159,-,-,-,0,0
652.0,8.65,0.63,3.55,"0.6 M DMPImI, 0.1 M LiI, and 0.05 M I2 with 0.5 M TBP in acetonitrile",TiO2 film (12 um),0.18,-,-,-,0,0
540.0,2.64,0.64,0.92,"0.6 M 1,2-dimethyl-3-n-propylimidazolium iodide (DMPImI), 0.1 M LiI, 0.05 M I2 and 0.5 M tert-butyl pyridine (TBP) in acetonitrile.",TiO2 film (14.5 um thick),0.25,-,-,-,0,0
571.0,6.86,0.692,2.71,"1,2-dimethyl-3-propylimidazolium iodide (0.6 M), LiI (0.1 M), tert-butylpyridine (0.5 M) and I2 (0.05 M) in acetonitrile",TiO2 film (12 uM thick + 3 uM scattering layer),0.16,-,-,-,0,0
730.0,10.93,0.68,5.43,0.6 M DMPImI + 0.1 M LiI + 0.05 M I2 + 0.5 M TBP in MPN,TiO2 16 uM thickness,0.2354,-,-,-,0,0
690.0,9.64,0.6,4.01,"0.6 M DMPII, 0.1 M LiI, 0.05 M I2 , 0.5 M TBP in AN/VN (85/15 by volume ratio)",TiO2 film (12 um),0.25,-,-,-,0,0
610.0,10.37,0.59,3.76,"0.6 M DMPII, 0.1 M LiI, 0.05 M I2 , 0.5 M TBP in AN/VN (85/15 by volume ratio)",TiO2 film (12 um),0.25,-,-,-,0,0
700.0,7.76,0.65,3.57,"0.6 M DMPII, 0.1 M LiI, 0.05 M I2 , 0.5 M TBP in AN/VN (85/15 by volume ratio)",TiO2 film (12 um),0.25,-,-,-,0,0
730.0,11.1,0.78,6.3,"0.6 M DMPII, 0.06 M LiI, 0.04 M I2 and 0.4 M TBP in AN",TiO2 film (12 um + 4 um scattering layer),0.159,-,-,-,0,0
720.0,10.4,0.745,5.6,"0.6 M DMPII, 0.02 M I2 , 0.1 M LiClO4 and 0.4 M TBP in AN.",TiO2 film (12 um + 4 um scattering layer),0.159,-,-,-,0,0
710.0,11.4,0.702,5.6,"0.6 M DMPIC, 0.02 M DMPIDC, 0.1 M LiClO4 , 0.4 M
TBP in AN",TiO2 film (12 um + 4 um scattering layer),0.159,-,-,-,0,0
760.0,9.8,0.7,5.2,"0.3 M DMPIC, 0.03 M DMPIDC, 0.1 M LiClO4 , 0.4 M TBP in AN",TiO2 film (12 um + 4 um scattering layer),0.159,-,-,-,0,0
720.0,9.0,0.703,4.6,"0.6 M DMPIC, 0.06 M DMPIDC, 0.1 M LiClO4 , 0.4 M TBP in AN",TiO2 film (12 um + 4 um scattering layer),0.159,-,-,-,0,0
760.0,8.8,0.761,5.1,"0.6 M DMPIC, 0.1 M DMPIDC, 0.1 M LiClO4 , 0.4 M TBP in AN",TiO2 film (12 um + 4 um scattering layer),0.159,-,-,-,0,0
700.0,8.7,0.704,4.3,"0.6 M DMPIC, 0.2 M DMPIDC, 0.1 M LiClO4 , 0.4 M TBP in AN",TiO2 film (12 um + 4 um scattering layer),0.159,-,-,-,0,0
680.0,9.1,0.625,3.9,"0.3 M DMPIC, 0.2 M DMPIDC, 0.1 M LiClO4 , 0.4 M TBP in AN",TiO2 film (12 um + 4 um scattering layer),0.159,-,-,-,0,0
628.0,8.09,0.68,3.46,"0.6 M tetrabutylammonium iodide (TBAI), 0.1 M LiI, 0.05 M I2 , 0.6 M DMPII, and 0.5 M 4-tert-
butylpyridine (TBP) in dry acetonitrile (ACN)",TiO2 film (12 um + 4 um scattering layer),0.25,-,-,-,0,0
669.0,13.35,0.62,5.53,"0.6 M tetrabutylammonium iodide (TBAI), 0.1 M LiI, 0.05 M I2 , 0.6 M DMPII, and 0.5 M 4-tert-
butylpyridine (TBP) in dry acetonitrile (ACN)",TiO2 film (12 um + 4 um scattering layer),0.25,-,-,-,0,0
620.0,8.28,0.68,3.49,"0.6 M tetrabutylammonium iodide (TBAI), 0.1 M LiI, 0.05 M I2 , 0.6 M DMPII, and 0.5 M 4-tert-
butylpyridine (TBP) in dry acetonitrile (ACN)",TiO2 film (12 um + 4 um scattering layer),0.25,-,-,-,0,0
580.0,3.2,0.69,1.3,"0.6 M 1,2-dimethyl-3-n-propylimidazolium iodide (DMPImI), 0.1 M LiI, 0.05 M I2 and 0.5 M tert-butyl pyridine (TBP) in acetonitrile.",TiO2 film (14.5 um thick),0.25,-,-,-,0,0
658.0,7.59,0.63,3.31,"0.1 M lithium iodide (LiI), 0.05 M iodine (I2), 0.6 M 1-propyl-2,3-dimethylimidazolium iodide (DMPII), and 0.5 M tert-butylpyridine (TBP) in an acetonitrile (ACN) and 3-methoxypropionitrile (MPN) solvent mixture (1:1 v/v)",TiO2 film (15 um transparent + 5 um scattering layer),0.16,124 nmol/cm2,-,-,0,0
664.0,7.07,0.66,3.1,"0.1 M lithium iodide (LiI), 0.05 M iodine (I2), 0.6 M 1-propyl-2,3-dimethylimidazolium iodide (DMPII), and 0.5 M tert-butylpyridine (TBP) in an acetonitrile (ACN) and 3-methoxypropionitrile (MPN) solvent mixture (1:1 v/v)",TiO2 film (15 um transparent + 5 um scattering layer),0.16,125 nmol/cm2,-,-,0,0
660.0,9.06,0.63,3.58,"0.1 M lithium iodide (LiI), 0.05 M iodine (I2), 0.6 M 1-propyl-2,3-dimethylimidazolium iodide (DMPII), and 0.5 M tert-butylpyridine (TBP) in an acetonitrile (ACN) and 3-methoxypropionitrile (MPN) solvent mixture (1:1 v/v)",TiO2 film (15 um transparent + 5 um scattering layer),0.16,129 nmol/cm2,-,-,0,0
648.0,10.03,0.66,4.38,"0.1 M lithium iodide (LiI), 0.05 M iodine (I2), 0.6 M 1-propyl-2,3-dimethylimidazolium iodide (DMPII), and 0.5 M tert-butylpyridine (TBP) in an acetonitrile (ACN) and 3-methoxypropionitrile (MPN) solvent mixture (1:1 v/v)",TiO2 film (15 um transparent + 5 um scattering layer),0.16,131 nmol/cm2,-,-,0,0
726.0,17.76,0.58,7.54,"0.3 M DMPII, 0.1 M LiI, 0.05 M I2 and 0.5 M 4-tert-butylpyridine in acetonitrile",TiO2 film (10 um transparent + 4 um scattering layer),0.196,136 nmol/cm2,-,-,0,0
548.0,2.37,0.695,0.9,"1,2-dimethyl-3-propylimidazolium iodide (0.6 M), LiI (0.1 M), tert-butylpyridine (0.5 M) and I2 (0.05 M) in acetonitrile",TiO2 film (12 uM thick + 3 uM scattering layer),0.16,-,20mM CDCA,-,1,0
497.0,2.04,0.68,0.69,"1,2-dimethyl-3-propylimidazolium iodide (0.6 M), LiI (0.1 M), tert-butylpyridine (0.5 M) and I2 (0.05 M) in acetonitrile",TiO2 film (12 uM thick + 3 uM scattering layer),0.16,-,-,-,0,0
497.0,2.04,0.68,0.69,"1,2-dimethyl-3-propylimidazolium iodide (0.6 M), LiI (0.1 M), tert-butylpyridine (0.5 M) and I2 (0.05 M) in acetonitrile",TiO2 film (12 um thick + 3 um scattering layer),0.16,-,-,-,0,0
704.0,9.62,0.671,4.55,"0.6 M 1-butyl-3-methylimidazolium iodide (BMII), 30 mM I2, 50 mM LiI, 0.5 M tert-butylpyridine and 0.1 M guanidinium thiocyanate (GuNCS) in a solvent mixture of acetonitrile and valeronitrile (85:15, V/V)",TiO2 film (8 um + 4 um scattering layer),0.16,324 nmol/cm2,5 mM CDCA,-,1,0
656.0,6.45,0.643,2.72,"0.6 M 1-butyl-3-methylimidazolium iodide (BMII), 30 mM I2, 50 mM LiI, 0.5 M tert-butylpyridine and 0.1 M guanidinium thiocyanate (GuNCS) in a solvent mixture of acetonitrile and valeronitrile (85:15, V/V)",TiO2 film (8 um + 4 um scattering layer),0.16,213 nmol/cm2,5 mM CDCA,-,1,0
740.0,13.29,0.68,6.68,"0.03 M I2 , 0.05 M LiI, 0.6 M tetrapropylammonium iodide (TPAI), and 0.5 M 4-tert-butypyridine (TBP) in a mixed solvent of acetonitrile and valeronitrile (85:15 v/v)",TiO2 film (9 um + 5 um scattering layer),0.25,-,20 mM CDCA,-,1,0
740.0,15.22,0.69,7.78,"0.03 M I2 , 0.05 M LiI, 0.6 M tetrapropylammonium iodide (TPAI), and 0.5 M 4-tert-butypyridine (TBP) in a mixed solvent of acetonitrile and valeronitrile (85:15 v/v)",TiO2 film (9 um + 5 um scattering layer),0.25,-,10 mM CDCA,-,1,0
700.0,13.1,0.68,6.21,"0.03 M I2 , 0.05 M LiI, 0.6 M tetrapropylammonium iodide (TPAI), and 0.5 M 4-tert-butypyridine (TBP) in a mixed solvent of acetonitrile and valeronitrile (85:15 v/v)",TiO2 film (9 um + 5 um scattering layer),0.25,-,5 mM CDCA,-,1,0
730.0,12.69,0.68,6.33,"0.03 M I2 , 0.05 M LiI, 0.6 M tetrapropylammonium iodide (TPAI), and 0.5 M 4-tert-butypyridine (TBP) in a mixed solvent of acetonitrile and valeronitrile (85:15 v/v)",TiO2 film (9 um + 5 um scattering layer),0.25,-,10 mM CDCA,-,1,0
740.0,11.46,0.69,5.88,"0.03 M I2 , 0.05 M LiI, 0.6 M tetrapropylammonium iodide (TPAI), and 0.5 M 4-tert-butypyridine (TBP) in a mixed solvent of acetonitrile and valeronitrile (85:15 v/v)",TiO2 film (9 um + 5 um scattering layer),0.25,-,10 mM CDCA,-,1,0
670.0,12.87,0.68,5.86,"0.03 M I2 , 0.05 M LiI, 0.6 M tetrapropylammonium iodide (TPAI), and 0.5 M 4-tert-butypyridine (TBP) in a mixed solvent of acetonitrile and valeronitrile (85:15 v/v)",TiO2 film (9 um + 5 um scattering layer),0.25,-,-,-,0,0
700.0,11.92,0.68,5.67,"0.03 M I2 , 0.05 M LiI, 0.6 M tetrapropylammonium iodide (TPAI), and 0.5 M 4-tert-butypyridine (TBP) in a mixed solvent of acetonitrile and valeronitrile (85:15 v/v)",TiO2 film (9 um + 5 um scattering layer),0.25,-,-,-,0,0
730.0,10.98,0.68,5.51,"0.03 M I2 , 0.05 M LiI, 0.6 M tetrapropylammonium iodide (TPAI), and 0.5 M 4-tert-butypyridine (TBP) in a mixed solvent of acetonitrile and valeronitrile (85:15 v/v)",TiO2 film (9 um + 5 um scattering layer),0.25,-,-,-,0,0
617.0,16.27,0.6,6.02,"0.6 M DMPImI, 0.1 M LiI, and 0.05 M I2 in acetonitrile",TiO2 film (12 um),0.18,-,-,-,0,0
720.0,12.85,0.68,6.12,"0.6 M DMPImI, 0.1 M LiI, and 0.05 M I2 with 0.5 M TBP in acetonitrile",TiO2 film (12 um),0.18,-,-,-,0,0
519.0,10.85,0.54,3.04,"0.6 M DMPImI, 0.1 M LiI, and 0.05 M I2 in acetonitrile",TiO2 film (12 um),0.18,-,-,-,0,0
640.0,7.5,0.65,3.12,"0.6 M DMPImI, 0.1 M LiI, and 0.05 M I2 with 0.5 M TBP in acetonitrile",TiO2 film (12 um),0.18,-,-,-,0,0
705.0,12.6,0.63,5.6,"0.3 M DMPII, 0.1 M LiI, 0.05 M I2 and 0.5 M 4-tert-butylpyridine in acetonitrile",TiO2 film (10 um transparent + 4 um scattering layer),0.196,175 nmol/cm2,-,-,0,0
736.0,13.38,0.65,6.42,"0.3 M DMPII, 0.1 M LiI, 0.05 M I2 and 0.5 M 4-tert-butylpyridine in acetonitrile",TiO2 film (10 um transparent + 4 um scattering layer),0.196,158 nmol/cm2,-,-,0,0
599.0,10.47,0.64,4.01,"1-propyl-2,3-dimethylimidazolium iodide (1.2 M), iodine (0.035 M), tert-butylpyridine (0.5 M) and guanidine thiocyanate (0.1 M) in acetonitrile/3-methoxypropionitrile mixture (8:2)",TiO2 film (12 um transparent + 4 um scattering layer),0.16,-,-,-,0,0
679.0,7.01,0.7,3.31,"1-propyl-2,3-dimethylimidazolium iodide (1.2 M), iodine (0.035 M), tert-butylpyridine (0.5 M) and guanidine thiocyanate (0.1 M) in acetonitrile/3-methoxypropionitrile mixture (8:2)",TiO2 film (12 um transparent + 4 um scattering layer),0.16,-,-,-,0,0
739.0,15.69,0.69,7.94,"0.1 M LiI, 0.05 M I2, 0.6 M 1-methyl-3-propyl-imidazolium iodide (PMII), and 0.5 M 4-tert-butylpyridine (TBP) in a mixture of acetonitrile and valeronitrile (volume ratio of 85:15)",TiO2 film (12 um transparent + 5 um scattering layer),0.12,-,-,-,0,0
487.0,3.6,0.7,1.23,"0.6 M 1,2-dimethyl-3-propylimidazolium iodide (DMPImI), 0.1 M LiI and 0.05 M I2 in acetonitrile",TiO2 film (12 um),0.25,-,-,-,0,0
590.0,13.64,0.66,5.31,"0.6 M 1,2-dimethyl-3-propylimidazolium iodide (DMPImI), 0.1 M LiI and 0.05 M I2 in acetonitrile",TiO2 film (12 um),0.25,-,-,-,0,0
451.0,7.3,0.69,2.26,"0.6 M 1,2-dimethyl-3-propylimidazolium iodide (DMPImI), 0.1 M LiI and 0.05 M I2 in acetonitrile",TiO2 film (12 um),0.25,-,-,-,0,0
580.0,11.85,0.67,4.61,"0.6 M 1,2-dimethyl-3-propylimidazolium iodide (DMPImI), 0.1 M LiI and 0.05 M I2 in acetonitrile",TiO2 film (12 um),0.25,-,-,-,0,0
634.7,11.6,0.7011,5.2,"3-propyl-1-methyl-imidazolium iodide (PMII, 0.7 M), lithium iodide (LiI, 0.2 M), iodine (I2 , 0.05 M), and t-butylpyridine (TBP, 0.5 M) in acetonitrile/valeronitrile (85:15)",TiO2 film,0.413,-,-,-,0,0
738.1,10.2,0.6881,5.2,"3-propyl-1-methyl-imidazolium iodide (PMII, 0.7 M), lithium iodide (LiI, 0.2 M), iodine (I2 , 0.05 M), and t-butylpyridine (TBP, 0.5 M) in acetonitrile/valeronitrile (85:15)",TiO2 film,0.408,-,-,-,0,0
580.0,3.72,0.66,1.43,"0.6 M DMPII, 0.5 M LiI, 0.05 M I2, 0.5 M TBP in an acetonitrrile",TiO2 14 um thick,,-,-,-,0,0
580.0,3.72,0.66,1.43,"0.6 M 1-butyl-3-methylimidazolium iodide (BMII), 0.05 M LiI, 0.03 M I2, 0.5 M 4-tert-butylpyridine, and 0.1 M guanidinium thiocyanate in acetonitrile–valeronitrile (85:15, v/v)",TiO2 film (12 um thick + 4 um scattering layer),0.125,-,-,-,0,0
590.0,4.28,0.67,1.7,"0.6 M DMPII, 0.5 M LiI, 0.05 M I2, 0.5 M TBP in an acetonitrrile",TiO2 14 um thick,,-,40 mM DCA,-,1,0
660.0,5.72,0.65,2.44,"0.6 M DMPII, 0.5 M LiI, 0.05 M I2, 0.5 M TBP in an acetonitrrile",TiO2 14 um thick,,-,1 mM HC-A1,-,1,0
796.0,12.49,0.748,7.44,"0.6 M 1,2-dimethyl-3-propylimidazolium iodide (DMPII), 0.1 M LiI and 0.05 M I2 in acetonitrile and 4-tert-butylpyridine (volume ratio, 1:1)",TiO2 film (12 um transparent + 6 um scattering layer),,-,-,-,0,0
797.0,11.78,0.707,6.64,"0.6 M 1,2-dimethyl-3-propylimidazolium iodide (DMPII), 0.1 M LiI and 0.05 M I2 in acetonitrile and 4-tert-butylpyridine (volume ratio, 1:1)",TiO2 film (12 um transparent + 6 um scattering layer),,-,-,-,0,0
814.0,11.38,0.726,6.72,"0.6 M 1,2-dimethyl-3-propylimidazolium iodide (DMPII), 0.1 M LiI and 0.05 M I2 in acetonitrile and 4-tert-butylpyridine (volume ratio, 1:1)",TiO2 film (12 um transparent + 6 um scattering layer),,-,-,-,0,0
764.0,10.9,0.728,6.06,"0.6 M 1,2-dimethyl-3-propylimidazolium iodide (DMPII), 0.1 M LiI and 0.05 M I2 in acetonitrile and 4-tert-butylpyridine (volume ratio, 1:1)",TiO2 film (12 um transparent + 6 um scattering layer),,-,-,-,0,0
670.0,6.575,0.7,3.14,"1-butyl-3-methylimidazolium iodide (0.7 M), lithium iodide (LiI, 0.2 M), iodine (I2, 0.05 M), and t-butylpyridine (TBP, 0.5 M) in acetonitrile/valeronitrile (85:15, v/v)",TiO2 film,,36700 nmol/cm2,-,-,0,0
695.0,8.817,0.68,4.03,"1-butyl-3-methylimidazolium iodide (0.7 M), lithium iodide (LiI, 0.2 M), iodine (I2, 0.05 M), and t-butylpyridine (TBP, 0.5 M) in acetonitrile/valeronitrile (85:15, v/v)",TiO2 film,,23500 nmol/cm2,-,-,0,0
705.0,8.754,0.68,4.02,"1-butyl-3-methylimidazolium iodide (0.7 M), lithium iodide (LiI, 0.2 M), iodine (I2, 0.05 M), and t-butylpyridine (TBP, 0.5 M) in acetonitrile/valeronitrile (85:15, v/v)",TiO2 film,,22100 nmol/cm2,-,-,0,0
675.0,5.76,0.6853,2.66,"1-butyl-3-methylimidazolium iodide (0.7 M), 4 lithium iodide (LiI, 0.2 M), iodine (I2, 0.05 M), and t-butylpyridine (TBP, 0.5 M) in acetonitrile/valeronitrile (85:15, v/v)",TiO2 film,,-,-,-,0,0
558.0,2.73,0.7346,1.12,"1-butyl-3-methylimidazolium iodide (0.7 M), 4 lithium iodide (LiI, 0.2 M), iodine (I2, 0.05 M), and t-butylpyridine (TBP, 0.5 M) in acetonitrile/valeronitrile (85:15, v/v)",TiO2 film,,-,-,-,0,0
780.0,15.42,0.68,8.5,"0.6 M 1-propyl-2,3-dimethyl-imidazolium iodide, 0.05 (M) LiI, 0.05 (M) I2, and 0.5 (M) 4-tertbutylpyridine in acetonitrile/valeronitrile solution (v/v 1:1)",TiO2 film,0.2,-,-,-,0,0
700.0,9.95,0.64,4.4,"0.0383 g of P25 TiO2 powder, 0.1 g of LiI, 0.019 g of I2, 0.264 g of poly(ethylene oxide) (PEO) and 44L of 4-tert-butyl-pyridine (TBP) in 1:1 accetonitrile/propylene carbonate",TiO2 film,,4.3e-8 mol/cm2,20 mM diphenyphosphinic acid,-,1,0
706.0,7.12,0.5463,2.74,"0.6 M 1-butyl-3-methylimidazolium iodide (BMII), 30 mM I2, 50 mM LiI, 0.5 M tert-butylpyridine and 0.1 M guanidiniumthiocyanate (GuNCS) in a mixed acetonitrile and valeronitrile (85:15, V/V)",TiO2 film,,8300 nmol/cm2,-,-,0,0
734.0,12.06,0.6006,5.32,"0.6 M 1-butyl-3-methylimidazolium iodide (BMII), 30 mM I2, 50 mM LiI, 0.5 M tert-butylpyridine and 0.1 M guanidiniumthiocyanate (GuNCS) in a mixed acetonitrile and valeronitrile (85:15, V/V)",TiO2 film,,5600 nmol/cm2,-,-,0,0
730.0,12.63,0.6175,5.64,"0.6 M 1-butyl-3-methylimidazolium iodide (BMII), 30 mM I2, 50 mM LiI, 0.5 M tert-butylpyridine and 0.1 M guanidiniumthiocyanate (GuNCS) in a mixed acetonitrile and valeronitrile (85:15, V/V)",TiO2 film,,7600 nmol/cm2,-,-,0,0
745.0,13.11,0.66,6.17,"0.1 M LiI, 0.05 M I2, 0.6 M DMPII, 0.5 M TBP in ACN and MPN solvent mixture (1:1 v/v)",TiO2 film (13 um transparent + 5 um scattering layer),0.16,-,-,-,0,0
739.0,14.68,0.68,7.11,"0.1 M LiI, 0.05 M I2, 0.6 M DMPII, 0.5 M TBP in ACN and MPN solvent mixture (1:1 v/v)",TiO2 film (13 um transparent + 5 um scattering layer),0.16,-,-,-,0,0
745.0,16.92,0.67,7.97,"0.1 M LiI, 0.05 M I2, 0.6 M DMPII, 0.5 M TBP in ACN and MPN solvent mixture (1:1 v/v)",TiO2 film (13 um transparent + 5 um scattering layer),0.16,-,-,-,0,0
713.0,15.99,0.66,7.55,"0.1 M LiI, 0.05 M I2, 0.6 M DMPII, 0.5 M TBP in ACN and MPN solvent mixture (1:1 v/v)",TiO2 film (13 um transparent + 5 um scattering layer),0.16,-,-,-,0,0
728.0,13.1,0.72,6.87,"I2 0.05 M, LiI 0.1 M, DMPII 0.6 M, and TBP 0.5 M in acetonitrile",TiO2 film (4.8 + 4.2 uM thick),0.12,212 nmol/cm2,-,-,0,0
720.0,13.45,0.68,6.59,"0.05 M LiI, 0.1 M I2, 0.6 M DMPImI and TBP in 3-methoxypropionitrile + 5 wt % poly(vinylidenefluoride-co-hexafluoropropylene)",TiO2 film (15 uM thick),0.16,-,-,-,0,0
670.0,10.96,0.69,5.07,"0.05 M LiI, 0.1 M I2, 0.6 M DMPImI and TBP in 3-methoxypropionitrile + 5 wt % poly(vinylidenefluoride-co-hexafluoropropylene)",TiO2 film (15 uM thick),0.16,-,-,-,0,0
720.0,11.39,0.69,5.66,"0.05 M LiI, 0.1 M I2, 0.6 M DMPImI and TBP in 3-methoxypropionitrile + 5 wt % poly(vinylidenefluoride-co-hexafluoropropylene)",TiO2 film (15 uM thick),0.16,-,-,-,0,0
640.0,9.7,0.68,4.22,"0.05 M LiI, 0.1 M I2, 0.6 M DMPImI and TBP in 3-methoxypropionitrile + 5 wt % poly(vinylidenefluoride-co-hexafluoropropylene)",TiO2 film (15 uM thick),0.16,-,-,-,0,0
780.0,13.84,0.71,7.66,"0.05 M LiI, 0.1 M I2, 0.6 M DMPImI and TBP in 3-methoxypropionitrile",TiO2 film (15 uM thick),0.16,-,-,-,0,0
720.0,11.51,0.73,6.05,"0.05 M LiI, 0.1 M I2, 0.6 M DMPImI and TBP in 3-methoxypropionitrile",TiO2 film (15 uM thick),0.16,-,-,-,0,0
780.0,11.86,0.73,6.75,"0.05 M LiI, 0.1 M I2, 0.6 M DMPImI and TBP in 3-methoxypropionitrile",TiO2 film (15 uM thick),0.16,-,-,-,0,0
680.0,10.02,0.73,4.97,"0.05 M LiI, 0.1 M I2, 0.6 M DMPImI and TBP in 3-methoxypropionitrile",TiO2 film (15 uM thick),0.16,-,-,-,0,0
670.0,9.33,0.73,4.56,"0.05 M LiI, 0.1 M I2, 0.6 M DMPImI and TBP in 3-methoxypropionitrile",TiO2 film (15 uM thick),0.16,-,-,-,0,0
730.0,8.6,0.7,4.39,"0.05 M LiI, 0.1 M I2, 0.6 M DMPImI and TBP in 3-methoxypropionitrile",TiO2 film (15 uM thick),0.16,-,-,-,0,0
745.0,14.2,0.71,7.56,"0.3 M DMPII, 0.1 M LiI, 0.05 M I2 and 0.5 M 4-tert-butylpyridine",TiO2 film (12 + 4 uM thick),0.16,121 nmol/cm2,-,-,0,0
757.0,15.3,0.71,8.28,"0.3 M DMPII, 0.1 M LiI, 0.05 M I2 and 0.5 M 4-tert-butylpyridine",TiO2 film (12 + 4 uM thick),0.16,128 nmol/cm2,-,-,0,0
705.0,14.0,0.69,6.82,"0.3 M DMPII, 0.1 M LiI, 0.05 M I2 and 0.5 M 4-tert-butylpyridine",TiO2 film (12 + 4 uM thick),0.16,155 nmol/cm2,-,-,0,0
648.0,10.8,0.6365,4.5,"3-propyl-1-methyl-imidazolium iodide (PMII, 0.7 M), lithium iodide (LiI, 0.2 M), iodine (I2 , 0.05 M), t-butylpyridine (TBP, 0.5 M) in acetonitrile/valeronitrile (85:15)",TiO2 film,0.418,-,-,-,0,0
528.5,4.8,0.5935,1.5,"3-propyl-1-methyl-imidazolium iodide (PMII, 0.7 M), lithium iodide (LiI, 0.2 M), iodine (I2 , 0.05 M), t-butylpyridine (TBP, 0.5 M) in acetonitrile/valeronitrile (85:15)",TiO2 film,0.402,-,-,-,0,0
740.0,11.11,0.59,4.84,"0.6 M 1,2-dimethyl-3-methylimidazolium iodide, 0.1 M LiI, 0.05 M I2 , 0.5 M TBP, 4-tert-butylpyridine, and 0.05 mM GUSCN (guanidine thiocyanate) in dry acetonitrile",TiO2 film,0.24,208 nmol/cm2,-,-,0,0
710.0,11.44,0.69,5.6,"0.5 M lithium iodide (LiI), 0.05 M iodine (I2), and 0.5 M 4-tert-butylpyridine in acetonitrile",TiO2 film (12 um + 6 um scattering layer),0.16,170  nmol/cm2,10 mM CDCA,-,1,0
690.0,10.92,0.7,5.27,"0.5 M lithium iodide (LiI), 0.05 M iodine (I2), and 0.5 M 4-tert-butylpyridine in acetonitrile",TiO2 film (12 um + 6 um scattering layer),0.16,180 nmol/cm2,-,-,0,0
512.0,7.7,0.67,2.65,"0.6 M DMPII, 0.1 M LiI, 0.1 M I2 in CH3CN",TiO2 film (12 um),0.25,210 nmol/cm2,-,-,0,0
548.0,11.82,0.7,4.52,"0.6 M DMPII, 0.1 M LiI, 0.1 M I2 in CH3CN",TiO2 film (12 um),0.25,230 nmol/cm2,-,-,0,0
522.0,10.02,0.67,3.52,"0.6 M DMPII, 0.1 M LiI, 0.1 M I2 in CH3CN",TiO2 film (12 um),0.25,275 nmol/cm2,-,-,0,0
710.0,11.43,0.7046,5.77,"0.6 M BMII, 0.05 M I2, 0.1 M LiI, and 0.5 M TBP in acetonitrile",TiO2 film,0.24,-,0.1 mM DCA,-,1,0
640.0,13.7,0.752,6.61,"0.6 M BMII, 0.05 M I2, 0.1 M LiI, and 0.5 M TBP in acetonitrile",TiO2 film,0.24,-,0.1 mM DCA,-,1,0
660.0,10.8,0.7063,5.09,"0.6 M BMII, 0.05 M I2, 0.1 M LiI, and 0.5 M TBP in acetonitrile",TiO2 film,0.24,-,-,-,0,0
693.0,9.17,0.5307,3.37,"0.6 M 1-butyl-3-methylimidazolium iodide (BMII), 30 mM I2, 50 mM LiI, 0.5 M tert-butylpyridine and 0.1 M guanidiniumthiocyanate (GuNCS) in a mixed acetonitrile and valeronitrile (85:15, V/V)",TiO2 film,,-,0.5 mM CDCA,-,1,0
690.0,10.54,0.63,4.63,"0.6 M 1,2-dimethyl-3-n-propylimidazolium iodide (DMPImI), 0.1 M LiI, and 0.05 M I2 in acetonitrile with 0.5 M 4-tertbutylpyridine",TiO2 film,0.25,-,-,-,0,0
680.0,12.21,0.65,5.46,"0.6 M 1,2-dimethyl-3-n-propylimidazolium iodide (DMPImI), 0.1 M LiI, and 0.05 M I2 in acetonitrile with 0.5 M 4-tertbutylpyridine",TiO2 film,0.25,-,-,-,0,0
590.0,12.16,0.68,4.89,"0.6 M DMPImI, 0.1 M LiI, 0.05 M I2 in CH3CN",TiO2 film (12 uM thick),0.25,171 nmol/cm2,-,-,0,0
550.0,9.44,0.63,3.24,"0.6 M DMPImI, 0.1 M LiI, 0.05 M I2 in CH3CN",TiO2 film (12 uM thick),0.25,174 nmol/cm2,-,-,0,0
500.0,6.46,0.71,2.28,"0.6 M DMPImI, 0.1 M LiI, 0.05 M I2 in CH3CN",TiO2 film (12 uM thick),0.25,183 nmol/cm2,-,-,0,0
490.0,6.17,0.71,2.14,"0.6 M DMPImI, 0.1 M LiI, 0.05 M I2 in CH3CN",TiO2 film (12 uM thick),0.25,188 nmol/cm2,-,-,0,0
756.0,12.26,0.66,6.14,iodide/triiodide,TiO2 film,0.16,812 nmol/cm2,-,-,0,0
740.0,11.92,0.66,5.85,iodide/triiodide,TiO2 film,0.16,948 nmol/cm2,-,-,0,0
705.0,10.92,0.68,5.25,iodide/triiodide,TiO2 film,0.16,1057 nmol/cm2,-,-,0,0
670.0,10.56,0.63,4.46,0.6 M DMPImI + 0.1 M LiI + 0.05 M I2 + 0.5 M TBP in MPN,TiO2 16 uM thickness,0.2354,-,-,-,0,0
689.0,9.56,0.69,4.54,"0.1 M LiI, 0.03 M I2, 0.6 M 1-methyl-3-propylimidazolium iodide, and 0.5 M tert-butylpyridine in dry acetonitrile",TiO2 film (10 um thick),0.16,280 nmol/cm2,-,-,0,0
719.0,9.67,0.72,5.0,"0.1 M LiI, 0.03 M I2, 0.6 M 1-methyl-3-propylimidazolium iodide, and 0.5 M tert-butylpyridine in dry acetonitrile",TiO2 film (10 um thick),0.16,220 nmol/cm2,10 mM CDCA,-,1,0
670.0,3.76,0.74,1.89,iodide/triiodide,TiO2 film,,-,-,-,0,0
650.0,6.89,0.73,3.28,iodide/triiodide,TiO2 film,,-,-,-,0,0
700.0,6.71,0.66,3.13,iodide/triiodide,TiO2 film,,-,-,-,0,0
658.0,10.6,0.7,4.91,"0.1 mol/L LiI, 0.05  mol/L I2, 0.6 mol/L DMPII, 0.5 mol/L tert-butylpyridine (TBP) in acetonitile (ACN)",TiO2 film (12 um + 4 um scattering layer),0.25,-,-,-,0,0
610.0,14.2,0.67,5.8,"0.6 M 1,2–dimethyl–3-n–propylimidazolium iodide (DMPImI), 0.1 M LiI, 0.05 M I2, and 0.5 M tertbutylpyridine (TBP) in acetonitrile",TiO2 film 12 um thick,0.18,61 nmol/cm2,-,-,0,0
640.0,13.5,0.66,5.7,"0.6 M 1,2–dimethyl–3-n–propylimidazolium iodide (DMPImI), 0.1 M LiI, 0.05 M I2, and 0.5 M tertbutylpyridine (TBP) in acetonitrile",TiO2 film 12 um thick,0.18,56 nmol/cm2,-,-,0,0
571.0,2.22,0.73,0.93,iodide/triiodide,TiO2 film (6 um thick),0.25,-,-,-,0,0
661.0,6.7,0.64,2.82,iodide/triiodide,TiO2 film (6 um thick),0.25,-,-,-,0,0
742.0,17.18,0.59,7.48,"0.3 M 1,2-dimethyl-3-propylimidazolium iodide (DMPII), 0.1 M LiI, 0.05 M I2 , and 0.5 M 4-tert-butyl pyridine in acetonitrile",TiO2 film (10 + 4 uM thick),0.196,117 nmol/cm2,-,-,0,0
688.0,15.4,0.62,6.56,"0.3 M 1,2-dimethyl-3-propylimidazolium iodide (DMPII), 0.1 M LiI, 0.05 M I2 , and 0.5 M 4-tert-butyl pyridine in acetonitrile",TiO2 film (10 + 4 uM thick),0.196,136 nmol/cm2,-,-,0,0
661.0,14.63,0.63,6.14,"0.3 M 1,2-dimethyl-3-propylimidazolium iodide (DMPII), 0.1 M LiI, 0.05 M I2 , and 0.5 M 4-tert-butyl pyridine in acetonitrile",TiO2 film (10 + 4 uM thick),0.196,165 nmol/cm2,-,-,0,0
680.0,15.92,0.74,8.01,iodide/triiodide,TiO2 film,,-,10 mM CDCA,N719,1,1
670.0,16.37,0.74,8.12,iodide/triiodide,TiO2 film,,-,10 mM CDCA,N719,1,1
690.0,10.2,0.74,5.22,iodide/triiodide,TiO2 film,,-,-,-,0,0
640.0,12.63,0.72,5.81,iodide/triiodide,TiO2 film,,-,-,-,0,0
710.0,8.33,0.69,4.04,iodide/triiodide,TiO2 film,,-,-,-,0,0
690.0,11.5,0.69,5.52,"0.6 M 1, 2- dimethyl-3-propylimidazolium iodide (DMPII), 0.025 M LiI, 0.04 M I2 , 0.05 M guanidium thiocyanate (GuSCN), and 0.28 M 4- tertbutylpyridine (TBP) in dry acetonitrile",TiO2 film,0.2,-,-,-,0,0
700.0,10.58,0.66,4.87,"0.6 M 1, 2- dimethyl-3-propylimidazolium iodide (DMPII), 0.025 M LiI, 0.04 M I2 , 0.05 M guanidium thiocyanate (GuSCN), and 0.28 M 4- tertbutylpyridine (TBP) in dry acetonitrile",TiO2 film,0.2,-,-,-,0,0
720.0,8.78,0.67,4.24,"0.6 M 1, 2- dimethyl-3-propylimidazolium iodide (DMPII), 0.025 M LiI, 0.04 M I2 , 0.05 M guanidium thiocyanate (GuSCN), and 0.28 M 4- tertbutylpyridine (TBP) in dry acetonitrile",TiO2 film,0.2,-,-,-,0,0
680.0,12.23,0.64,5.34,"0.6 M 1,2-dimethyl-3-n-propylimidazolium iodide (DMPImI), 0.1 M LiI, and 0.05 M I2 in acetonitrile with 0.5 M 4-tertbutylpyridine",TiO2 film,0.25,-,-,-,0,0
695.0,8.713,0.68,4.0,"1-butyl-3-methylimidazolium iodide (0.7 M), lithium iodide (LiI, 0.2 M), iodine (I2, 0.05 M), and t-butylpyridine (TBP, 0.5 M) in acetonitrile/valeronitrile (85:15, v/v)",TiO2 film,,24100 nmol/cm2,-,-,0,0
694.4,10.88,0.65,4.87,"1-propyl-2,3-dimethylimidazolium iodide (1.2 M),  iodine (0.035 M), tert-butylpyridine (0.5 M) and guanidine thiocyanate (0.1 M) dissolved in acetonitrile/3-methoxypropionitrile mixture (8:2)",TiO2 film (12 um thick + 4 um scattering layer),0.16,-,-,-,0,0
546.0,10.91,0.61,3.61,"0.6 M 1,2-dimethyl-3-propylimidazolium iodide (DMPII), 0.1 M LiI, and 0.1 M I2 in CH3CN",TiO2 film (10.5 um thick),0.25,199 nmol/cm2,-,-,0,0
670.0,13.0,0.66,5.75,"0.6 M 1,2–dimethyl–3-n–propylimidazolium iodide (DMPImI), 0.1 M LiI, 0.05 M I2, and 0.5 M tertbutylpyridine (TBP) in acetonitrile",TiO2 film 12 um thick,0.18,50 nmol/cm2,-,-,0,0
720.0,15.5,0.69,7.7,"0.6 M 1,2–dimethyl–3-n–propylimidazolium iodide (DMPImI), 0.1 M LiI, 0.05 M I2, and 0.5 M tertbutylpyridine (TBP) in acetonitrile",TiO2 film 12 um thick,0.18,68 nmol/cm2,-,-,0,0
780.0,12.8,0.68,7.0,"0.6 M 1-propyl-2,3-dimethyl-imidazolium iodide, 0.05 (M) LiI, 0.05 (M) I2, and 0.5 (M) 4-tertbutylpyridine in acetonitrile/valeronitrile solution (v/v 1:1)",TiO2 film,0.2,-,-,-,0,0
820.0,11.57,0.6826,6.7,"0.6 M 1-propyl-2,3-dimethyl-imidazolium iodide, 0.05 (M) LiI, 0.05 (M) I2, and 0.5 (M) 4-tertbutylpyridine in acetonitrile/valeronitrile solution (v/v 1:1)",TiO2 film,0.2,-,-,-,0,0
720.0,19.09,0.56,7.69,0.6 M of N-methyl-N-butylimidazolium iodide (BMII) + 0.1 M of LiI + 0.05 M of I2 + 0.5 M of 4-tert-butylpyridine (TBP) in acetonitrile,TiO2 film (7 um + 5 um scattering layer),0.16,272 nmol/cm2,-,-,0,0
650.0,14.74,0.54,5.17,0.6 M of N-methyl-N-butylimidazolium iodide (BMII) + 0.1 M of LiI + 0.05 M of I2 + 0.5 M of 4-tert-butylpyridine (TBP) in acetonitrile,TiO2 film (7 um + 5 um scattering layer),0.16,380 nmol/cm2,-,-,0,0
820.0,11.3,0.56,5.24,"0.05 M iodine, 0.5 M lithium iodide in propylene carbonate",TiO2 6 um thick,0.2,512 nmol/cm2,-,-,0,0
879.0,13.7,0.62,7.45,"0.05 M iodine, 0.5 M lithium iodide in propylene carbonate",TiO2 6 um thick,0.2,551 nmol/cm2,-,-,0,0
747.0,6.9,0.5,2.57,"0.05 M iodine, 0.5 M lithium iodide in propylene carbonate",TiO2 6 um thick,0.2,150 nmol/cm2,-,-,0,0
700.0,2.5,0.61,1.06,"0.05 M iodine, 0.5 M lithium iodide in propylene carbonate",TiO2 6 um thick,0.2,460 nmol/cm2,-,-,0,0
846.0,21.3,0.58,10.45,"0.05 M iodine, 0.5 M lithium iodide in propylene carbonate",TiO2 6 um thick,0.2,483 nmol/cm2,10 mM CDCA,-,1,0
846.0,24.2,0.59,12.1,"0.05 M iodine, 0.5 M lithium iodide in propylene carbonate",TiO2 6 um thick,0.2,520 nmol/cm2,10 mM CDCA,-,1,0
773.0,9.2,0.6,4.27,"0.05 M iodine, 0.5 M lithium iodide in propylene carbonate",TiO2 6 um thick,0.2,120 nmol/cm2,10 mM CDCA,-,1,0
763.0,9.6,0.58,4.2,"0.05 M iodine, 0.5 M lithium iodide in propylene carbonate",TiO2 6 um thick,0.2,150 nmol/cm2,10 mM CDCA,-,1,0
757.0,2.9,0.59,1.3,"0.05 M iodine, 0.5 M lithium iodide in propylene carbonate",TiO2 6 um thick,0.2,320 nmol/cm2,10 mM CDCA,-,1,0
758.0,3.9,0.59,1.7,"0.05 M iodine, 0.5 M lithium iodide in propylene carbonate",TiO2 6 um thick,0.2,430 nmol/cm2,10 mM CDCA,-,1,0
736.0,7.81,0.74,4.6,"0.1 M LiI, 0.6 M 1,2-dimethyl-3-propylimidazoliumiodide, 0.2 M I2, and 0.5 M 4-tert-butylpyridine in3-methoxypropionitrile",TiO2 4 uM thickness,0.16,-,-,-,0,0
693.0,7.08,0.71,3.5,"0.1 M LiI, 0.6 M 1,2-dimethyl-3-propylimidazoliumiodide, 0.2 M I2, and 0.5 M 4-tert-butylpyridine in3-methoxypropionitrile",TiO2 4 uM thickness,0.16,-,-,-,0,0
696.0,6.02,0.72,3.2,"0.1 M LiI, 0.6 M 1,2-dimethyl-3-propylimidazoliumiodide, 0.2 M I2, and 0.5 M 4-tert-butylpyridine in3-methoxypropionitrile",TiO2 4 uM thickness,0.16,-,-,-,0,0
760.0,3.07,0.74,1.54,I2 (0.05 M)/LiI (0.1 M)/tetrapropylammonium iodide (0.4 M)/4-tert-butylpyridine (0.4 M) in a valeronitrile/acetonitrile 15:85 (v/v),TiO2,0.25,183 nmol/cm2,-,-,0,0
710.0,5.04,0.72,2.54,I2 (0.05 M)/LiI (0.1 M)/tetrapropylammonium iodide (0.4 M)/4-tert-butylpyridine (0.4 M) in a valeronitrile/acetonitrile 15:85 (v/v),TiO2,0.25,152 nmol/cm2,-,-,0,0
770.0,7.2,0.68,3.23,I2 (0.05 M)/LiI (0.1 M)/tetrapropylammonium iodide (0.4 M)/4-tert-butylpyridine (0.4 M) in a valeronitrile/acetonitrile 15:85 (v/v),TiO2,0.25,157 nmol/cm2,-,-,0,0
770.0,1.712,0.641,0.695,"0.05M I2, 0.5M 1,2-dimethyl-3-n-propylimidazolium iodide (DMPI) and 0.5Mlithium iodide (LiI) in methoxypropionitrile (MPN)",TiO2,,-,-,-,0,0
700.0,10.29,0.68,4.87,"0.6 M 1,2-dimethyl-3-n-propylimidazolium iodide (DMPImI), 0.1 M LiI, and 0.05 M I2 in acetonitrile with 0.5 M 4-tertbutylpyridine",TiO2 film,0.25,-,-,-,0,0
547.0,4.31,0.692,1.63,"1,2-dimethyl-3-propylimidazolium iodide (0.6 M), LiI (0.1 M), tert-butylpyridine (0.5 M) and I2 (0.05 M) in acetonitrile",TiO2 film (12 uM thick + 3 uM scattering layer),0.16,-,20mM CDCA,-,1,0
547.0,4.31,0.692,1.63,"1,2-dimethyl-3-propylimidazolium iodide (0.6 M), LiI (0.1 M), tert-butylpyridine (0.5 M) and I2 (0.05 M) in acetonitrile",TiO2 film (12 um thick + 3 um scattering layer),0.16,-,20 mM CDCA,-,1,0
512.0,3.72,0.626,1.21,"1,2-dimethyl-3-propylimidazolium iodide (0.6 M), LiI (0.1 M), tert-butylpyridine (0.5 M) and I2 (0.05 M) in acetonitrile",TiO2 film (12 uM thick + 3 uM scattering layer),0.16,-,-,-,0,0
646.0,8.59,0.717,3.97,"1,2-dimethyl-3-propylimidazolium iodide (0.6 M), LiI (0.1 M), tert-butylpyridine (0.5 M) and I2 (0.05 M) in acetonitrile",TiO2 film (12 uM thick + 3 uM scattering layer),0.16,-,20mM CDCA,-,1,0
680.0,8.58,0.699,4.08,"1,2-dimethyl-3-propylimidazolium iodide (0.6 M), LiI (0.1 M), tert-butylpyridine (0.5 M) and I2 (0.05 M) in acetonitrile",TiO2 film (12 uM thick + 3 uM scattering layer),0.16,-,20mM CDCA,-,1,0
650.0,8.3,0.691,3.73,"1,2-dimethyl-3-propylimidazolium iodide (0.6 M), LiI (0.1 M), tert-butylpyridine (0.5 M) and I2 (0.05 M) in acetonitrile",TiO2 film (12 uM thick + 3 uM scattering layer),0.16,-,-,-,0,0
635.0,7.35,0.67,3.64,0.03 m I2/0.6 m LiI/0.1 m guanidinium thiocyanate/0.5 m tert-butylpyridine in a 15:85 (v/v) benzonitrile/acetonitrile solution,TiO2 11 uM thickness,0.25,-,-,-,0,0
666.0,9.7,0.68,4.8,0.03 m I2/0.6 m LiI/0.1 m guanidinium thiocyanate/0.5 m tert-butylpyridine in a 15:85 (v/v) benzonitrile/acetonitrile solution,TiO2 11 uM thickness,0.25,-,-,-,0,0
601.0,11.31,0.71,5.69,0.03 m I2/0.6 m LiI/0.1 m guanidinium thiocyanate/0.5 m tert-butylpyridine in a 15:85 (v/v) benzonitrile/acetonitrile solution,TiO2 11 uM thickness,0.25,-,-,-,0,0
612.0,9.94,0.69,4.82,0.03 m I2/0.6 m LiI/0.1 m guanidinium thiocyanate/0.5 m tert-butylpyridine in a 15:85 (v/v) benzonitrile/acetonitrile solution,TiO2 11 uM thickness,0.25,-,-,-,0,0
750.0,9.98,0.67,4.62,0.03 m I2/0.6 m LiI/0.1 m guanidinium thiocyanate/0.5 m tert-butylpyridine in a 15:85 (v/v) benzonitrile/acetonitrile solution,TiO2 11 uM thickness,0.25,-,-,-,0,0
690.0,8.71,0.7,4.3,"0.02 M LiI + 0.04 M I2 + 0.6 M MBII 0.28 M TBP + 0.05 M guanidine thiocyanate (volume ratio, 7:3)",TiO2 10 uM thickness,0.159,-,CDCA 0 uM,-,1,0
730.0,8.59,0.67,4.27,"0.02 M LiI + 0.04 M I2 + 0.6 M MBII 0.28 M TBP + 0.05 M guanidine thiocyanate (volume ratio, 7:3)",TiO2 10 uM thickness,0.159,-,CDCA 2 uM,-,1,0
670.0,8.45,0.7,4.44,"0.02 M LiI + 0.04 M I2 + 0.6 M MBII 0.28 M TBP + 0.05 M guanidine thiocyanate (volume ratio, 7:3)",TiO2 10 uM thickness,0.159,-,CDCA 5 uM,-,1,0
740.0,7.91,0.69,4.04,"0.02 M LiI + 0.04 M I2 + 0.6 M MBII 0.28 M TBP + 0.05 M guanidine thiocyanate (volume ratio, 7:3)",TiO2 10 uM thickness,0.159,-,CDCA 10 uM,-,1,0
630.0,4.0,0.796,3.68,"0.9 M 1,2-dimethyl-3-butylimidazolium bromide (DMBIBr), 0.08 M Br2, and 0.5 M TBP electrolyte in dried CH3CN",TiO2 12 uM + 4 uM scattering layer,0.159,-,CDCA,-,1,0
680.0,4.93,0.713,3.66,"0.9 M DMBIBr, 0.8 M LiBr, 0.08 M Br2, and 0.5 M TBP electrolyte in dried CH3CN",TiO2 12 uM + 4 uM scattering layer,0.159,-,CDCA,-,1,0
740.0,4.42,0.767,2.36,"0.6 M 1,2-dimethyl-3-propylimidazolium iodide (DMPII), 0.06 M LiI, 0.04 M I2, and 0.4 M TBP in dried CH3CN",TiO2 12 uM + 4 uM scattering layer,0.159,-,CDCA,-,1,0
730.0,7.12,0.781,5.22,"0.9 M 1,2-dimethyl-3-butylimidazolium bromide (DMBIBr), 0.08 M Br2, and 0.5 M TBP electrolyte in dried CH3CN",TiO2 12 uM + 4 uM scattering layer,0.159,-,CDCA,-,1,0
915.0,7.36,0.752,5.07,"0.9 M DMBIBr, 0.8 M LiBr, 0.08 M Br2, and 0.5 M TBP electrolyte in dried CH3CN",TiO2 12 uM + 4 uM scattering layer,0.159,-,CDCA,-,1,0
621.0,8.76,0.754,4.1,"0.6 M 1,2-dimethyl-3-propylimidazolium iodide (DMPII), 0.06 M LiI, 0.04 M I2, and 0.4 M TBP in dried CH3CN",TiO2 12 uM + 4 uM scattering layer,0.159,-,CDCA,-,1,0
562.0,8.25,0.64,2.98,"1-propyl-2,3-dimethylimidazolium iodide (1.2 M), iodine (0.035 M), tert-butylpyridine (0.5 M) and guanidine thiocyanate (0.1 M) dissolved in acetonitrile/3-methoxypropionitrile mixture (8:2)",TiO2 12 uM thickness,0.16,-,-,-,0,0
666.0,15.6,0.62,6.44,"1-propyl-2,3-dimethylimidazolium iodide (1.2 M), iodine (0.035 M), tert-butylpyridine (0.5 M) and guanidine thiocyanate (0.1 M) dissolved in acetonitrile/3-methoxypropionitrile mixture (8:2)",TiO2 12 uM thickness,0.16,-,-,-,0,0
616.0,16.2,0.61,6.1,"1-propyl-2,3-dimethylimidazolium iodide (1.2 M), iodine (0.035 M), tert-butylpyridine (0.5 M) and guanidine thiocyanate (0.1 M) dissolved in acetonitrile/3-methoxypropionitrile mixture (8:2)",TiO2 12 uM thickness,0.16,-,-,-,0,0
630.0,12.5,0.61,4.77,"1-propyl-2,3-dimethylimidazolium iodide (1.2 M), iodine (0.035 M), tert-butylpyridine (0.5 M) and guanidine thiocyanate (0.1 M) dissolved in acetonitrile/3-methoxypropionitrile mixture (8:2)",TiO2 12 uM thickness,0.16,-,-,-,0,0
760.0,7.09,0.71,3.9,"0.1M LiI, 0.6M 1,2-dimethyl-3-propanediol (DMPImI), 0.05M I2, and 0.5M 4-tert-butylpyridine (tBP) in CH3CN",TiO2 12 uM thickness,0.2399,-,-,-,0,0
710.0,5.65,0.72,2.9,"0.1M LiI, 0.6M 1,2-dimethyl-3-propanediol (DMPImI), 0.05M I2, and 0.5M 4-tert-butylpyridine (tBP) in CH3CN",TiO2 12 uM thickness,0.2399,-,-,-,0,0
770.0,7.11,0.73,4.0,"0.1M LiI, 0.6M 1,2-dimethyl-3-propanediol (DMPImI), 0.05M I2, and 0.5M 4-tert-butylpyridine (tBP) in CH3CN",TiO2 12 uM thickness,0.2399,-,-,-,0,0
616.0,13.6,0.65,5.45,"0.1 M LiI, 0.6 M 1-propyl-2,3-dimethylimidazolium iodide (DMPII), 0.05 M I 2 , and 0.5 M tert-butylpyridine (TBP) in a 1:1 solvent mixture of acetonitrile/3-methoxypropionitrile",TiO2 film (14 uM thick + 4.5 uM scattering layer),,-,20mM CDCA,-,1,0
701.0,10.5,0.63,4.8,"0.1 M LiI, 0.6 M 1,2-dimethyl-3-propylimidazoliumiodide, 0.2 M I2, and 0.5 M 4-tert-butylpyridine in3-methoxypropionitrile",TiO2 4 uM thickness,0.16,-,-,-,0,0
555.0,2.186,0.626,0.819,"0.05M I2, 0.5M 1,2-dimethyl-3-n-propylimidazolium iodide (DMPI) and 0.5Mlithium iodide (LiI) in methoxypropionitrile (MPN)",TiO2,,-,-,-,0,0
620.0,18.3,0.61,6.92,"0.1 M LiI, 0.6 M 1-propyl-2,3-dimethylimidazolium iodide (DMPII), 0.05 M I 2 , and 0.5 M tert-butylpyridine (TBP) in a 1:1 solvent mixture of acetonitrile/3-methoxypropionitrile",TiO2 film (14 uM thick + 4.5 uM scattering layer),,-,10mM CDCA,-,1,0
628.0,19.3,0.59,7.2,"0.1 M LiI, 0.6 M 1-propyl-2,3-dimethylimidazolium iodide (DMPII), 0.05 M I 2 , and 0.5 M tert-butylpyridine (TBP) in a 1:1 solvent mixture of acetonitrile/3-methoxypropionitrile",TiO2 film (14 uM thick + 4.5 uM scattering layer),,-,1mM CDCA,-,1,0
630.0,18.1,0.6,6.83,"0.1 M LiI, 0.6 M 1-propyl-2,3-dimethylimidazolium iodide (DMPII), 0.05 M I 2 , and 0.5 M tert-butylpyridine (TBP) in a 1:1 solvent mixture of acetonitrile/3-methoxypropionitrile",TiO2 film (14 uM thick + 4.5 uM scattering layer),,-,-,-,0,0
660.0,15.3,0.6,6.05,"0.1 M LiI, 0.6 M 1-propyl-2,3-dimethylimidazolium iodide (DMPII), 0.05 M I 2 , and 0.5 M tert-butylpyridine (TBP) in a 1:1 solvent mixture of acetonitrile/3-methoxypropionitrile",TiO2 film (14 uM thick + 4.5 uM scattering layer),,-,-,-,0,0
680.0,4.39,0.71,2.15,"0.6 M 1,2-dimethyl-3-propylimidazolium iodide (DMPII), 0.025 M LiI, 0.04 MI 2 , 0.05 M guanidium thiocyanate (GuSCN), and 0.28 M 4-tertbutylpyridine (TBP) in dry acetonitrile",TiO2,0.25,-,-,-,0,0
595.0,5.76,0.71,2.43,"0.6 M tetrabutylammonium iodide (TBAI), 0.1 M LiI, 0.05 M I2 , 0.6 M DMPII, and 0.5 M 4-tert-
butylpyridine (TBP) in dry acetonitrile (ACN)",TiO2 film (12 um + 4 um scattering layer),0.25,-,-,-,0,0
670.0,4.18,0.74,2.09,"0.6 M 1,2-dimethyl-3-propylimidazolium iodide (DMPII), 0.025 M LiI, 0.04 MI 2 , 0.05 M guanidium thiocyanate (GuSCN), and 0.28 M 4-tertbutylpyridine (TBP) in dry acetonitrile",TiO2,0.25,-,-,-,0,0
730.0,13.8,0.73,7.4,"0.6 M dimethylpropyl-imidazolium iodide (DMPII), 0.2 M I2, 0.1M LiI and 0.5 M tert-butylpyridine (TBP) in acetonitrile (AN)",TiO2 15 uM thickness,0.25,-,DCA 20 uM,-,1,0
740.0,13.9,0.68,7.0,"0.6 M dimethylpropyl-imidazolium iodide (DMPII), 0.05 M I2, 0.1M LiI and 0.5 M tert-butylpyridine (TBP) in acetonitrile (AN)",TiO2 15 uM thickness,0.25,85 nmol/cm2,DCA 20 uM,-,1,0
680.0,13.1,0.73,6.5,"0.6 M dimethylpropyl-imidazolium iodide (DMPII), 0.05 M I2, 0.1M LiI and 0.5 M tert-butylpyridine (TBP) in acetonitrile (AN)",TiO2 15 uM thickness,0.25,98 nmol/cm2,DCA 20 uM,-,1,0
630.0,13.2,0.7,5.9,"0.6 M dimethylpropyl-imidazolium iodide (DMPII), 0.05 M I2, 0.1M LiI and 0.5 M tert-butylpyridine (TBP) in acetonitrile (AN)",TiO2 15 uM thickness,0.25,97 nmol/cm2,DCA 20 uM,-,1,0
700.0,15.5,0.62,6.7,"0.6 M 1,2-dimethyl-3-n-propylimidazolium iodide (DMPImI) + 0.1 M LiI + 0.2 M I2 + 0.5 M 4-tert-butylpyridine (TBP) in acetonitrile (AN)",TiO2 14 uM thickness,0.2354,-,-,-,0,0
710.0,15.4,0.67,7.3,"0.6 M 1,2-dimethyl-3-n-propylimidazolium iodide (DMPImI) + 0.1 M LiI + 0.2 M I2 + 0.5 M 4-tert-butylpyridine (TBP) in acetonitrile (AN)",TiO2 14 uM thickness,0.2354,-,-,-,0,0
710.0,10.34,0.51,3.6,"LiI (0.1 g), I2 (0.019 g), propylene carbonate (5 mL), P25 TiO2 (0.0383 g), PEO (0.2648 g), and 4-tert-butylpyridine (0.044 mL) into acetonitrile (5 mL) solvent",zinc titanium oxide film,,-,-,-,0,0
708.0,16.0,0.67,7.62,"0.3M DMPII, 0.1M LiI, 0.05M I2, and 0.5M 4-tertbutyl pyridine in acetonitrile",TiO2 film (10 um thick + 4 um scattering layer),0.16,-,-,-,0,0
701.0,14.8,0.63,6.48,"0.3M DMPII, 0.1M LiI, 0.05M I2, and 0.5M 4-tertbutyl pyridine in acetonitrile",TiO2 film (10 um thick + 4 um scattering layer),0.16,-,-,-,0,0
742.0,14.1,0.67,7.03,"0.3M DMPII, 0.1M LiI, 0.05M I2, and 0.5M 4-tertbutyl pyridine in acetonitrile",TiO2 film (10 um thick + 4 um scattering layer),0.16,-,-,-,0,0
589.0,7.61,0.63,2.81,"0.1 mol/L LiI, 0.05  mol/L I2, 0.6 mol/L DMPII, 0.5 mol/L tert-butylpyridine (TBP) in acetonitile (ACN)",TiO2 film (12 um + 4 um scattering layer),0.25,-,-,-,0,0
720.0,4.75,0.71,2.4,spiro-MeOTAD as hole-transporting material,TiO2 film (1.7 um thick),0.13,-,-,-,0,0
780.0,6.08,0.68,3.2,spiro-MeOTAD as hole-transporting material,TiO2 film (1.7 um thick),0.13,-,-,-,0,0
780.0,5.87,0.72,3.3,spiro-MeOTAD as hole-transporting material,TiO2 film (1.7 um thick),0.13,-,-,-,0,0
660.0,4.55,0.58,1.8,spiro-MeOTAD as hole-transporting material,TiO2 film (1.7 um thick),0.13,-,-,-,0,0
734.0,15.34,0.72,8.07,"0.8 M 1-methyl-3-propyl imidazolium iodide (PMII), 0.1 M lithium iodide (LiI), 0.05 M iodine (I2), and 0.5 M 4-tert-butylpyridine dissolved in acetonitrile",TiO2 film (12 um transparent + 6 um scat­tering layer),0.16,-,5 mM CDCA,-,1,0
712.0,11.43,0.73,7.52,"0.8 M 1-methyl-3-propyl imidazolium iodide (PMII), 0.1 M lithium iodide (LiI), 0.05 M iodine (I2), and 0.5 M 4-tert-butylpyridine dissolved in acetonitrile",TiO2 film (12 um transparent + 6 um scat­tering layer),0.16,-,-,-,0,0
715.0,12.48,0.74,6.58,"0.8 M 1-methyl-3-propyl imidazolium iodide (PMII), 0.1 M lithium iodide (LiI), 0.05 M iodine (I2), and 0.5 M 4-tert-butylpyridine dissolved in acetonitrile",TiO2 film (12 um transparent + 6 um scat­tering layer),0.16,-,5 mM CDCA,-,1,0
600.0,12.2,0.64,4.5,solid organic ionic conductors,TiO2 9 um thick,0.25,-,-,-,0,0
590.0,14.1,0.62,5.3,solid organic ionic conductors,TiO2 9 um thick,0.25,-,-,-,0,0
770.0,7.06,0.74,4.0,"0.1M LiI, 0.6M 1,2-dimethyl-3-propanediol (DMPImI), 0.05M I2, and 0.5M 4-tert-butylpyridine (tBP) in CH3CN",TiO2 12 uM thickness,0.2399,-,-,-,0,0
555.0,2.79,0.64,0.99,"0.1 M LiI, 0.6 M DMPII, 0.05 M I2, and 0.5 M TBP in 3-methoxypropionitrile (MPN)/ACN (volume ratio of 1:1)",TiO2 14 uM thickness,0.16,-,-,-,0,0
635.0,9.98,0.66,4.22,"0.1 M LiI, 0.6 M DMPII, 0.05 M I2, and 0.5 M TBP in 3-methoxypropionitrile (MPN)/ACN (volume ratio of 1:1)",TiO2 14 uM thickness,0.16,-,-,-,0,0
666.0,11.22,0.66,4.95,"0.1 M LiI, 0.6 M DMPII, 0.05 M I2, and 0.5 M TBP in 3-methoxypropionitrile (MPN)/ACN (volume ratio of 1:1)",TiO2 14 uM thickness,0.16,-,-,-,0,0
601.0,15.78,0.64,6.04,"0.1 M LiI, 0.6 M DMPII, 0.05 M I2, and 0.5 M TBP in 3-methoxypropionitrile (MPN)/ACN (volume ratio of 1:1)",TiO2 14 uM thickness,0.16,-,-,-,0,0
612.0,14.0,0.64,5.48,"0.1 M LiI, 0.6 M DMPII, 0.05 M I2, and 0.5 M TBP in 3-methoxypropionitrile (MPN)/ACN (volume ratio of 1:1)",TiO2 14 uM thickness,0.16,-,-,-,0,0
750.0,9.9,0.67,4.97,0.6 M DMPImI + 0.1 M LiI + 0.05 M I2 + 0.5 M TBP in MPN,TiO2 16 uM thickness,0.2354,-,-,-,0,0
690.0,10.67,0.68,5.01,0.6 M DMPImI + 0.1 M LiI + 0.05 M I2 + 0.5 M TBP in MPN,TiO2 16 uM thickness,0.2354,-,-,-,0,0
670.0,10.16,0.64,4.36,0.6 M DMPImI + 0.1 M LiI + 0.2 M I2 + 0.5 M TBP in MPN,TiO2 16 uM thickness,0.2354,-,-,-,0,0
700.0,11.38,0.6,4.78,0.6 M DMPImI + 0.1 M LiI + 0.2 M I2 + 0.5 M TBP in MPN,TiO2 16 uM thickness,0.2354,-,-,-,0,0
740.0,14.2,0.72,7.6,0.6 M DMPImI + 0.1 M LiI + 0.05 M I2 + 0.5 M TBP in AN,TiO2 16 uM thickness,0.2354,-,-,-,0,0
730.0,15.22,0.75,8.3,0.6 M DMPImI + 0.1 M LiI + 0.2 M I2 + 0.5 M TBP in AN,TiO2 16 uM thickness,0.2354,-,-,-,0,0
740.0,14.0,0.74,7.7,0.6 M DMPImI + 0.1 M LiI + 0.05 M I2 + 0.5 M TBP in acetonitrile,TiO2 film 30 um,0.2354,-,-,-,0,0
630.0,10.8,0.71,4.8,0.6 M DMPImI + 0.1 M LiI + 0.05 M I2 + 0.5 M TBP in acetonitrile,TiO2 film 6.5 um,0.2354,-,-,-,0,0
640.0,10.2,0.72,4.7,0.6 M DMPImI + 0.1 M LiI + 0.05 M I2 + 0.5 M TBP in acetonitrile,TiO2 film 6.5 um,0.2354,-,-,-,0,0
720.0,12.3,0.71,6.3,0.6 M DMPImI + 0.1 M LiI + 0.05 M I2 + 0.5 M TBP in acetonitrile,TiO2 film 6.5 um,0.2354,-,-,-,0,0
720.0,12.4,0.71,6.3,0.6 M DMPImI + 0.1 M LiI + 0.05 M I2 + 0.5 M TBP in acetonitrile,TiO2 film 6.5 um,0.2354,-,-,-,0,0
710.0,11.1,0.71,5.6,0.6 M DMPImI + 0.1 M LiI + 0.05 M I2 + 0.5 M TBP in acetonitrile,TiO2 film 6.5 um,0.2354,-,-,-,0,0
720.0,10.9,0.71,5.6,0.6 M DMPImI + 0.1 M LiI + 0.05 M I2 + 0.5 M TBP in acetonitrile,TiO2 film 6.5 um,0.2354,-,-,-,0,0
690.0,5.41,0.63,2.35,"0.3 M 1,2-dimethyl-3-propylimidazolium iodide (DMPII), 0.03 M I2 , 0.07 M LiI, 0.1 M guandine thiocyanate, and 0.4 M 4-tert-butylpyridine
(TBP)",TiO2 film 12 um,0.36,-,-,-,0,0
674.0,4.2,0.66,1.88,"0.6 M 1,3-dimethylimidazolium iodide (DMII), 50 mM LiI, 30 mM I 2 , 0.5 M tert-butylpyridine and 0.1 M guanidinium thiocyanate (GuNCS) in a solvent mixture of acetonitrile and valeronitrile (85:15)",TiO2 film 12 um,0.36,140 nmol/cm2,-,-,0,0
682.0,4.55,0.69,2.14,"0.6 M 1-methyl-3-propylimidazolium iodide (PMII), 0.10 M guanidinium thiocyanate, 0.03 M I 2 , 0.5 M tert-butylpyridine in acetonitrile, and valeronitrile (85 : 15)",TiO2 thin film (20 nm particle size),0.16,280 nmol/cm2,-,-,0,0
740.0,8.9,0.66,4.8,solid organic ionic conductors,TiO2 9 um thick,0.25,-,-,-,0,0
720.0,10.8,0.64,5.7,solid organic ionic conductors,TiO2 9 um thick,0.25,-,-,-,0,0
762.0,7.51,0.76,4.35,"I2 0.05 M, LiI 0.1 M, DMPII 0.6 M, and TBP 0.5 M in acetonitrile",TiO2 film (4.8 + 4.2 uM thick),0.12,278 nmol/cm2,-,-,0,0
650.0,3.3,0.67,1.44,"1 M 1-methyl-3-propylimidazolium iodide (PMII), 0.03 M I2 , 0.05 M LiI, 0.5 M 4-tert-butylpyridine (4-TBP), 0.1 M guadinium thiocyanate (GNCS) in a mixture of acetonitrile and valeronitrile (8.5:1.5, v/v)",TiO2,0.25,550 nmol/cm2,-,-,0,0
750.0,8.59,0.71,4.57,"1 M 1-methyl-3-propylimidazolium iodide (PMII), 0.03 M I2 , 0.05 M LiI, 0.5 M 4-tert-butylpyridine (4-TBP), 0.1 M guadinium thiocyanate (GNCS) in a mixture of acetonitrile and valeronitrile (8.5:1.5, v/v)",TiO2,0.25,1220 nmol/cm2,-,-,0,0
740.0,4.7,0.73,2.52,"1 M 1-methyl-3-propylimidazolium iodide (PMII), 0.03 M I2 , 0.05 M LiI, 0.5 M 4-tert-butylpyridine (4-TBP), 0.1 M guadinium thiocyanate (GNCS) in a mixture of acetonitrile and valeronitrile (8.5:1.5, v/v)",TiO2,0.25,1200 nmol/cm2,-,-,0,0
760.0,8.47,0.7,4.54,"1 M 1-methyl-3-propylimidazolium iodide (PMII), 0.03 M I2 , 0.05 M LiI, 0.5 M 4-tert-butylpyridine (4-TBP), 0.1 M guadinium thiocyanate (GNCS) in a mixture of acetonitrile and valeronitrile (8.5:1.5, v/v)",TiO2,0.25,1260 nmol/cm2,-,-,0,0
720.0,3.69,0.7,1.87,"1 M 1-methyl-3-propylimidazolium iodide (PMII), 0.03 M I2 , 0.05 M LiI, 0.5 M 4-tert-butylpyridine (4-TBP), 0.1 M guadinium thiocyanate (GNCS) in a mixture of acetonitrile and valeronitrile (8.5:1.5, v/v)",TiO2,0.25,760 nmol/cm2,-,-,0,0
630.0,11.27,0.61,4.35,"0.3 M 1,2-dimethyl-3-propylimidazolium iodide (DMPII), 0.03 M I2 , 0.07 M LiI, 0.1 M guandine thiocyanate, and 0.4 M 4-tert-butylpyridine
(TBP)",TiO2 film 12 um,0.36,-,-,-,0,0
680.0,12.22,0.6,4.96,"0.3 M 1,2-dimethyl-3-propylimidazolium iodide (DMPII), 0.03 M I2 , 0.07 M LiI, 0.1 M guandine thiocyanate, and 0.4 M 4-tert-butylpyridine
(TBP)",TiO2 film 12 um,0.36,-,-,-,0,0
700.0,9.14,0.63,4.05,"0.3 M 1,2-dimethyl-3-propylimidazolium iodide (DMPII), 0.03 M I2 , 0.07 M LiI, 0.1 M guandine thiocyanate, and 0.4 M 4-tert-butylpyridine
(TBP)",TiO2 film 12 um,0.36,-,-,-,0,0
700.0,9.26,0.63,4.14,"0.3 M 1,2-dimethyl-3-propylimidazolium iodide (DMPII), 0.03 M I2 , 0.07 M LiI, 0.1 M guandine thiocyanate, and 0.4 M 4-tert-butylpyridine
(TBP)",TiO2 film 12 um,0.36,-,-,-,0,0
710.0,8.43,0.63,3.74,"0.3 M 1,2-dimethyl-3-propylimidazolium iodide (DMPII), 0.03 M I2 , 0.07 M LiI, 0.1 M guandine thiocyanate, and 0.4 M 4-tert-butylpyridine
(TBP)",TiO2 film 12 um,0.36,-,-,-,0,0
611.0,4.5,0.68,1.9,"0.6 M 1, 2-dimethyl-3-n-propylimidazolium iodide (DMPImI), 0.1 M LiI, 0.05 M I2, and 0.5 M tertbutylpyridine in acetonitrile",TiO2 film 9 um,0.16,-,-,-,0,0
621.0,6.2,0.67,2.6,"0.6 M 1, 2-dimethyl-3-n-propylimidazolium iodide (DMPImI), 0.1 M LiI, 0.05 M I2, and 0.5 M tertbutylpyridine in acetonitrile",TiO2 film 9 um,0.16,-,2 mM CDCA,-,1,0
656.0,7.64,0.6848,4.04,0.05 M I2/0.5 M KI/0.5 M 4-tert-butyl pyridine in 2-methoxypropionitrile,TiO2 film,,284 nmol/cm2,-,-,0,0
766.0,5.18,0.5081,2.37,0.05 M I2/0.5 M KI/0.5 M 4-tert-butyl pyridine in 2-methoxypropionitrile,TiO2 film,,223 nmol/cm2,-,-,0,0
700.0,8.87,0.68,4.22,"0.1 M LiI, 0.05 M I2, 0.6 M 1-methyl-3-propylimidazolium iodide, and 0.5 M tert-butylpyridine in dry acetonitrile",TiO2 film (12 uM thick + 5 uM scattering layer),0.16,-,10 mM CDCA,-,1,0
701.0,10.52,0.68,5.01,"0.1 M LiI, 0.05 M I2, 0.6 M 1-methyl-3-propylimidazolium iodide, and 0.5 M tert-butylpyridine in dry acetonitrile",TiO2 film (12 uM thick + 5 uM scattering layer),0.16,-,-,-,0,0
715.0,8.41,0.68,4.09,"0.1 M LiI, 0.05 M I2, 0.6 M 1-methyl-3-propylimidazolium iodide, and 0.5 M tert-butylpyridine in dry acetonitrile","TiO2 film (7 uM thick, 20 nm nanocrystals)",0.16,56.3 nmol/cm2,-,-,0,0
712.0,9.36,0.67,4.47,"0.1 M LiI, 0.05 M I2, 0.6 M 1-methyl-3-propylimidazolium iodide, and 0.5 M tert-butylpyridine in dry acetonitrile",TiO2 film (12 uM thick + 5 uM scattering layer),0.16,-,-,-,0,0
723.0,7.38,0.69,3.68,"0.1 M LiI, 0.05 M I2, 0.6 M 1-methyl-3-propylimidazolium iodide, and 0.5 M tert-butylpyridine in dry acetonitrile","TiO2 film (7 uM thick, 20 nm nanocrystals)",0.16,56.9 nmol/cm2,-,-,0,0
570.0,7.44,0.67,2.82,"0.5 M LiI, 0.05 M I2, and 0.5 M 4-tert-butylpyridine (TBP) dissolved in MeCN",TiO2 film (9 uM thick + 5 uM scattering layer),0.25,-,-,-,0,0
600.0,11.74,0.63,4.41,"0.5 M LiI, 0.05 M I2, and 0.5 M 4-tert-butylpyridine (TBP) dissolved in MeCN",TiO2 film (9 uM thick + 5 uM scattering layer),0.25,-,-,-,0,0
620.0,10.12,0.68,4.26,"0.5 M LiI, 0.05 M I2, and 0.5 M 4-tert-butylpyridine (TBP) dissolved in MeCN",TiO2 film 6 um thick,0.25,-,-,-,0,0
640.0,10.63,0.67,4.55,"0.5 M LiI, 0.05 M I2, and 0.5 M 4-tert-butylpyridine (TBP) dissolved in MeCN",TiO2 film 6 um thick,0.25,-,-,-,0,0
550.0,9.99,0.66,3.64,"0.5 M LiI, 0.05 M I2, and 0.5 M 4-tert-butylpyridine (TBP) dissolved in MeCN",TiO2 film (3 uM thick),0.25,-,-,-,0,0
610.0,12.66,0.62,4.82,"0.5 M LiI, 0.05 M I2, and 0.5 M 4-tert-butylpyridine (TBP) dissolved in MeCN",TiO2 film (3 uM thick),0.25,-,-,-,0,0
600.0,10.2,0.7,4.28,"0.5 M LiI, 0.05 M I2, 0.1 M guanidinium thiocyanate, 0.6 M PMII and 0.5 M 4-tert-butylpyridine (TBP) in 3-methoxypropionitrile",TiO2 film 3 um,0.2,-,-,-,0,0
540.0,6.84,0.73,2.68,"0.5 M LiI, 0.05 M I2, 0.1 M guanidinium thiocyanate, 0.6 M PMII and 0.5 M 4-tert-butylpyridine (TBP) in 3-methoxypropionitrile",TiO2 film 3 um,0.2,-,-,-,0,0
560.0,9.18,0.73,3.74,"0.5 M LiI, 0.05 M I2, 0.1 M guanidinium thiocyanate, 0.6 M PMII and 0.5 M 4-tert-butylpyridine (TBP) in 3-methoxypropionitrile",TiO2 film 3 um,0.2,-,-,-,0,0
540.0,6.3,0.76,2.58,"0.5 M LiI, 0.05 M I2, 0.1 M guanidinium thiocyanate, 0.6 M PMII and 0.5 M 4-tert-butylpyridine (TBP) in 3-methoxypropionitrile",TiO2 film 3 um,0.2,-,-,-,0,0
642.0,9.8,0.63,4.0,"0.6 M 1, 2-dimethyl-3-n-propylimidazolium iodide (DMPImI), 0.1 M LiI, 0.05 M I2, and 0.5 M tertbutylpyridine in acetonitrile",TiO2 film 9 um,0.16,-,2 mM CDCA,-,1,0
615.0,7.4,0.66,3.0,"0.6 M 1, 2-dimethyl-3-n-propylimidazolium iodide (DMPImI), 0.1 M LiI, 0.05 M I2, and 0.5 M tertbutylpyridine in acetonitrile",TiO2 film 9 um,0.16,-,2 mM CDCA,-,1,0
640.0,7.6,0.64,3.1,"0.6 M 1, 2-dimethyl-3-n-propylimidazolium iodide (DMPImI), 0.1 M LiI, 0.05 M I2, and 0.5 M tertbutylpyridine in acetonitrile",TiO2 film 9 um,0.16,-,2 mM CDCA,-,1,0
538.0,3.33,0.688,1.23,Iodolyte HI-30,TiO2 film (8-12 um + 5 um scattering layer),0.18,-,10 mM CDCA,-,1,0
588.0,4.68,0.703,1.94,Iodolyte HI-30,TiO2 film (8-12 um + 5 um scattering layer),0.18,-,10 mM CDCA,-,1,0
577.0,9.06,0.679,3.55,iodide/triiodide,TiO2 film,,-,10 mM CDCA,-,1,0
700.0,14.29,0.73,7.33,"0.5 M lithium iodide (LiI), 0.05 M iodine (I2), and 0.5 M 4-tert-butylpyridine in acetonitrile",TiO2 film (12 um + 6 um scattering layer),0.16,170  nmol/cm2,10 mM CDCA,-,1,0
634.0,14.6,0.62,5.76,"LiI (0.1 M), DMPII (0.6 M), I2 (0.05 M), and TBP (0.5 M) in 3-methoxypropionitrile (MPN)/ACN (volume ratio of 1:1)",TiO2 film (14 uM thick + 4.5 uM scattering layer),0.16,-,-,-,0,0
520.0,4.47,0.58,1.36,"LiI (0.1 M), DMPII (0.6 M), I2 (0.05 M), and TBP (0.5 M) in 3-methoxypropionitrile (MPN)/ACN (volume ratio of 1:1)",TiO2 film (14 uM thick + 4.5 uM scattering layer),0.16,-,-,-,0,0
644.0,14.5,0.63,5.84,"LiI (0.1 M), DMPII (0.6 M), I2 (0.05 M), and TBP (0.5 M) in 3-methoxypropionitrile (MPN)/ACN (volume ratio of 1:1)",TiO2 film (14 uM thick + 4.5 uM scattering layer),0.16,-,-,-,0,0
654.0,12.4,0.64,5.16,"LiI (0.1 M), DMPII (0.6 M), I2 (0.05 M), and TBP (0.5 M) in 3-methoxypropionitrile (MPN)/ACN (volume ratio of 1:1)",TiO2 film (14 uM thick + 4.5 uM scattering layer),0.16,-,-,-,0,0
757.0,14.1,0.71,7.58,"0.3 M DMPII, 0.1 M LiI, 0.05 M I2, and 0.5 M 4-tert-butylpyridine",TiO2 film (12 uM thick + 4 uM scattering layer),0.196,160 nmol/cm2,-,-,0,0
738.0,13.9,0.68,6.98,"0.3 M DMPII, 0.1 M LiI, 0.05 M I2, and 0.5 M 4-tert-butylpyridine",TiO2 film (12 uM thick + 4 uM scattering layer),0.196,188 nmol/cm2,-,-,0,0
745.0,15.2,0.71,8.09,"0.3 M DMPII, 0.1 M LiI, 0.05 M I2, and 0.5 M 4-tert-butylpyridine",TiO2 film (12 uM thick + 4 uM scattering layer),0.196,171 nmol/cm2,-,-,0,0
729.0,12.6,0.68,6.25,"0.3 M DMPII, 0.1 M LiI, 0.05 M I2, and 0.5 M 4-tert-butylpyridine",TiO2 film (12 uM thick + 4 uM scattering layer),0.196,180 nmol/cm2,-,-,0,0
744.0,14.8,0.68,7.54,"0.3 M DMPII, 0.1 M LiI, 0.05 M I2, and 0.5 M 4-tert-butylpyridine in CH3CN",TiO2 film (10 uM thick + 4 uM scattering layer),0.196,162 nmol/cm2,-,-,0,0
757.0,13.8,0.66,6.93,"0.3 M DMPII, 0.1 M LiI, 0.05 M I2, and 0.5 M 4-tert-butylpyridine in CH3CN",TiO2 film (10 uM thick + 4 uM scattering layer),0.196,161 nmol/cm2,-,-,0,0
729.0,12.4,0.66,6.01,"0.3 M DMPII, 0.1 M LiI, 0.05 M I2, and 0.5 M 4-tert-butylpyridine in CH3CN",TiO2 film (10 uM thick + 4 uM scattering layer),0.196,216 nmol/cm2,-,-,0,0
640.0,7.57,0.5282,2.55,"lithium iodide (0.1 M), iodine (0.05 M), and 4-tert-butylpyridine (0.5 M) in acetonitrile",TiO2 film (12 uM thick),0.36,-,-,-,0,0
620.0,4.04,0.6385,1.59,"lithium iodide (0.1 M), iodine (0.05 M), and 4-tert-butylpyridine (0.5 M) in acetonitrile",TiO2 film (12 uM thick),0.36,-,-,-,0,0
660.0,9.78,0.5664,3.68,"lithium iodide (0.1 M), iodine (0.05 M), and 4-tert-butylpyridine (0.5 M) in acetonitrile",TiO2 film (12 uM thick),0.36,-,-,-,0,0
690.0,7.05,0.5265,2.56,"lithium iodide (0.1 M), iodine (0.05 M), and 4-tert-butylpyridine (0.5 M) in acetonitrile",TiO2 film (12 uM thick),0.36,-,-,-,0,0
586.0,4.25,0.71,1.77,"0.6 M 1,2-dimethyl-3-propylimidazolium iodide (DMPII), 0.025 M LiI, 0.04 M I2, 0.05 M guanidium thiocyanate (GuSCN), and 0.28 M 4-tertbutylpyridine (TBP) in dry acetonitrile",TiO2 film (12 uM thick + 4 uM scattering layer),,-,-,-,0,0
560.0,12.6,0.723,5.1,"0.6 M 1, 2 - dimethyl - 3 - propyl imidazole iodide (DMPII), 0.25 M LiI, 0.01 M I2 , 0.05 M tetranbutylammoniumiodide (TBAI) in AN",TiO2 thin film (10 um thick with scattering layer 4um),0.12,-,-,-,0,0
643.0,10.65,0.71,4.86,"0.6 M PMII, 0.03 M I2, 0.05 M LiI, 0.1 M guanidinium thiocyanate (GuSCN), and 0.5 M 4-tertbutylpyridine (TBP) in acetonitrile and valeronitrile (85:15 v/v)",TiO2 film,0.16,0.53 nmol/cm2,-,-,0,0
586.0,9.98,0.74,4.3,"0.6 M PMII, 0.03 M I2, 0.05 M LiI, 0.1 M guanidinium thiocyanate (GuSCN), and 0.5 M 4-tertbutylpyridine (TBP) in acetonitrile and valeronitrile (85:15 v/v)",TiO2 film,0.16,1.1 nmol/cm2,-,-,0,0
589.0,6.7,0.74,2.94,"0.6 M PMII, 0.03 M I2, 0.05 M LiI, 0.1 M guanidinium thiocyanate (GuSCN), and 0.5 M 4-tertbutylpyridine (TBP) in acetonitrile and valeronitrile (85:15 v/v)",TiO2 film,0.16,1.14 nmol/cm2,-,-,0,0
601.0,6.17,0.74,2.74,"0.6 M PMII, 0.03 M I2, 0.05 M LiI, 0.1 M guanidinium thiocyanate (GuSCN), and 0.5 M 4-tertbutylpyridine (TBP) in acetonitrile and valeronitrile (85:15 v/v)",TiO2 film,0.16,1.43 nmol/cm2,-,-,0,0
703.0,7.89,0.66,3.66,"0.1 M LiI, 0.05 M I2, 0.6 M 1-methyl-3-propylimidazolium iodide, and 0.5 M tert-butylpyridine in dry acetonitrile",TiO2 film (12 uM thick + 5 uM scattering layer),0.16,-,10 mM CDCA,-,1,0
578.0,7.76,0.5,2.63,"0.05 M I2, 0.1 M LiI, 0.5 M 4-tert-butyl pyridine (TBP) in 3-methoxypropionitrile",TiO2 film 10 um thick,0.64,-,-,,0,0
656.0,8.09,0.5,3.12,"0.05 M I2, 0.1 M LiI, 0.5 M 4-tert-butyl pyridine (TBP) in 3-methoxypropionitrile",TiO2 film 10 um thick,0.64,-,-,,0,0
547.0,1.35,0.728,0.54,Iodolyte HI-30,TiO2 film (8-12 um + 5 um scattering layer),0.18,-,10 mM CDCA,-,1,0
568.0,2.55,0.665,0.96,Iodolyte HI-30,TiO2 film (8-12 um + 5 um scattering layer),0.18,-,10 mM CDCA,-,1,0
650.0,9.32,0.7,4.24,"0.5 M LiI, 0.05 M I2, and 0.1 M 4-tert-butylpyridine in 1:1 acetonitrile-propylene carbonate",TiO2 film,,-,-,-,0,0
680.0,12.43,0.72,5.98,"0.5 M lithium iodide (LiI), 0.05 M iodine (I2), and 0.5 M 4-tert-butylpyridine in acetonitrile",TiO2 film (12 um + 6 um scattering layer),0.16,200 nmol/cm2,-,-,0,0
725.0,14.46,0.72,8.51,"0.8 M 1-methyl-3-propyl imidazolium iodide (PMII), 0.1 M lithium iodide (LiI), 0.05 M iodine (I2), and 0.5 M 4-tert-butylpyridine dissolved in acetonitrile",TiO2 film (12 um transparent + 6 um scat­tering layer),0.16,-,-,-,0,0
680.0,9.8,0.69,4.6,"LiI (500 mM), iodine (50 mM), 4-tBu pyridine (580 mM) and ethyl-methyl-imidazolium dicyanoimide (600 mM) in MeCN",TiO2 12 um thick,0.25,-,5 mM CDCA,-,1,0
760.0,8.9,0.73,4.9,"LiI (500 mM), iodine (50 mM), 4-tBu pyridine (580 mM) and ethyl-methyl-imidazolium dicyanoimide (600 mM) in MeCN",TiO2 12 um thick,0.25,-,5 mM CDCA,-,1,0
600.0,7.9,0.69,3.3,"LiI (500 mM), iodine (50 mM), 4-tBu pyridine (580 mM) and ethyl-methyl-imidazolium dicyanoimide (600 mM) in MeCN",TiO2 12 um thick,0.25,-,5 mM CDCA,-,1,0
610.0,10.5,0.65,4.2,"LiI (500 mM), iodine (50 mM), 4-tBu pyridine (580 mM) and ethyl-methyl-imidazolium dicyanoimide (600 mM) in MeCN",TiO2 12 um thick,0.25,-,5 mM CDCA,-,1,0
908.0,15.42,0.743,10.4,"0.25 M tris(1,10-phenanthroline)cobalt(II) di[bis(trifluoromethanesulfonyl)imide], 0.05 M tris(1,10-phenanthroline) cobalt(III) tris[bis(trifluoromethanesulfonyl)imide], 0.7 M tert-butylpyridine (TBP), and 0.05 M lithium bis(trifluoromethanesulfonyl)imide in acetonitrile",TiO2 film (4.2 um thick + 5 um scattering layer),0.16,-,-,-,0,0
915.0,16.88,0.754,11.6,"0.25 M tris(1,10-phenanthroline)cobalt(II) di[bis(trifluoromethanesulfonyl)imide], 0.05 M tris(1,10-phenanthroline) cobalt(III) tris[bis(trifluoromethanesulfonyl)imide], 0.7 M tert-butylpyridine (TBP), and 0.05 M lithium bis(trifluoromethanesulfonyl)imide in acetonitrile",TiO2 film (4.2 um thick + 5 um scattering layer),0.16,-,-,Zinc-porphyrin as cosensitizer,0,1
629.0,13.05,0.69,5.66,"0.6 M 1-methyl-3-propylimidazoliumiodide (PMII), 0.05 M LiI, 0.10 M guanidinium thiocyanate, 0.03 M I2 and 0.5 M tert-butylpyridine) in acetonitrile/valeronitrile (85:15)",TiO2 film 16 um thick,0.16,148 nmol/cm2,-,-,0,0
676.6,12.57,0.63,5.39,"1-propyl-2,3-dimethylimidazolium iodide (1.2 M),  iodine (0.035 M), tert-butylpyridine (0.5 M) and guanidine thiocyanate (0.1 M) dissolved in acetonitrile/3-methoxypropionitrile mixture (8:2)",TiO2 film (12 um thick + 4 um scattering layer),0.16,-,-,-,0,0
550.0,6.92,0.653,2.49,Iodolyte AN-50,TiO2 film (12 um thick),0.2,-,-,-,0,0
670.0,2.83,0.62,1.38,"0.5 M LiI, 0.05 M iodine (I2) and 0.5 M 4-tert-butylpyridine (TBP) in 3-methoxypropionitrile",TiO2 film,1.0,168 nmol/cm2,-,-,0,0
670.0,2.83,0.62,1.38,0.05 M I2/0.1 M LiI/0.5 M 4-tert-butylpyridine in 2-methoxypropionitrile solution,TiO2 film,1.0,168  nmol/cm2,-,-,0,0
529.0,2.27,0.59,0.82,"0.5 M LiI, 0.05 M iodine (I2) and 0.5 M 4-tert-butylpyridine (TBP) in 3-methoxypropionitrile",TiO2 film,1.0,98 nmol/cm2,-,-,0,0
529.0,2.27,0.59,0.82,0.05 M I2/0.1 M LiI/0.5 M 4-tert-butylpyridine in 2-methoxypropionitrile solution,TiO2 film,,0.98  nmol/cm2,-,-,0,0
529.0,2.27,0.59,0.82,0.05 M I2/0.1 M LiI/0.5 M 4-tert-butylpyridine in 2-methoxypropionitrile solution,TiO2 film,1.0,98 nmol/cm2,-,-,0,0
633.0,13.4,0.688,5.8,cobalt,TiO2 thin film (10 um thick with scattering layer 4um),0.12,-,-,-,0,0
596.0,11.5,0.61,4.2,"LiI (0.1 M), DMPII (0.6 M), I2 (0.05 M), and TBP (0.5 M) in 3-methoxypropionitrile (MPN)/ACN (volume ratio of 1:1)",TiO2 film (14 uM thick + 4.5 uM scattering layer),0.16,-,-,-,0,0
536.0,6.02,0.53,1.78,"LiI (0.1 M), DMPII (0.6 M), I2 (0.05 M), and TBP (0.5 M) in 3-methoxypropionitrile (MPN)/ACN (volume ratio of 1:1)",TiO2 film (14 uM thick + 4.5 uM scattering layer),0.16,-,-,-,0,0
649.0,14.37,0.63,5.89,Solaronix Mosalyte TDE-250,TiO2 film (13 um transparent + 4 um scat­tering layer),0.16,-,10 mM CDCA,-,1,0
540.0,5.2,0.62,1.7,"LiI (500 mM), iodine (50 mM), 4-tBu pyridine (580 mM) and ethyl-methyl-imidazolium dicyanoimide (600 mM) in MeCN",TiO2 12 um thick,0.25,-,5 mM CDCA,-,1,0
650.0,11.2,0.64,4.6,"LiI (500 mM), iodine (50 mM), 4-tBu pyridine (580 mM) and ethyl-methyl-imidazolium dicyanoimide (600 mM) in MeCN",TiO2 12 um thick,0.25,-,5 mM CDCA,-,1,0
550.0,4.48,0.64,1.58,"0.05 M iodine, 0.1 M lithium iodide, and 0.6 M 1,2-dimethyl-3-propylimidazolium iodide in acetonitrile",TiO2 film 9 um thick,0.25,-,-,-,0,0
448.0,2.99,0.67,0.89,"0.05 M iodine, 0.1 M lithium iodide, and 0.6 M 1,2-dimethyl-3-propylimidazolium iodide in acetonitrile",TiO2 film 9 um thick,0.25,-,-,-,0,0
568.0,7.04,0.59,2.35,"iodine (0.05 M), lithium iodide (0.1 M), and 1,2-dimethyl-3-propylimidazolium iodide (0.6 M) in acetonitrile",TiO2 film 9 um thick,0.25,-,-,-,0,0
568.0,5.16,0.62,1.81,"iodine (0.05 M), lithium iodide (0.1 M), and 1,2-dimethyl-3-propylimidazolium iodide (0.6 M) in acetonitrile",TiO2 film 9 um thick,0.25,-,-,-,0,0
548.0,5.63,0.6,1.84,"iodine (0.05 M), lithium iodide (0.1 M), and 1,2-dimethyl-3-propylimidazolium iodide (0.6 M) in acetonitrile",TiO2 film 9 um thick,0.25,-,-,-,0,0
540.0,5.8,0.6,1.89,"iodine (0.05 M), lithium iodide (0.1 M), and 1,2-dimethyl-3-propylimidazolium iodide (0.6 M) in acetonitrile",TiO2 film 9 um thick,0.25,-,-,-,0,0
522.0,3.35,0.62,1.15,"iodine (0.05 M), lithium iodide (0.1 M), and 1,2-dimethyl-3-propylimidazolium iodide (0.6 M) in acetonitrile",TiO2 film 9 um thick,0.25,-,-,-,0,0
524.0,3.16,0.63,1.04,"iodine (0.05 M), lithium iodide (0.1 M), and 1,2-dimethyl-3-propylimidazolium iodide (0.6 M) in acetonitrile",TiO2 film 9 um thick,0.25,-,-,-,0,0
520.0,3.07,0.61,0.97,"iodine (0.05 M), lithium iodide (0.1 M), and 1,2-dimethyl-3-propylimidazolium iodide (0.6 M) in acetonitrile",TiO2 film 9 um thick,0.25,-,-,-,0,0
517.0,1.8,0.6,0.56,"iodine (0.05 M), lithium iodide (0.1 M), and 1,2-dimethyl-3-propylimidazolium iodide (0.6 M) in acetonitrile",TiO2 film 9 um thick,0.25,-,-,-,0,0
503.0,2.96,0.61,0.91,"iodine (0.05 M), lithium iodide (0.1 M), and 1,2-dimethyl-3-propylimidazolium iodide (0.6 M) in acetonitrile",TiO2 film 9 um thick,0.25,-,-,-,0,0
516.0,1.99,0.59,0.6,"iodine (0.05 M), lithium iodide (0.1 M), and 1,2-dimethyl-3-propylimidazolium iodide (0.6 M) in acetonitrile",TiO2 film 9 um thick,0.25,-,-,-,0,0
487.0,9.15,0.68,3.02,"0.6 M 1,2-dimethyl-3-propylimidazolium iodide (DMPII), 0.1 M LiI, and 0.1 M I2 in CH3CN",TiO2 film (10.5 um thick),0.25,900 nmol/cm2,-,-,0,0
710.0,6.0,0.64,3.1,solid organic ionic conductors,TiO2 9 um thick,0.25,-,-,-,0,0
560.0,7.8,0.54,2.5,solid organic ionic conductors,TiO2 9 um thick,0.25,-,-,-,0,0
540.0,6.94,0.62,2.34,"0.05 M I2, 0.5 M LiI, 0.5 M tert-butylpyridine in acetonitrile",TiO2 film (12 + 6 um thick),0.25,662 nmol/cm2,-,-,0,0
550.0,6.76,0.57,2.11,"0.05 M I2, 0.5 M LiI, 0.5 M tert-butylpyridine in acetonitrile",TiO2 film (12 + 6 um thick),0.25,556 nmol/cm2,-,-,0,0
590.0,6.66,0.7,2.75,"0.05 M I2, 0.5 M LiI, 0.5 M tert-butylpyridine in acetonitrile",TiO2 film (12 + 6 um thick),0.25,486 nmol/cm2,-,-,0,0
650.0,11.33,0.71,5.24,"0.05 M I2, 0.5 M LiI, 0.5 M tert-butylpyridine in acetonitrile",TiO2 film (12 + 6 um thick),0.25,301 nmol/cm2,-,-,0,0
670.0,6.95,0.75,3.48,"0.05 M I2, 0.5 M LiI, 0.5 M tert-butylpyridine in acetonitrile",TiO2 film (12 + 6 um thick),0.25,494 nmol/cm2,-,-,0,0
630.0,5.02,0.72,2.28,"0.05 M I2, 0.5 M LiI, 0.5 M tert-butylpyridine in acetonitrile",TiO2 film (12 + 6 um thick),0.25,464 nmol/cm2,-,-,0,0
688.0,14.28,0.69,7.0,Solaronix Iodolyte HI-30,TiO2 film (12 um transparent + 3 um scat­tering layer),0.16,-,2 mM CDCA,-,1,0
700.0,10.3,0.68,4.9,"0.6 M DMPII, 0.5 M LiI, 0.05 M I2, 0.5 M TBP in an acetonitrrile",TiO2 14 um thick,,-,1 mM HC-A1,-,1,0
640.0,9.12,0.68,3.96,"0.6 M DMPII, 0.5 M LiI, 0.05 M I2, 0.5 M TBP in an acetonitrrile",TiO2 14 um thick,,-,40 mM DCA,-,1,0
620.0,7.92,0.68,3.34,"0.6 M DMPII, 0.5 M LiI, 0.05 M I2, 0.5 M TBP in an acetonitrrile",TiO2 14 um thick,,-,-,-,0,0
620.0,7.92,0.68,3.34,"0.6 M 1-butyl-3-methylimidazolium iodide (BMII), 0.05 M LiI, 0.03 M I2, 0.5 M 4-tert-butylpyridine, and 0.1 M guanidinium thiocyanate in acetonitrile–valeronitrile (85:15, v/v)",TiO2 film (12 um thick + 4 um scattering layer),0.125,-,-,-,0,0
883.0,16.71,0.722,10.7,"0.25 M tris(1,10-phenanthroline)cobalt(II) di[bis(trifluoromethanesulfonyl)imide], 0.05 M tris(1,10-phenanthroline)cobalt(III ) tris[bis(triuoromethanesulfonyl)imide], 0.7 M TBP, and 0.05 M LiTFSI in acetonitrile",TiO2 film (4.5 um + 5 um scattering layer),,-,-,-,0,0
887.0,14.78,0.749,9.8,"0.25 M tris(1,10-phenanthroline)cobalt(II) di[bis(trifluoromethanesulfonyl)imide], 0.05 M tris(1,10-phenanthroline)cobalt(III ) tris[bis(triuoromethanesulfonyl)imide], 0.7 M TBP, and 0.05 M LiTFSI in acetonitrile",TiO2 film (4.5 um + 5 um scattering layer),,-,-,-,0,0
824.0,12.06,0.76,7.6,"0.25 M tris(1,10-phenanthroline)cobalt(II) di[bis(trifluoromethanesulfonyl)imide], 0.05 M tris(1,10-phenanthroline)cobalt(III ) tris[bis(triuoromethanesulfonyl)imide], 0.7 M TBP, and 0.05 M LiTFSI in acetonitrile",TiO2 film (4.5 um + 5 um scattering layer),,-,-,-,0,0
910.0,5.29,0.69,3.35,"bromide/tribromide, propyl isonicotinate",TiO2 film,0.18,-,-,-,0,0
940.0,5.69,0.7,3.76,"bromide/tribromide, isopropyl isonicotinate",TiO2 film,0.18,-,-,-,0,0
950.0,4.93,0.7,3.3,"bromide/tribromide, isopropyl isonicotinate",TiO2 film,0.18,-,-,-,0,0
790.0,3.08,0.65,1.58,bromide/tribromide,TiO2 film,0.18,-,-,-,0,0
565.0,6.0,0.648,2.2,"0.5 M lithium iodide (LiI), 0.05 Miodine (I2), and 0.5 M 4-tert-butylpyridine dissolved in acetonitrile",TiO2 film (18 um thick),0.25,-,-,-,0,0
535.0,8.28,0.657,2.91,"0.5 M lithium iodide (LiI), 0.05 Miodine (I2), and 0.5 M 4-tert-butylpyridine dissolved in acetonitrile",TiO2 film (18 um thick),0.25,-,-,-,0,0
520.0,9.8,0.633,3.23,"0.5 M lithium iodide (LiI), 0.05 Miodine (I2), and 0.5 M 4-tert-butylpyridine dissolved in acetonitrile",TiO2 film (18 um thick),0.25,-,-,-,0,0
657.0,10.67,0.68,4.8,"0.1 MLiI, 0.6 MMPII, 0.1 MI2, 1.0 M 4-TBP in the mixed solvent of acetonitrile and 3-methoxypropionitrile (7:3)",TiO2 film (8 um thick + 4 um scattering layer),0.158,-,-,-,0,0
958.0,15.8,0.748,11.3,"0.25 M [Co(Cl-phen)3]2+(PF6-)2, 0.035 M [Co(Cl-phen)3]3+(PF6-)2, 0.10 M LiClO4, 0.50 M 4-tert-butylpyridine (TBP) in acetonitrile",TiO2 film 11 um thick,0.102,-,0.1 mM isooctyltrimethoxysilane,-,1,0
811.0,8.8,0.752,5.37,"0.25 M [Co(Cl-phen)3]2+(PF6-)2, 0.035 M [Co(Cl-phen)3]3+(PF6-)2, 0.10 M LiClO4, 0.50 M 4-tert-butylpyridine (TBP) in acetonitrile",TiO2 film 11 um thick,0.102,-,0.1 mM isooctyltrimethoxysilane,-,1,0
897.0,15.6,0.764,10.7,"0.25 M Co2+(PF6-)2, 0.035 M Co3+(PF6-)3, 0.10 M LiClO4, 0.50 M 4-tert-butylpyridine (TBP) in acetonitrile",TiO2 film 11 um thick,0.102,-,0.1 mM isooctyltrimethoxysilane,-,1,0
814.0,15.8,0.753,9.68,"0.25 M Co2+(PF6-)2, 0.035 M Co3+(PF6-)3, 0.10 M LiClO4, 0.50 M 4-tert-butylpyridine (TBP) in acetonitrile",TiO2 film 11 um thick,0.102,-,0.1 mM isooctyltrimethoxysilane,-,1,0
821.0,15.1,0.752,9.32,"0.25 M Co2+(PF6-)2, 0.035 M Co3+(PF6-)3, 0.10 M LiClO4, 0.50 M 4-tert-butylpyridine (TBP) in acetonitrile",TiO2 film 11 um thick,0.102,-,0.1 mM isooctyltrimethoxysilane,-,1,0
848.0,16.1,0.762,10.4,"0.25 M Co2+(PF6-)2, 0.035 M Co3+(PF6-)3, 0.10 M LiClO4, 0.50 M 4-tert-butylpyridine (TBP) in acetonitrile",TiO2 film 11 um thick,0.102,-,0.1 mM isooctyltrimethoxysilane,-,1,0
700.0,12.6,0.71,6.18,"0.5 M lithium iodide (LiI), 0.05 M iodine (I2), and 0.5 M 4-tert-butylpyridine in acetonitrile",TiO2 film (12 um + 6 um scattering layer),0.16,150 nmol/cm2,-,-,0,0
665.0,11.04,0.72,5.27,"0.1 MLiI, 0.6 MMPII, 0.1 MI2, 1.0 M 4-TBP in the mixed solvent of acetonitrile and 3-methoxypropionitrile (7:3)",TiO2 film (8 um thick + 4 um scattering layer),0.158,-,-,-,0,0
665.0,11.04,0.72,5.27,"0.1 M lithium iodide, 0.6 M methylpropylimidazolium iodide (MPII), 0.05 M I2 and 0.5 M 4-tert-butylpyridine (4-TBP) in the mixed solvent of acetonitrile and 3-methoxypropionitrile (7:3, v/v)",TiO2 film (7 um thick + 6 um scattering layer),,-,-,-,0,0
665.0,11.3,0.69,5.21,"0.1 MLiI, 0.6 MMPII, 0.1 MI2, 1.0 M 4-TBP in the mixed solvent of acetonitrile and 3-methoxypropionitrile (7:3)",TiO2 film (8 um thick + 4 um scattering layer),0.158,-,-,-,0,0
649.0,13.14,0.68,5.83,"0.1 MLiI, 0.6 MMPII, 0.1 MI2, 1.0 M 4-TBP in the mixed solvent of acetonitrile and 3-methoxypropionitrile (7:3)",TiO2 film (8 um thick + 4 um scattering layer),0.158,-,-,-,0,0
710.0,11.46,0.68,6.16,"1.0 M of 1,2-dimethyl-3-propylimidazolium iodide (DMPII), 0.03 M I2, 0.05 LiI, 0.1 M guanidinium  thiocyanate (GuSCN) and 0.5 M 4-TBP in a solvent mixture of acetonitrile and valeronitrile (85:15 v/v)",TiO2 12 uM thickness,0.237,-,CDCA 0.75mM,-,1,0
740.0,11.67,0.68,6.33,"1.0 M of 1,2-dimethyl-3-propylimidazolium iodide (DMPII), 0.03 M I2, 0.05 LiI, 0.1 M guanidinium  thiocyanate (GuSCN) and 0.5 M 4-TBP in a solvent mixture of acetonitrile and valeronitrile (85:15 v/v)",TiO2 12 uM thickness,0.237,-,CDCA 0.75mM,-,1,0
720.0,11.47,0.67,5.87,"1.0 M of 1,2-dimethyl-3-propylimidazolium iodide (DMPII), 0.03 M I2, 0.05 LiI, 0.1 M guanidinium  thiocyanate (GuSCN) and 0.5 M 4-TBP in a solvent mixture of acetonitrile and valeronitrile (85:15 v/v)",TiO2 12 uM thickness,0.237,-,CDCA 0.75mM,-,1,0
580.0,2.09,0.62,0.75,"0.6 M 1,2-dimethyl-3-n-propylimidazolium iodide (DMPII), 0.1 M LiI, 0.05 M I2 and 0.5 M tert-butylpyridine (TBP) in CH3CN",TiO2 film 12 um thick,0.25,201 nmol/cm2,-,-,0,0
600.0,5.84,0.62,2.17,"0.6 M 1-butyl-3-methyl-imidazolium iodide (BMII), 0.1 M lithium iodide (LiI), 0.05 M iodine (I2) and 0.5 M tert-butyl pyridine (TBP) in 3-methoxypropionitrile",TiO2 film 10 um thick,0.36,-,-,-,0,0
660.0,8.91,0.55,3.17,"0.6 M 1-butyl-3-methyl-imidazolium iodide (BMII), 0.1 M lithium iodide (LiI), 0.05 M iodine (I2) and 0.5 M tert-butyl pyridine (TBP) in 3-methoxypropionitrile",TiO2 film 10 um thick,0.36,-,-,-,0,0
680.0,10.41,0.6,4.27,"0.6 M 1-butyl-3-methyl-imidazolium iodide (BMII), 0.1 M lithium iodide (LiI), 0.05 M iodine (I2) and 0.5 M tert-butyl pyridine (TBP) in 3-methoxypropionitrile",TiO2 film 10 um thick,0.36,-,-,-,0,0
620.0,7.31,0.57,2.58,"0.6 M 1-butyl-3-methyl-imidazolium iodide (BMII), 0.1 M lithium iodide (LiI), 0.05 M iodine (I2) and 0.5 M tert-butyl pyridine (TBP) in 3-methoxypropionitrile",TiO2 film 10 um thick,0.36,-,-,-,0,0
844.0,10.18,0.776,6.7,"0.25 M tris(1,10-phenanthroline)cobalt(II) di[bis(trifluoromethanesulfonyl)imide], 0.05 M tris(1,10-phenanthroline) cobalt(III) tris[bis(trifluoromethanesulfonyl)imide], 0.7 M tert-butylpyridine (TBP), and 0.05 M lithium bis(trifluoromethanesulfonyl)imide in acetonitrile",TiO2 film (4.2 um thick + 5 um scattering layer),0.16,-,-,-,0,0
669.0,13.76,0.691,6.36,"0.6 M 1-methyl-3-propylimidazoliumiodide (PMII), 0.05 M LiI, 0.10 M guanidinium thiocyanate, 0.03 M I2 and 0.5 M tert-butylpyridine) in acetonitrile/valeronitrile (85:15)",TiO2 film 16 um thick,0.16,145 nmol/cm2,-,-,0,0
660.0,6.4,0.71,3.0,"0.5 M LiI, 0.05 M I2, and 0.5 M 4-tert-butylpytidine (TPB) in 3-methoxypropionitrile",TiO2 film (10 um thick + 4 um scattering layer),,-,-,-,0,0
630.0,6.24,0.65,2.57,"0.5 M LiI, 0.05 M I2, and 0.5 M 4-tert-butylpytidine (TPB) in 3-methoxypropionitrile",TiO2 film (10 um thick + 4 um scattering layer),,-,-,-,0,0
660.0,8.4,0.57,3.18,"0.6 M N-methyl-N-propyl imidasolium iodide (PMII), 0.1 M LiI, 0.05 M I2, 0.5 M 4-tert-butyl pyridine (TBP) in 3-Methoxypropionitrile",TiO2 film (6 uM thick),1.0,-,-,-,0,0
660.0,10.52,0.69,4.78,0.5 M lithium iodide (LiI) and 0.05 M iodine (I2) in acetonitrile,TiO2 film (12 uM thick),0.16,9.5 nmol/cm2,15 mM CDCA,-,1,0
620.0,9.74,0.71,4.33,0.5 M lithium iodide (LiI) and 0.05 M iodine (I2) in acetonitrile,TiO2 film (12 uM thick),0.16,9.4  nmol/cm2,15 mM CDCA,-,1,0
660.0,7.21,0.71,3.38,0.5 M lithium iodide (LiI) and 0.05 M iodine (I2) in acetonitrile,TiO2 film (12 uM thick),0.16,4 nmol/cm2,15 mM CDCA,-,1,0
696.0,6.3,0.7,3.2,"0.5M LiI, 0.05 M I2, 0.5 M TBP, 0.5M GSCN in 3-methoxy propionitrile",TiO2 film,0.25,-,-,-,0,0
643.0,5.5,0.67,2.6,cobalt (II/III) redox,TiO2 film,0.25,-,-,-,0,0
570.0,7.6,0.63,2.7,"LiI (500 mM), iodine (50 mM), 4-tBu pyridine (580 mM) and ethyl-methyl-imidazolium dicyanoimide (600 mM) in MeCN",TiO2 12 um thick,0.25,-,5 mM CDCA,-,1,0
580.0,8.1,0.68,3.2,"LiI (500 mM), iodine (50 mM), 4-tBu pyridine (580 mM) and ethyl-methyl-imidazolium dicyanoimide (600 mM) in MeCN",TiO2 12 um thick,0.25,-,5 mM CDCA,-,1,0
660.0,9.4,0.65,4.0,"LiI (500 mM), iodine (50 mM), 4-tBu pyridine (580 mM) and ethyl-methyl-imidazolium dicyanoimide (600 mM) in MeCN",TiO2 12 um thick,0.25,-,5 mM CDCA,-,1,0
756.0,9.54,0.62,4.45,"0.6 M DMPImI, 0.1 M LiI, 0.05 M I2, and 0.5 M 4-tertbutylpyridine in acetonitrile",TiO2 4.6 um thick,0.13,71 nmol/cm2,-,-,0,0
649.0,5.6,0.674,2.45,"0.2 M LiI, 0.05 M I2, 0.7 M PMII and 0.5 M 4-tBupy in anhydrous acetonitrile",TiO2 film (13 + 5 um),0.25,-,-,-,0,0
615.0,5.77,0.687,2.44,"0.2 M LiI, 0.05 M I2, 0.7 M PMII and 0.5 M 4-tBupy in anhydrous acetonitrile",TiO2 film (16 um),0.25,-,-,-,0,0
617.0,6.24,0.702,2.7,"0.2 M LiI, 0.05 M I2, 0.7 M PMII and 0.5 M 4-tBupy in anhydrous acetonitrile",TiO2 film (16 + 5 um),0.25,-,-,-,0,0
664.0,4.72,0.715,2.24,"0.2 M LiI, 0.05 M I2, 0.7 M PMII and 0.5 M 4-tBupy in anhydrous acetonitrile",TiO2 film (13 + 5 um),0.25,-,-,-,0,0
636.0,5.73,0.674,2.44,"0.2 M LiI, 0.05 M I2, 0.7 M PMII and 0.5 M 4-tBupy in anhydrous acetonitrile",TiO2 film (16 um),0.25,-,-,-,0,0
642.0,5.96,0.705,2.7,"0.2 M LiI, 0.05 M I2, 0.7 M PMII and 0.5 M 4-tBupy in anhydrous acetonitrile",TiO2 film (16 + 5 um),0.25,-,-,-,0,0
523.0,7.03,0.605,2.23,"0.2 M LiI, 0.05 M I2, 0.7 M PMII and 0.5 M 4-tBupy in anhydrous acetonitrile",TiO2 film (16 + 5 um),0.25,-,-,-,0,0
673.0,12.11,0.66,5.38,"0.1 M lithium iodide, 0.6 M methylpropylimidazolium iodide (MPII), 0.05 M I2 and 0.5 M 4-tert-butylpyridine (4-TBP) in the mixed solvent of acetonitrile and 3-methoxypropionitrile (7:3, v/v)",TiO2 film (7 um thick + 6 um scattering layer),,-,-,-,0,0
545.0,3.6,0.71,1.39,"0.1 M lithium iodide, 0.6 M methylpropylimidazolium iodide (MPII), 0.05 M I2 and 0.5 M 4-tert-butylpyridine (4-TBP) in the mixed solvent of acetonitrile and 3-methoxypropionitrile (7:3, v/v)",TiO2 film (7 um thick + 6 um scattering layer),,-,-,-,0,0
636.0,7.37,0.61,2.86,"0.1 M lithium iodide, 0.6 M methylpropylimidazolium iodide (MPII), 0.05 M I2 and 0.5 M 4-tert-butylpyridine (4-TBP) in the mixed solvent of acetonitrile and 3-methoxypropionitrile (7:3, v/v)",TiO2 film (7 um thick + 6 um scattering layer),,-,-,-,0,0
545.0,8.8,0.71,3.41,"0.1 M LiI, 0.6 M DMPII, 0.05 M I2 , and 0.5 M TBP in 3-methoxypropionitrile (MPN)/ACN (volume ratio of 1:1)",TiO2 film (14 um transparent + 4.5 um scat­tering layer),0.16,-,-,-,0,0
689.0,5.71,0.65,3.01,"0.5 M LiI, 0.05 M iodine (I2) and 0.5 M 4-tert-butylpyridine (TBP) in 3-methoxypropionitrile",TiO2 film,1.0,235 nmol/cm2,-,-,0,0
597.0,3.88,0.63,1.73,"0.5 M LiI, 0.05 M iodine (I2) and 0.5 M 4-tert-butylpyridine (TBP) in 3-methoxypropionitrile",TiO2 film,1.0,135 nmol/cm2,-,-,0,0
614.0,1.5,0.58,0.63,"0.5 M LiI, 0.05 M iodine (I2) and 0.5 M 4-tert-butylpyridine (TBP) in 3-methoxypropionitrile",TiO2 film,1.0,157 nmol/cm2,-,-,0,0
565.1,4.62,0.745,1.95,"30 mM I2, 0.1 M LiI, 0.6 M N-tert-N'-ethyl-methylimidazolium iodide, 0.1 M guanidinium thiocyanate and 0.1 M 4-terbutylpyridine in acetonitrile",TiO2 film (12 + 4 um thick),0.25,-,-,-,0,0
587.0,2.91,0.781,1.33,"30 mM I2, 0.1 M LiI, 0.6 M N-tert-N'-ethyl-methylimidazolium iodide, 0.1 M guanidinium thiocyanate and 0.1 M 4-terbutylpyridine in acetonitrile",TiO2 film (12 + 4 um thick),0.25,-,5 mM CDCA,-,1,0
573.0,1.39,0.781,0.62,"30 mM I2, 0.1 M LiI, 0.6 M N-tert-N'-ethyl-methylimidazolium iodide, 0.1 M guanidinium thiocyanate and 0.1 M 4-terbutylpyridine in acetonitrile",TiO2 film (12 + 4 um thick),0.25,-,20 mM CDCA,-,1,0
488.7,2.45,0.69,0.83,"30 mM I2, 0.1 M LiI, 0.6 M N-tert-N'-ethyl-methylimidazolium iodide, 0.1 M guanidinium thiocyanate and 0.1 M 4-terbutylpyridine in acetonitrile",TiO2 film (12 + 4 um thick),0.25,-,-,-,0,0
598.3,4.53,0.751,2.03,"30 mM I2, 0.1 M LiI, 0.6 M N-tert-N'-ethyl-methylimidazolium iodide, 0.1 M guanidinium thiocyanate and 0.1 M 4-terbutylpyridine in acetonitrile",TiO2 film (12 + 4 um thick),0.25,-,-,-,0,0
523.2,1.61,0.731,0.61,"30 mM I2, 0.1 M LiI, 0.6 M N-tert-N'-ethyl-methylimidazolium iodide, 0.1 M guanidinium thiocyanate and 0.1 M 4-terbutylpyridine in acetonitrile",TiO2 film (12 + 4 um thick),0.25,-,-,-,0,0
720.0,12.86,0.72,6.65,"0.5 M lithium iodide (LiI), 0.05 M iodine (I2), and 0.5 M 4-tert-butylpyridine in acetonitrile",TiO2 film (12 um + 6 um scattering layer),0.16,150 nmol/cm2,10 mM CDCA,-,1,0
560.0,7.46,0.6,2.49,"0.6 M N-methyl-N-propyl imidasolium iodide (PMII), 0.1 M LiI, 0.05 M I2, 0.5 M 4-tert-butyl pyridine (TBP) in 3-Methoxypropionitrile",TiO2 film (6 uM thick),1.0,-,-,-,0,0
730.0,11.72,0.67,5.75,"0.1 M LiI, 0.6 M MPII, 0.05 M I2, 1.0 M 4-TBP in the mixed solvent of acetonitrile and 3-methoxypropionitrile",TiO2 film (7 um thick + 6 um scattering layer),,-,-,-,0,0
640.0,9.2,0.66,4.1,"LiI (500 mM), iodine (50 mM), 4-tBu pyridine (580 mM) and ethyl-methyl-imidazolium dicyanoimide (600 mM) in MeCN",TiO2 12 um thick,0.25,-,5 mM CDCA,-,1,0
480.0,4.6,0.62,1.37,"iodine (0.05 M), lithium iodide (0.1 M), and 1,2-dimethyl-3-propylimidazolium iodide (0.6 M) in acetonitrile",TiO2 film 9 um thick,0.25,-,-,-,0,0
542.0,5.88,0.64,2.04,"iodine (0.05 M), lithium iodide (0.1 M), and 1,2-dimethyl-3-propylimidazolium iodide (0.6 M) in acetonitrile",TiO2 film 9 um thick,0.25,-,-,-,0,0
485.0,5.28,0.62,1.51,"iodine (0.05 M), lithium iodide (0.1 M), and 1,2-dimethyl-3-propylimidazolium iodide (0.6 M) in acetonitrile",TiO2 film 9 um thick,0.25,-,-,-,0,0
523.0,4.76,0.59,1.47,"iodine (0.05 M), lithium iodide (0.1 M), and 1,2-dimethyl-3-propylimidazolium iodide (0.6 M)",TiO2 film 9 um thick,0.25,-,-,-,0,0
543.0,5.64,0.66,2.02,"iodine (0.05 M), lithium iodide (0.1 M), and 1,2-dimethyl-3-propylimidazolium iodide (0.6 M)",TiO2 film 9 um thick,0.25,-,-,-,0,0
716.0,16.2,0.63,7.39,HPE electrolyte (triiodide/iodide),TiO2 5.5 um thick,0.25,119 nmol/cm2,-,-,0,0
610.0,7.5,0.707,3.23,"0.60 M butylmethylimidazolium iodide (BMIM-I), 0.03 M I2, 0.50 M 4-tertbutylpyridine (TBP) and 0.10 M guanidinium thiocyanate (GTC) in acetonitrile/valeronitrile 85/15 (v/v),",TiO2 film (20 um thick),0.25,-,-,-,0,0
630.0,10.5,0.677,4.49,"0.60 M butylmethylimidazolium iodide (BMIM-I), 0.03 M I2, 0.50 M 4-tertbutylpyridine (TBP) and 0.10 M guanidinium thiocyanate (GTC) in acetonitrile/valeronitrile 85/15 (v/v),",TiO2 film (20 um thick),0.25,-,-,-,0,0
516.0,1.99,0.61,0.62,"0.1 M LiI, 0.6 M DMPII, 0.05 M I2, and 0.5 M TBP in 3-methoxypropionitrile/ACN (volume ratio of 1:1)",TiO2 film (14 um thick + 4.5 um scattering layer),0.16,-,-,-,0,0
552.0,2.42,0.66,0.89,"0.1 M LiI, 0.6 M DMPII, 0.05 M I2, and 0.5 M TBP in 3-methoxypropionitrile/ACN (volume ratio of 1:1)",TiO2 film (14 um thick + 4.5 um scattering layer),0.16,-,-,-,0,0
516.0,3.96,0.64,1.31,"0.1 M LiI, 0.6 M DMPII, 0.05 M I2, and 0.5 M TBP in 3-methoxypropionitrile/ACN (volume ratio of 1:1)",TiO2 film (14 um thick + 4.5 um scattering layer),0.16,-,-,-,0,0
564.0,5.65,0.62,1.97,"0.1 M LiI, 0.6 M DMPII, 0.05 M I2, and 0.5 M TBP in 3-methoxypropionitrile/ACN (volume ratio of 1:1)",TiO2 film (14 um thick + 4.5 um scattering layer),0.16,-,-,-,0,0
530.0,2.46,0.55,0.72,"0.6 M 1,2-dimethyl-3-n-propylimidazolium iodide (DMPII), 0.1 M LiI, 0.05 M I2 and 0.5 M tert-butylpyridine (TBP) in CH3CN",TiO2 film 12 um thick,0.25,207 nmol/cm2,-,-,0,0
600.0,3.23,0.72,1.42,"0.5 M lithium iodide (LiI), 0.05 M iodine (I2), and 0.5 M 4-tert-butylpyridine in acetonitrile",TiO2 film (12 um + 6 um scattering layer),0.16,220 nmol/cm2,-,-,0,0
674.0,10.99,0.77,5.67,HI-30,TiO2 film (12 um transparent + 3.5 um scat­tering layer),0.16,-,-,-,0,0
527.0,6.6,0.589,2.1,"EL-HSE, Dyesol",TiO2 film (8 um thick),0.25,-,-,-,0,0
525.0,6.9,0.584,2.1,"EL-HSE, Dyesol",TiO2 film (8 um thick),0.25,-,CDCA 3mM,-,1,0
535.0,8.2,0.624,2.7,"EL-HSE, Dyesol",TiO2 film (8 um thick),0.25,-,-,-,0,0
523.0,6.5,0.629,2.1,"EL-HSE, Dyesol",TiO2 film (8 um thick),0.25,-,CDCA 3mM,-,1,0
471.0,2.8,0.609,0.8,"EL-HSE, Dyesol",TiO2 film (8 um thick),0.25,-,-,-,0,0
486.0,3.6,0.632,1.1,"EL-HSE, Dyesol",TiO2 film (8 um thick),0.25,-,CDCA 3mM,-,1,0
582.0,7.8,0.65,2.93,"0.6 M 1,2-dimethyl-3-propylimidazolinium iodine, 0.1 M LiI, 0.05 M I2, and 0.5 M 4-tert-butylpyridine (TBP) in 3-methoxypropionitrile",TiO2 film (10 um thick),0.159,-,-,-,0,0
582.0,7.8,0.65,2.93,"0.6M 1,2-dimethyl-3-propylimidazolinium iodine (DMPII), 0.1M LiI, 0.05M I2 and 0.5M 4-tert-butylpyridine (TBP) in 3-methoxypropionitrile",TiO2 film (10 um thick),0.159,-,-,-,0,0
583.0,8.48,0.64,3.17,"0.6 M 1,2-dimethyl-3-propylimidazolinium iodine, 0.1 M LiI, 0.05 M I2, and 0.5 M 4-tert-butylpyridine (TBP) in 3-methoxypropionitrile",TiO2 film (10 um thick),0.159,-,0.003 M CDCA,-,1,0
583.0,8.48,0.64,3.17,"0.6M 1,2-dimethyl-3-propylimidazolinium iodine (DMPII), 0.1M LiI, 0.05M I2 and 0.5M 4-tert-butylpyridine (TBP) in 3-methoxypropionitrile",TiO2 film (10 um thick),0.159,-,3 mM CDCA,-,1,0
516.0,5.01,0.6,1.56,"0.6 M 1,2-dimethyl-3-propylimidazolinium iodine, 0.1 M LiI, 0.05 M I2, and 0.5 M 4-tert-butylpyridine (TBP) in 3-methoxypropionitrile",TiO2 film (10 um thick),0.159,-,-,-,0,0
543.0,6.99,0.62,2.35,"0.6 M 1,2-dimethyl-3-propylimidazolinium iodine, 0.1 M LiI, 0.05 M I2, and 0.5 M 4-tert-butylpyridine (TBP) in 3-methoxypropionitrile",TiO2 film (10 um thick),0.159,-,0.003 M CDCA,-,1,0
500.0,4.68,0.56,1.32,"0.6 M 1,2-dimethyl-3-propylimidazolinium iodine, 0.1 M LiI, 0.05 M I2, and 0.5 M 4-tert-butylpyridine (TBP) in 3-methoxypropionitrile",TiO2 film (10 um thick),0.159,-,-,-,0,0
521.0,6.39,0.57,1.91,"0.6 M 1,2-dimethyl-3-propylimidazolinium iodine, 0.1 M LiI, 0.05 M I2, and 0.5 M 4-tert-butylpyridine (TBP) in 3-methoxypropionitrile",TiO2 film (10 um thick),0.159,-,0.003 M CDCA,-,1,0
495.0,6.38,0.56,1.78,"0.6 M 1,2-dimethyl-3-propylimidazolinium iodine, 0.1 M LiI, 0.05 M I2, and 0.5 M 4-tert-butylpyridine (TBP) in 3-methoxypropionitrile",TiO2 film (10 um thick),0.159,-,-,-,0,0
514.0,6.87,0.66,2.34,"0.6 M 1,2-dimethyl-3-propylimidazolinium iodine, 0.1 M LiI, 0.05 M I2, and 0.5 M 4-tert-butylpyridine (TBP) in 3-methoxypropionitrile",TiO2 film (10 um thick),0.159,-,0.003 M CDCA,-,1,0
532.0,3.39,0.66,1.19,"0.6 M 1,2-dimethyl-3-propylimidazolinium iodine, 0.1 M LiI, 0.05 M I2, and 0.5 M 4-tert-butylpyridine (TBP) in 3-methoxypropionitrile",TiO2 film (10 um thick),0.159,-,-,-,0,0
532.0,3.39,0.66,1.19,"0.6M 1,2-dimethyl-3-propylimidazolinium iodine (DMPII), 0.1M LiI, 0.05M I2 and 0.5M 4-tert-butylpyridine (TBP) in 3-methoxypropionitrile",TiO2 film (10 um thick),0.159,-,-,-,0,0
542.0,7.22,0.59,2.32,"0.6 M 1,2-dimethyl-3-propylimidazolinium iodine, 0.1 M LiI, 0.05 M I2, and 0.5 M 4-tert-butylpyridine (TBP) in 3-methoxypropionitrile",TiO2 film (10 um thick),0.159,-,0.003 M CDCA,-,1,0
542.0,7.22,0.59,2.32,"0.6M 1,2-dimethyl-3-propylimidazolinium iodine (DMPII), 0.1M LiI, 0.05M I2 and 0.5M 4-tert-butylpyridine (TBP) in 3-methoxypropionitrile",TiO2 film (10 um thick),0.159,-,3 mM CDCA,-,1,0
600.0,11.3,0.66,4.47,"0.6 M 1,2-dimethyl-3-propylimidazolinium iodine, 0.1 M LiI, 0.05 M I2, and 0.5 M 4-tert-butylpyridine (TBP) in 3-methoxypropionitrile",TiO2 film (10 um thick),0.159,-,-,-,0,0
600.0,11.3,0.66,4.47,"0.6M 1,2-dimethyl-3-propylimidazolinium iodine (DMPII), 0.1M LiI, 0.05M I2 and 0.5M 4-tert-butylpyridine (TBP) in 3-methoxypropionitrile",TiO2 film (10 um thick),0.159,-,-,-,0,0
600.0,11.2,0.67,4.49,"0.6 M 1,2-dimethyl-3-propylimidazolinium iodine, 0.1 M LiI, 0.05 M I2, and 0.5 M 4-tert-butylpyridine (TBP) in 3-methoxypropionitrile",TiO2 film (10 um thick),0.159,-,0.003 M CDCA,-,1,0
600.0,11.2,0.67,4.49,"0.6M 1,2-dimethyl-3-propylimidazolinium iodine (DMPII), 0.1M LiI, 0.05M I2 and 0.5M 4-tert-butylpyridine (TBP) in 3-methoxypropionitrile",TiO2 film (10 um thick),0.159,-,3 mM CDCA,-,1,0
590.0,9.82,0.65,3.74,"0.6 M 1,2-dimethyl-3-propylimidazolinium iodine, 0.1 M LiI, 0.05 M I2, and 0.5 M 4-tert-butylpyridine (TBP) in 3-methoxypropionitrile",TiO2 film (10 um thick),0.159,-,-,-,0,0
597.0,12.0,0.63,4.53,"0.6 M 1,2-dimethyl-3-propylimidazolinium iodine, 0.1 M LiI, 0.05 M I2, and 0.5 M 4-tert-butylpyridine (TBP) in 3-methoxypropionitrile",TiO2 film (10 um thick),0.159,-,0.003 M CDCA,-,1,0
537.0,10.0,0.64,3.44,"0.6 M 1,2-dimethyl-3-propylimidazolinium iodine, 0.1 M LiI, 0.05 M I2, and 0.5 M 4-tert-butylpyridine (TBP) in 3-methoxypropionitrile",TiO2 film (10 um thick),0.159,-,-,-,0,0
527.0,8.53,0.67,3.0,"0.6 M 1,2-dimethyl-3-propylimidazolinium iodine, 0.1 M LiI, 0.05 M I2, and 0.5 M 4-tert-butylpyridine (TBP) in 3-methoxypropionitrile",TiO2 film (10 um thick),0.159,-,0.003 M CDCA,-,1,0
524.0,8.35,0.63,2.77,"0.6 M 1,2-dimethyl-3-propylimidazolinium iodine, 0.1 M LiI, 0.05 M I2, and 0.5 M 4-tert-butylpyridine (TBP) in 3-methoxypropionitrile",TiO2 film (10 um thick),0.159,-,-,-,0,0
522.0,8.84,0.63,2.92,"0.6 M 1,2-dimethyl-3-propylimidazolinium iodine, 0.1 M LiI, 0.05 M I2, and 0.5 M 4-tert-butylpyridine (TBP) in 3-methoxypropionitrile",TiO2 film (10 um thick),0.159,-,0.003 M CDCA,-,1,0
560.0,7.5,0.64,2.7,"0.6 M 1,2-dimethyl-3-propylimidazolinium iodine, 0.1 M LiI, 0.05 M I2, and 0.5 M 4-tert-butylpyridine (TBP) in 3-methoxypropionitrile",TiO2 film (10 um thick),0.159,-,-,-,0,0
580.0,9.27,0.67,3.61,"0.6 M 1,2-dimethyl-3-propylimidazolinium iodine, 0.1 M LiI, 0.05 M I2, and 0.5 M 4-tert-butylpyridine (TBP) in 3-methoxypropionitrile",TiO2 film (10 um thick),0.159,-,0.003 M CDCA,-,1,0
554.0,4.79,0.67,1.79,"0.6 M 1,2-dimethyl-3-propylimidazolinium iodine, 0.1 M LiI, 0.05 M I2, and 0.5 M 4-tert-butylpyridine (TBP) in 3-methoxypropionitrile",TiO2 film (10 um thick),0.159,-,-,-,0,0
568.0,8.54,0.67,3.27,"0.6 M 1,2-dimethyl-3-propylimidazolinium iodine, 0.1 M LiI, 0.05 M I2, and 0.5 M 4-tert-butylpyridine (TBP) in 3-methoxypropionitrile",TiO2 film (10 um thick),0.159,-,0.003 M CDCA,-,1,0
646.0,15.8,0.75,7.66,"0.5 M I2, 0.1 M LiI, 0.6 M DMII and 0.5 M TBP in acetonitrile",TiO2 film (11 um thick + 6 um scattering layer),0.25,-,-,-,0,0
620.0,6.5,0.7,2.8,"LiI (500 mM), iodine (50 mM), 4-tBu pyridine (580 mM) and ethyl-methyl-imidazolium dicyanoimide (600 mM) in MeCN",TiO2 12 um thick,0.25,-,5 mM CDCA,-,1,0
385.0,5.76,0.55,1.23,"0.05 M iodine, and 0.5 M lithium iodide in acetonitrile/3-methoxypropionitrole (7:3, v/v)",TiO2 film,0.25,-,-,-,0,0
657.0,11.94,0.66,5.16,"0.1 M lithium iodide, 0.6 M methylpropylimidazolium iodide (MPII), 0.05 M I2 and 0.5 M 4-tert-butylpyridine (4-TBP) in the mixed solvent of acetonitrile and 3-methoxypropionitrile (7:3, v/v)",TiO2 film (7 um thick + 6 um scattering layer),,-,-,-,0,0
738.0,12.56,0.68,6.26,"0.1 M LiI, 0.6 M MPII, 0.05 M I2, 1.0 M 4-TBP in the mixed solvent of acetonitrile and 3-methoxypropionitrile",TiO2 film (7 um thick + 6 um scattering layer),,-,5 mM CDCA,-,1,0
683.0,17.87,0.66,8.01,"0.6 M 1-methyl-3-propylimidazolium iodine (PMII), 0.03 M I2, 0.05 M LiI, 0.1 M guanidinium thiocyanate (GuSCN), and 0.5 M 4-tert-butylpyridine (TBP) in acetonitrile
and valeronitrile (85 : 15, v/v)",TiO2 film (15 um thick),0.16,4150 nmol/cm2,-,-,0,0
592.0,14.64,0.68,5.85,"0.6 M 1-methyl-3-propylimidazolium iodine (PMII), 0.03 M I2, 0.05 M LiI, 0.1 M guanidinium thiocyanate (GuSCN), and 0.5 M 4-tert-butylpyridine (TBP) in acetonitrile
and valeronitrile (85 : 15, v/v)",TiO2 film (15 um thick),0.16,2090 nmol/cm2,-,-,0,0
680.0,12.59,0.71,6.04,"0.6 M 1-butyl-3-methylimidazolium iodide (BMII), 0.05 M LiI, 0.03 M I2, 0.5 M 4-tert -butylpyridine, and 0.1 M guanidinium thiocyanate in a mixture of acetonitrile and valeronitrile (85/15, v/v)",TiO2 film (12 um thick + 4 um scattering layer),0.125,-,-,-,0,0
690.0,13.54,0.71,6.67,"0.6 M 1-butyl-3-methylimidazolium iodide (BMII), 0.05 M LiI, 0.03 M I2, 0.5 M 4-tert -butylpyridine, and 0.1 M guanidinium thiocyanate in a mixture of acetonitrile and valeronitrile (85/15, v/v)",TiO2 film (12 um thick + 4 um scattering layer),0.125,-,-,-,0,0
680.0,13.12,0.71,6.33,"0.6 M 1-butyl-3-methylimidazolium iodide (BMII), 0.05 M LiI, 0.03 M I2, 0.5 M 4-tert -butylpyridine, and 0.1 M guanidinium thiocyanate in a mixture of acetonitrile and valeronitrile (85/15, v/v)",TiO2 film (12 um thick + 4 um scattering layer),0.125,-,-,-,0,0
746.0,12.38,0.66,6.04,"0.1 M LiI, 0.6 M MPII, 0.05 M I2, 1.0 M 4-TBP in the mixed solvent of acetonitrile and 3-methoxypropionitrile",TiO2 film (7 um thick + 6 um scattering layer),,-,10 mM CDCA,-,1,0
649.0,12.33,0.65,5.23,"0.1 M lithium iodide, 0.6 M methylpropylimidazolium iodide (MPII), 0.05 M I2 and 0.25 M 4-tert-butylpyridine (4-TBP) in the mixed solvent of acetonitrile and 3-methoxypropionitrile (7:3, v/v)",TiO2 film (7 um thick + 6 um scattering layer),,-,-,-,0,0
706.0,12.0,0.67,5.65,"0.1 M lithium iodide, 0.6 M methylpropylimidazolium iodide (MPII), 0.05 M I2 and 0.8 M 4-tert-butylpyridine (4-TBP) in the mixed solvent of acetonitrile and 3-methoxypropionitrile (7:3, v/v)",TiO2 film (7 um thick + 6 um scattering layer),,-,-,-,0,0
738.0,9.96,0.71,5.24,"0.1 M lithium iodide, 0.6 M methylpropylimidazolium iodide (MPII), 0.05 M I2 and 1.2 M 4-tert-butylpyridine (4-TBP) in the mixed solvent of acetonitrile and 3-methoxypropionitrile (7:3, v/v)",TiO2 film (7 um thick + 6 um scattering layer),,-,-,-,0,0
722.0,13.69,0.68,6.71,"0.3 M 1, 2-dimethyl-3-n-propylimidazolium iodide (DMPII), 0.25 M LiI, 0.01 M I2, 0.05 M tetrabutyl ammonium iodide (TBAI), 0.1 M 4-tertbutyl pyridine in acetonitrile/valeronitrile (AN/VN:85/15,v/v)",TiO2 film (10 um thick + 6 um scattering layer),,-,-,-,0,0
410.0,10.01,0.64,2.6,"0.6 mol/L 1,2-dimethyl-3-propylimidazolium iodide (DMPII), 0.1 mol/L Lithium iodide (LiI) and 0.1 mol/L iodine (I2) in acetonitrile",TiO2 film (10 um thick),0.25,-,-,-,0,0
520.0,4.16,0.7,1.51,iodide/triiodide,TiO2 film,,113 nmol/cm2,-,-,0,0
600.0,5.2,0.64,2.03,iodide/triiodide,TiO2 film,,136 nmol/cm2,-,-,0,0
630.0,4.36,0.69,1.91,"0.5 M lithium iodide (LiI), 0.05 M iodine (I2), and 0.5 M 4-tert-butylpyridine in acetonitrile",TiO2 film (12 um + 6 um scattering layer),0.16,180  nmol/cm2,10 mM CDCA,-,1,0
560.0,7.0,0.62,2.4,"LiI (500 mM), iodine (50 mM), 4-tBu pyridine (580 mM) and ethyl-methyl-imidazolium dicyanoimide (600 mM) in MeCN",TiO2 12 um thick,0.25,-,5 mM CDCA,-,1,0
580.0,12.9,0.67,5.01,"0.6 M 1-butyl-3-methylimidazolium iodide (BMII), 0.05 M LiI, 0.03 M I2, 0.5 M 4-tert-butylpyridine, and 0.1 M guanidinium thiocyanate in a mixture of acetonitrile–valeronitrile (85:15, v/v)",TiO2 film (12 um thick + 4 um scattering layer),0.125,-,-,-,0,0
560.0,11.71,0.63,4.13,"0.6 M 1-butyl-3-methylimidazolium iodide (BMII), 0.05 M LiI, 0.03 M I2, 0.5 M 4-tert-butylpyridine, and 0.1 M guanidinium thiocyanate in a mixture of acetonitrile–valeronitrile (85:15, v/v)",TiO2 film (12 um thick + 4 um scattering layer),0.125,-,-,-,0,0
453.0,5.62,0.7,1.79,"0.6 M dimethylpropylimidazolium iodide, 0.05 M I2, 0.1 M LiI and 0.5 M tert-butyl pyridine in acetonitrile",TiO2 film (10 um thick + 5 um scattering layer),0.25,-,-,-,0,0
512.0,6.88,0.72,2.54,"0.6 M dimethylpropylimidazolium iodide, 0.05 M I2, 0.1 M LiI and 0.5 M tert-butyl pyridine in acetonitrile",TiO2 film (10 um thick + 5 um scattering layer),0.25,-,-,-,0,0
549.0,10.9,0.68,4.06,"0.6 M dimethylpropylimidazolium iodide, 0.05 M I2, 0.1 M LiI and 0.5 M tert-butyl pyridine in acetonitrile",TiO2 film (10 um thick + 5 um scattering layer),0.25,-,-,-,0,0
605.0,2.57,0.76,1.18,"0.5 M lithium iodide (LiI), 0.05 M iodine (I2), and 0.5 M 4-tert-butylpyridine dissolved in acetonitrile",TiO2 film (12 um thick + 5 um scattering layer),0.25,-,-,-,0,0
583.0,6.49,0.68,2.58,"0.5 M lithium iodide (LiI), 0.05 M iodine (I2), and 0.5 M 4-tert-butylpyridine dissolved in acetonitrile",TiO2 film (12 um thick + 5 um scattering layer),0.25,-,-,-,0,0
695.0,9.61,0.7,4.65,"0.5 M lithium iodide (LiI), 0.05 M iodine (I2), and 0.5 M 4-tert-butylpyridine dissolved in acetonitrile",TiO2 film (12 um thick + 5 um scattering layer),0.25,-,-,-,0,0
655.0,7.08,0.67,3.12,"0.5 M lithium iodide (LiI), 0.05 M iodine (I2), and 0.5 M 4-tert-butylpyridine dissolved in acetonitrile",TiO2 film (12 um thick + 5 um scattering layer),0.25,-,-,-,0,0
590.0,3.453,0.6519,1.56,"0.5 M LiI, 0.05 M iodine (I2) and 0.5 M 4-tert-butylpyridine (TBP) in 3-methoxypropionitrile",TiO2 film,1.0,157 nmol/cm2,-,-,0,0
581.0,1.253,0.6345,0.54,"0.5 M LiI, 0.05 M iodine (I2) and 0.5 M 4-tert-butylpyridine (TBP) in 3-methoxypropionitrile",TiO2 film,1.0,142 nmol/cm2,-,-,0,0
620.0,7.547,0.6304,3.47,"0.5 M LiI, 0.05 M iodine (I2) and 0.5 M 4-tert-butylpyridine (TBP) in 3-methoxypropionitrile",TiO2 film,1.0,193 nmol/cm2,-,-,0,0
676.0,8.9,0.68,4.1,"0.3 M DMPII, 0.1 M LiI, 0.05 M I2 and 0.5 M 4-tert-butylpyridine",TiO2 film (12 + 4 um thick),0.16,162 nmol/cm2,-,-,0,0
610.0,5.78,0.68,2.42,"0.1 M LiI, 0.6 M DMPII, 0.05 M I2, and 0.5 M TBP in 3-methoxypropionitrile (MPN)/ACN (volume ratio of 1:1)",TiO2 film (14 + 4.5 um thick),0.16,-,-,-,0,0
570.0,9.25,0.66,3.44,"0.1 M LiI, 0.6 M DMPII, 0.05 M I2, and 0.5 M TBP in 3-methoxypropionitrile (MPN)/ACN (volume ratio of 1:1)",TiO2 film (14 + 4.5 um thick),0.16,-,-,-,0,0
600.0,4.16,0.68,1.67,"0.1 M LiI, 0.6 M DMPII, 0.05 M I2, and 0.5 M TBP in 3-methoxypropionitrile (MPN)/ACN (volume ratio of 1:1)",TiO2 film (14 + 4.5 um thick),0.16,-,-,-,0,0
580.0,7.13,0.67,2.75,"0.1 M LiI, 0.6 M DMPII, 0.05 M I2, and 0.5 M TBP in 3-methoxypropionitrile (MPN)/ACN (volume ratio of 1:1)",TiO2 film (14 + 4.5 um thick),0.16,-,-,-,0,0
570.0,3.76,0.65,1.39,"0.1 M LiI, 0.6 M DMPII, 0.05 M I2, and 0.5 M TBP in 3-methoxypropionitrile (MPN)/ACN (volume ratio of 1:1)",TiO2 film (14 + 4.5 um thick),0.16,-,-,-,0,0
630.0,7.88,0.66,3.27,"0.1 M LiI, 0.6 M DMPII, 0.05 M I2, and 0.5 M TBP in 3-methoxypropionitrile (MPN)/ACN (volume ratio of 1:1)",TiO2 film (14 + 4.5 um thick),0.16,-,-,-,0,0
582.0,5.89,0.72,2.47,"0.3 M DMPII, 0.1 M LiI, 0.05 M I2, and 0.5 M 4-tert-butylpyridine in acetonitrile",TiO2 film (10 + 4 um thick),0.16,-,10 mM CDCA,-,1,0
582.0,5.89,0.72,2.47,"0.3MDMPII, 0.1MLiI, 0.05MI2, and 0.5M4-tertbutylpyridine in acetonitrile",TiO2 film (10 uM thick + 4 uM scattering layer),0.16,-,10 mM CDCA,-,1,0
617.0,8.33,0.7,3.6,"0.3 M DMPII, 0.1 M LiI, 0.05 M I2, and 0.5 M 4-tert-butylpyridine in acetonitrile",TiO2 film (10 + 4 um thick),0.16,-,10 mM CDCA,-,1,0
617.0,8.33,0.7,3.6,"0.3MDMPII, 0.1MLiI, 0.05MI2, and 0.5M4-tertbutylpyridine in acetonitrile",TiO2 film (10 uM thick + 4 uM scattering layer),0.16,-,10 mM CDCA,-,1,0
601.0,6.93,0.64,2.67,"0.1 M LiI, 0.6 M 1-propyl-2,3-dimethylimidazolium iodide (DMPII), 0.05 M I2 and 0.5 M tert-butylpyridine in a solvent mixture of acetonitrile and 3-methoxypropionitrile (volume ratio 1:1)",TiO2 film (13 + 4 um thick),0.16,-,-,-,0,0
645.0,1.7,0.767,8.32,"0.5 M I2, 0.1 M LiI, 0.6 M DMII and 0.5 M TBP in acetonitrile",TiO2 film (11 um thick + 6 um scattering layer),0.25,-,-,-,0,0
580.0,10.89,0.6,3.75,"LiI (0.5 M), I2 (0.05 M), and 4-tert-butylpyridine (0.5 M) in acetonitrile",TiO2 16-18 um thick,0.25,-,-,-,0,0
580.0,8.9,0.65,3.3,"LiI (500 mM), iodine (50 mM), 4-tBu pyridine (580 mM) and ethyl-methyl-imidazolium dicyanoimide (600 mM) in MeCN",TiO2 12 um thick,0.25,-,5 mM CDCA,-,1,0
550.0,6.3,0.65,2.3,"LiI (500 mM), iodine (50 mM), 4-tBu pyridine (580 mM) and ethyl-methyl-imidazolium dicyanoimide (600 mM) in MeCN",TiO2 12 um thick,0.25,-,5 mM CDCA,-,1,0
610.0,10.3,0.58,3.5,"LiI (500 mM), iodine (50 mM), 4-tBu pyridine (580 mM) and ethyl-methyl-imidazolium dicyanoimide (600 mM) in MeCN",TiO2 12 um thick,0.25,-,5 mM CDCA,-,1,0
580.0,8.0,0.6,2.8,"LiI (500 mM), iodine (50 mM), 4-tBu pyridine (580 mM) and ethyl-methyl-imidazolium dicyanoimide (600 mM) in MeCN",TiO2 12 um thick,0.25,-,5 mM CDCA,-,1,0
640.0,9.7,0.65,4.0,"LiI (500 mM), iodine (50 mM), 4-tBu pyridine (580 mM) and ethyl-methyl-imidazolium dicyanoimide (600 mM) in MeCN",TiO2 12 um thick,0.25,-,5 mM CDCA,-,1,0
570.0,3.4,0.7,1.4,"LiI (500 mM), iodine (50 mM), 4-tBu pyridine (580 mM) and ethyl-methyl-imidazolium dicyanoimide (600 mM) in MeCN",TiO2 12 um thick,0.25,-,5 mM CDCA,-,1,0
524.0,11.4,0.63,3.75,"0.1 M LiI, 0.6 M DMPII, 0.05 M I2 , and 0.5 M TBP in 3-methoxypropionitrile (MPN)/ACN (volume ratio of 1:1)",TiO2 film (14 um transparent + 4.5 um scat­tering layer),0.16,-,-,-,0,0
543.0,15.5,0.67,5.65,"0.1 M LiI, 0.6 M DMPII, 0.05 M I2 , and 0.5 M TBP in 3-methoxypropionitrile (MPN)/ACN (volume ratio of 1:1)",TiO2 film (14 um transparent + 4.5 um scat­tering layer),0.16,-,-,-,0,0
675.0,15.29,0.723,7.46,"0.5 M MPII (1-methyl-3-propyl-imidazolium iodide), 0.05 M I2, 0.1 M LiI, 0.1 M GuSCN (guanidiniumthiocyanate) and 0.5 M 4-tertbutylpyridinein acetonitrile and 3-methoxypropionitrile (v:v= 7:3)",TiO2 15 um thick,0.12,-,-,-,0,0
698.0,17.14,0.694,8.3,"0.5 M MPII (1-methyl-3-propyl-imidazolium iodide), 0.05 M I2, 0.1 M LiI, 0.1 M GuSCN (guanidiniumthiocyanate) and 0.5 M 4-tertbutylpyridinein acetonitrile and 3-methoxypropionitrile (v:v= 7:3)",TiO2 15 um thick,0.12,-,-,-,0,0
639.0,14.6,0.717,6.69,"0.5 M MPII (1-methyl-3-propyl-imidazolium iodide), 0.05 M I2, 0.1 M LiI, 0.1 M GuSCN (guanidiniumthiocyanate) and 0.5 M 4-tertbutylpyridinein acetonitrile and 3-methoxypropionitrile (v:v= 7:3)",TiO2 15 um thick,0.12,-,-,-,0,0
643.0,15.59,0.699,7.01,"0.5 M MPII (1-methyl-3-propyl-imidazolium iodide), 0.05 M I2, 0.1 M LiI, 0.1 M GuSCN (guanidiniumthiocyanate) and 0.5 M 4-tertbutylpyridinein acetonitrile and 3-methoxypropionitrile (v:v= 7:3)",TiO2 15 um thick,0.12,-,-,-,0,0
692.0,14.27,0.59,5.85,HPE electrolyte (triiodide/iodide),TiO2 5.5 um thick,0.25,-,1 mM CDCA,-,1,0
580.0,4.0,0.69,1.6,"LiI (500 mM), iodine (50 mM), 4-tBu pyridine (580 mM) and ethyl-methyl-imidazolium dicyanoimide (600 mM) in MeCN",TiO2 12 um thick,0.25,-,5 mM CDCA,-,1,0
520.0,2.2,0.53,0.6,"LiI (500 mM), iodine (50 mM), 4-tBu pyridine (580 mM) and ethyl-methyl-imidazolium dicyanoimide (600 mM) in MeCN",TiO2 12 um thick,0.25,-,5 mM CDCA,-,1,0
590.0,8.2,0.55,2.7,"LiI (500 mM), iodine (50 mM), 4-tBu pyridine (580 mM) and ethyl-methyl-imidazolium dicyanoimide (600 mM) in MeCN",TiO2 12 um thick,0.25,-,5 mM CDCA,-,1,0
570.0,7.8,0.65,2.9,"LiI (500 mM), iodine (50 mM), 4-tBu pyridine (580 mM) and ethyl-methyl-imidazolium dicyanoimide (600 mM) in MeCN",TiO2 12 um thick,0.25,-,5 mM CDCA,-,1,0
570.0,6.6,0.69,2.6,"LiI (500 mM), iodine (50 mM), 4-tBu pyridine (580 mM) and ethyl-methyl-imidazolium dicyanoimide (600 mM) in MeCN",TiO2 12 um thick,0.25,-,5 mM CDCA,-,1,0
540.0,6.3,0.69,2.4,"LiI (500 mM), iodine (50 mM), 4-tBu pyridine (580 mM) and ethyl-methyl-imidazolium dicyanoimide (600 mM) in MeCN",TiO2 12 um thick,0.25,-,5 mM CDCA,-,1,0
590.0,10.5,0.67,4.2,"LiI (500 mM), iodine (50 mM), 4-tBu pyridine (580 mM) and ethyl-methyl-imidazolium dicyanoimide (600 mM) in MeCN",TiO2 12 um thick,0.25,-,5 mM CDCA,-,1,0
660.0,11.9,0.64,4.9,"LiI (500 mM), iodine (50 mM), 4-tBu pyridine (580 mM) and ethyl-methyl-imidazolium dicyanoimide (600 mM) in MeCN",TiO2 12 um thick,0.25,-,5 mM CDCA,-,1,0
740.0,8.9,0.63,4.2,"LiI (500 mM), iodine (50 mM), 4-tBu pyridine (580 mM) and ethyl-methyl-imidazolium dicyanoimide (600 mM) in MeCN",TiO2 12 um thick,0.25,-,5 mM CDCA,-,1,0
610.0,7.3,0.72,3.1,"LiI (500 mM), iodine (50 mM), 4-tBu pyridine (580 mM) and ethyl-methyl-imidazolium dicyanoimide (600 mM) in MeCN",TiO2 12 um thick,0.25,-,5 mM CDCA,-,1,0
710.0,11.3,0.66,5.2,"LiI (500 mM), iodine (50 mM), 4-tBu pyridine (580 mM) and ethyl-methyl-imidazolium dicyanoimide (600 mM) in MeCN",TiO2 12 um thick,0.25,-,5 mM CDCA,-,1,0
660.0,14.2,0.6,5.68,"LiI (0.5 M), I2 (0.05 M), and 4-tert-butylpyridine (0.5 M) in acetonitrile",TiO2 16-18 um thick,0.25,-,-,-,0,0
710.0,12.6,0.57,5.0,"LiI (500 mM), iodine (50 mM), 4-tBu pyridine (580 mM) and ethyl-methyl-imidazolium dicyanoimide (600 mM) in MeCN",TiO2 12 um thick,0.25,-,5 mM CDCA,-,1,0
710.0,12.6,0.57,5.0,"LiI (500 mM), iodine (50 mM), 4-tert-butyl pyridine (580 mM) and ethyl-methyl-imidazolium dicyanoimide (600 mM) in MeCN",TiO2 film 12 um thick,0.25,-,5 mM CDCA,-,1,0
570.0,10.8,0.65,4.0,"LiI (500 mM), iodine (50 mM), 4-tBu pyridine (580 mM) and ethyl-methyl-imidazolium dicyanoimide (600 mM) in MeCN",TiO2 12 um thick,0.25,-,5 mM CDCA,-,1,0
660.0,7.2,0.71,3.4,"LiI (500 mM), iodine (50 mM), 4-tBu pyridine (580 mM) and ethyl-methyl-imidazolium dicyanoimide (600 mM) in MeCN",TiO2 12 um thick,0.25,-,5 mM CDCA,-,1,0
690.0,9.5,0.71,4.6,"LiI (500 mM), iodine (50 mM), 4-tBu pyridine (580 mM) and ethyl-methyl-imidazolium dicyanoimide (600 mM) in MeCN",TiO2 12 um thick,0.25,-,5 mM CDCA,-,1,0
583.0,3.09,0.56,1.02,"0.1 M LiI, 0.6 M 1-propyl-2,3-dimethylimidazolium iodide (DMPII), 0.05 M I2 and 0.5 M tert-butylpyridine in a solvent mixture of acetonitrile and 3-methoxypropionitrile (volume ratio 1:1)",TiO2 film (13 + 4 um thick),0.16,-,-,-,0,0
573.0,4.07,0.69,1.6,"0.1 M LiI, 0.6 M 1-propyl-2,3-dimethylimidazolium iodide (DMPII), 0.05 M I2 and 0.5 M tert-butylpyridine in a solvent mixture of acetonitrile and 3-methoxypropionitrile (volume ratio 1:1)",TiO2 film (13 + 4 um thick),0.16,-,-,-,0,0
575.0,5.75,0.66,2.19,"0.1 M LiI, 0.6 M 1-propyl-2,3-dimethylimidazolium iodide (DMPII), 0.05 M I2 and 0.5 M tert-butylpyridine in a solvent mixture of acetonitrile and 3-methoxypropionitrile (volume ratio 1:1)",TiO2 film (13 + 4 um thick),0.16,-,-,-,0,0
558.0,7.91,0.63,2.78,"0.1 M LiI, 0.6 M 1-propyl-2,3-dimethylimidazolium iodide (DMPII), 0.05 M I2 and 0.5 M tert-butylpyridine in a solvent mixture of acetonitrile and 3-methoxypropionitrile (volume ratio 1:1)",TiO2 film (13 + 4 um thick),0.16,-,-,-,0,0
704.0,9.18,0.65,4.2,"0.1 M LiI, 0.03 M I2, 0.6 M 1-methyl-3-propylimidazolium iodide, and 0.5 M tert-butylpyridine in dry acetonitrile",TiO2 film (10 um thick),0.16,290 nmol/cm2,-,-,0,0
735.0,10.33,0.68,5.16,"0.1 M LiI, 0.03 M I2, 0.6 M 1-methyl-3-propylimidazolium iodide, and 0.5 M tert-butylpyridine in dry acetonitrile",TiO2 film (10 um thick),0.16,240 nmol/cm2,10 mM CDCA,-,1,0
455.0,2.3,0.69,0.72,"0.6 M 1,2-dimethyl-3-n-propylimidazolium iodide (DMPImI), 0.1 M LiI, 0.05 M I2, and 0.5 M tertbutylpyridine in acetonitrile",TiO2 film (9 + 4 um thick),0.19,104 nmol/cm2,-,-,0,0
553.0,8.9,0.7,3.45,"0.6 M 1,2-dimethyl-3-n-propylimidazolium iodide (DMPImI), 0.1 M LiI, 0.05 M I2, and 0.5 M tertbutylpyridine in acetonitrile",TiO2 film (9 + 4 um thick),0.19,91 nmol/cm2,-,-,0,0
540.0,8.3,0.71,3.18,"0.6 M 1,2-dimethyl-3-n-propylimidazolium iodide (DMPImI), 0.1 M LiI, 0.05 M I2, and 0.5 M tertbutylpyridine in acetonitrile",TiO2 film (9 + 4 um thick),0.19,97 nmol/cm2,-,-,0,0
560.0,7.5,0.7,2.94,"0.6 M 1,2-dimethyl-3-n-propylimidazolium iodide (DMPImI), 0.1 M LiI, 0.05 M I2, and 0.5 M tertbutylpyridine in acetonitrile",TiO2 film (9 + 4 um thick),0.19,156 nmol/cm2,-,-,0,0
710.0,9.6,0.71,4.9,"LiI (500 mM), iodine (50 mM), 4-tBu pyridine (580 mM) and ethyl-methyl-imidazolium dicyanoimide (600 mM) in MeCN",TiO2 12 um thick,0.25,-,5 mM CDCA,-,1,0
660.0,9.9,0.7,4.6,"LiI (500 mM), iodine (50 mM), 4-tBu pyridine (580 mM) and ethyl-methyl-imidazolium dicyanoimide (600 mM) in MeCN",TiO2 12 um thick,0.25,-,5 mM CDCA,-,1,0
760.0,7.2,0.72,3.9,"LiI (500 mM), iodine (50 mM), 4-tBu pyridine (580 mM) and ethyl-methyl-imidazolium dicyanoimide (600 mM) in MeCN",TiO2 12 um thick,0.25,-,5 mM CDCA,-,1,0
630.0,4.1,0.75,1.9,"LiI (500 mM), iodine (50 mM), 4-tBu pyridine (580 mM) and ethyl-methyl-imidazolium dicyanoimide (600 mM) in MeCN",TiO2 12 um thick,0.25,-,5 mM CDCA,-,1,0
700.0,9.0,0.72,4.6,"LiI (500 mM), iodine (50 mM), 4-tBu pyridine (580 mM) and ethyl-methyl-imidazolium dicyanoimide (600 mM) in MeCN",TiO2 12 um thick,0.25,-,5 mM CDCA,-,1,0
700.0,10.0,0.71,5.0,"LiI (500 mM), iodine (50 mM), 4-tBu pyridine (580 mM) and ethyl-methyl-imidazolium dicyanoimide (600 mM) in MeCN",TiO2 12 um thick,0.25,-,5 mM CDCA,-,1,0
640.0,11.5,0.66,4.8,"LiI (500 mM), iodine (50 mM), 4-tBu pyridine (580 mM) and ethyl-methyl-imidazolium dicyanoimide (600 mM) in MeCN",TiO2 12 um thick,0.25,-,5 mM CDCA,-,1,0
760.0,8.9,0.65,4.4,"LiI (500 mM), iodine (50 mM), 4-tBu pyridine (580 mM) and ethyl-methyl-imidazolium dicyanoimide (600 mM) in MeCN",TiO2 12 um thick,0.25,-,5 mM CDCA,-,1,0
620.0,5.9,0.72,2.7,"LiI (500 mM), iodine (50 mM), 4-tBu pyridine (580 mM) and ethyl-methyl-imidazolium dicyanoimide (600 mM) in MeCN",TiO2 12 um thick,0.25,-,5 mM CDCA,-,1,0
610.0,9.1,0.62,3.4,"LiI (500 mM), iodine (50 mM), 4-tBu pyridine (580 mM) and ethyl-methyl-imidazolium dicyanoimide (600 mM) in MeCN",TiO2 12 um thick,0.25,-,5 mM CDCA,-,1,0
490.0,3.0,0.61,0.9,"LiI (500 mM), iodine (50 mM), 4-tBu pyridine (580 mM) and ethyl-methyl-imidazolium dicyanoimide (600 mM) in MeCN",TiO2 12 um thick,0.25,-,5 mM CDCA,-,1,0
600.0,7.2,0.63,2.7,"LiI (500 mM), iodine (50 mM), 4-tBu pyridine (580 mM) and ethyl-methyl-imidazolium dicyanoimide (600 mM) in MeCN",TiO2 12 um thick,0.25,-,5 mM CDCA,-,1,0
710.0,9.5,0.68,4.5,"LiI (500 mM), iodine (50 mM), 4-tBu pyridine (580 mM) and ethyl-methyl-imidazolium dicyanoimide (600 mM) in MeCN",TiO2 12 um thick,0.25,-,5 mM CDCA,-,1,0
670.0,10.2,0.69,4.8,"LiI (500 mM), iodine (50 mM), 4-tBu pyridine (580 mM) and ethyl-methyl-imidazolium dicyanoimide (600 mM) in MeCN",TiO2 12 um thick,0.25,-,5 mM CDCA,-,1,0
510.0,3.5,0.64,1.1,"LiI (500 mM), iodine (50 mM), 4-tBu pyridine (580 mM) and ethyl-methyl-imidazolium dicyanoimide (600 mM) in MeCN",TiO2 12 um thick,0.25,-,5 mM CDCA,-,1,0
640.0,8.6,0.63,3.4,"LiI (500 mM), iodine (50 mM), 4-tBu pyridine (580 mM) and ethyl-methyl-imidazolium dicyanoimide (600 mM) in MeCN",TiO2 12 um thick,0.25,-,5 mM CDCA,-,1,0
590.0,6.9,0.68,2.7,"LiI (500 mM), iodine (50 mM), 4-tBu pyridine (580 mM) and ethyl-methyl-imidazolium dicyanoimide (600 mM) in MeCN",TiO2 12 um thick,0.25,-,5 mM CDCA,-,1,0
640.0,9.7,0.66,4.1,"LiI (500 mM), iodine (50 mM), 4-tBu pyridine (580 mM) and ethyl-methyl-imidazolium dicyanoimide (600 mM) in MeCN",TiO2 12 um thick,0.25,-,5 mM CDCA,-,1,0
540.0,5.5,0.64,1.9,"LiI (500 mM), iodine (50 mM), 4-tBu pyridine (580 mM) and ethyl-methyl-imidazolium dicyanoimide (600 mM) in MeCN",TiO2 12 um thick,0.25,-,5 mM CDCA,-,1,0
590.0,5.2,0.54,1.6,"LiI (500 mM), iodine (50 mM), 4-tBu pyridine (580 mM) and ethyl-methyl-imidazolium dicyanoimide (600 mM) in MeCN",TiO2 12 um thick,0.25,-,5 mM CDCA,-,1,0
670.0,14.3,0.65,6.2,"LiI (500 mM), iodine (50 mM), 4-tBu pyridine (580 mM) and ethyl-methyl-imidazolium dicyanoimide (600 mM) in MeCN",TiO2 12 um thick,0.25,-,5 mM CDCA,-,1,0
423.0,6.04,0.7,1.78,"0.044 M I2, 0.25 M TBP, 1 M LiI in acetonitrile and valeronitrile (85:15, v/v)",TiO2 film (5 um thick),0.159,-,2 mM CDCA,-,1,0
593.0,16.26,0.57,5.59,"0.044 M I2, 0.25 M TBP, 1 M LiI in acetonitrile and valeronitrile (85:15, v/v)",TiO2 film (5 um thick),0.159,-,2 mM CDCA,-,1,0
489.0,3.4,0.74,1.24,"1 M DMII, 0.03 M I2, 0.1 M GuNCS, 0.5 M TBP, 0.1 M LiI in acetonitrile and valeronitrile (85:15, v/v)",TiO2 film (8 um transparent + 5 um scat­tering layer),0.159,-,2 mM CDCA,-,1,0
640.0,18.47,0.69,8.21,"1 M DMII, 0.03 M I2, 0.1 M GuNCS, 0.5 M TBP, 0.1 M LiI in acetonitrile and valeronitrile (85:15, v/v)",TiO2 film (8 um transparent + 5 um scat­tering layer),0.159,-,2 mM CDCA,-,1,0
688.0,14.26,0.73,7.19,"1 M DMII, 0.03 M I2, 0.1 M GuNCS, 0.5 M TBP, in acetonitrile and valeronitrile (85:15, v/v)",TiO2 film (8 um transparent + 5 um scat­tering layer),0.159,-,2 mM CDCA,-,1,0
655.0,17.52,0.65,7.26,"1 M DMII, 0.03 M I2, 0.1 M GuNCS, 0.5 M TBP, 0.05 M LiI in acetonitrile and valeronitrile (85:15, v/v)",TiO2 film (8 um transparent + 5 um scat­tering layer),0.159,-,2 mM CDCA,-,1,0
558.0,18.97,0.55,5.91,"0.044 M I2, 0.25 M TBP, 1 M LiI in acetonitrile and valeronitrile (85:15, v/v)",TiO2 film (8 um transparent + 5 um scat­tering layer),0.159,-,2 mM CDCA,-,1,0
659.0,11.42,0.724,5.45,"0.6 M dimethylpropyl-imidazolium iodide, 0.05 M I2, 0.1 M LiI, and 0.5 M tert-butylpyridine in acetonitrile",TiO2 film (8 + 5 um thick),0.25,123 nmol/cm2,-,-,0,0
671.0,13.03,0.728,6.36,"0.6 M dimethylpropyl-imidazolium iodide, 0.05 M I2, 0.1 M LiI, and 0.5 M tert-butylpyridine in acetonitrile",TiO2 film (8 + 5 um thick),0.25,130 nmol/cm2,-,-,0,0
549.0,12.71,0.721,5.04,"0.6 M dimethylpropyl-imidazolium iodide, 0.05 M I2, 0.1 M LiI, and 0.5 M tert-butylpyridine in acetonitrile",TiO2 film (8 + 5 um thick),0.25,119 nmol/cm2,-,-,0,0
576.0,10.92,0.724,4.55,"0.6 M dimethylpropyl-imidazolium iodide, 0.05 M I2, 0.1 M LiI, and 0.5 M tert-butylpyridine in acetonitrile",TiO2 film (8 + 5 um thick),0.25,86.3 nmol/cm2,-,-,0,0
601.0,15.48,0.709,6.6,"0.6 M dimethylpropyl-imidazolium iodide, 0.05 M I2, 0.1 M LiI, and 0.5 M tert-butylpyridine in acetonitrile",TiO2 film (8 + 5 um thick),0.25,127 nmol/cm2,-,-,0,0
650.0,15.09,0.729,7.15,"0.6 M dimethylpropyl-imidazolium iodide, 0.05 M I2, 0.1 M LiI, and 0.5 M tert-butylpyridine in acetonitrile",TiO2 film (8 + 5 um thick),0.25,110 nmol/cm2,-,-,0,0
710.0,11.01,0.78,6.08,"0.06 M LiI, 0.03 M I2, 0.1 M guanidinium thiocyanate, 0.6 M 1-propyl-3-methylimidazolium iodide (PMII), and 0.5 M tert-butylpyridine in acetonitrile",TiO2 12 um thick,0.16,-,0.8 mM CDCA,-,1,0
870.0,1.11,0.6228,0.61,not specified,ZnO 8 um thick,0.25,-,-,-,0,0
700.0,2.14,0.66,0.98,"0.6 M 1-butyl-3-methylimidazolium iodide, 0.03 M iodine, 0.1 M guanidine thiocyanate, and 0.5 M 4-tert-butylpyridine in acetonitrile and valeronitrile (85:15 v/v)",TiO2 film 7 um thick,,-,-,-,0,0
651.0,10.95,0.64,4.56,"0.6 M 1-methyl-3-propylimidazoliumiodide (PMII), 0.05 M LiI, 0.10 M guanidinium thiocyanate, 0.03 M I2 and 0.5 M tertbutylpyridine) in acetonitrile/valeronitrile (85:15, v/v)",TiO2 film 16 um thick,0.16,451 nmol/cm2,-,-,0,0
688.0,13.2,0.67,6.08,"0.6 M 1-methyl-3-propylimidazoliumiodide (PMII), 0.05 M LiI, 0.10 M guanidinium thiocyanate, 0.03 M I2 and 0.5 M tertbutylpyridine) in acetonitrile/valeronitrile (85:15, v/v)",TiO2 film 16 um thick,0.16,581 nmol/cm2,-,-,0,0
660.0,11.4,0.74,5.56,"1.0 M 1, 3-dimethylimidiazolium iodide, 0.030 M iodine, 0.050 M LiI, 0.10 M guanidinium thiocyanate, and 0.50 M tert-butylpyridine in 15/85 (v/v) mixture of valeronitrile and acetonitrile",TiO2 film (11 um transparent + 3 um scat­tering layer),0.159,-,5 mM CDCA,-,1,0
787.0,15.58,0.67,8.22,"0.6 M 1-butyl-3-methylimidazolium iodide (BMII), 0.1 M LiI, 0.05 M I2 and 0.5 M 4-tert-butylpyridine (TBP) in dry acetonitrile",TiO2 film (9 um transparent + 4 um scat­tering layer),0.16,388 nmol/cm2,1 mM DCA,-,1,0
754.0,14.73,0.65,7.25,"0.6 M 1-butyl-3-methylimidazolium iodide (BMII), 0.1 M LiI, 0.05 M I2 and 0.5 M 4-tert-butylpyridine (TBP) in dry acetonitrile",TiO2 film (9 um transparent + 4 um scat­tering layer),0.16,373 nmol/cm2,1 mM DCA,-,1,0
735.0,15.78,0.6,7.0,"0.6 M 1-butyl-3-methylimidazolium iodide (BMII), 0.1 M LiI, 0.05 M I2 and 0.5 M 4-tert-butylpyridine (TBP) in dry acetonitrile",TiO2 film (9 um transparent + 4 um scat­tering layer),0.16,381 nmol/cm2,1 mM DCA,-,1,0
950.0,7.75,0.62,4.53,"spiro-OMeTAD, tert-butylpyridine, and Li(CF3SO2)2Nin chlorobenzene",TiO2 film (9 um transparent + 4 um scat­tering layer),0.16,-,-,-,0,0
584.0,12.5,0.68,4.9,"0.6 M 1,2-dimethyl-3-n-propylimidazolium iodide (DMPImI), 0.1 M LiI, 0.05 M I2, and 0.5 M tertbutylpyridine in acetonitrile",TiO2 12 um thick,0.16,-,-,-,0,0
606.0,13.7,0.69,5.7,"0.6 M 1,2-dimethyl-3-n-propylimidazolium iodide (DMPImI), 0.1 M LiI, 0.05 M I2, and 0.5 M tertbutylpyridine in acetonitrile",TiO2 12 um thick,0.16,-,1.5 mM CDCA,-,1,0
598.0,13.4,0.67,5.4,"0.6 M 1,2-dimethyl-3-n-propylimidazolium iodide (DMPImI), 0.1 M LiI, 0.05 M I2, and 0.5 M tertbutylpyridine in acetonitrile",TiO2 12 um thick,0.16,-,3 mM CDCA,-,1,0
601.0,14.4,0.67,5.8,"0.6 M 1,2-dimethyl-3-n-propylimidazolium iodide (DMPImI), 0.1 M LiI, 0.05 M I2, and 0.5 M tertbutylpyridine in acetonitrile",TiO2 12 um thick,0.16,-,-,-,0,0
605.0,15.2,0.68,6.3,"0.6 M 1,2-dimethyl-3-n-propylimidazolium iodide (DMPImI), 0.1 M LiI, 0.05 M I2, and 0.5 M tertbutylpyridine in acetonitrile",TiO2 12 um thick,0.16,-,1.5 mM CDCA,-,1,0
582.0,15.0,0.71,6.2,"0.6 M 1,2-dimethyl-3-n-propylimidazolium iodide (DMPImI), 0.1 M LiI, 0.05 M I2, and 0.5 M tertbutylpyridine in acetonitrile",TiO2 12 um thick,0.16,-,3 mM CDCA,-,1,0
595.0,13.4,0.68,5.4,"0.6 M 1,2-dimethyl-3-n-propylimidazolium iodide (DMPImI), 0.1 M LiI, 0.05 M I2, and 0.5 M tertbutylpyridine in acetonitrile",TiO2 12 um thick,0.16,-,-,-,0,0
608.0,14.1,0.7,6.0,"0.6 M 1,2-dimethyl-3-n-propylimidazolium iodide (DMPImI), 0.1 M LiI, 0.05 M I2, and 0.5 M tertbutylpyridine in acetonitrile",TiO2 12 um thick,0.16,-,1.5 mM CDCA,-,1,0
589.0,13.2,0.72,5.6,"0.6 M 1,2-dimethyl-3-n-propylimidazolium iodide (DMPImI), 0.1 M LiI, 0.05 M I2, and 0.5 M tertbutylpyridine in acetonitrile",TiO2 12 um thick,0.16,-,3 mM CDCA,-,1,0
710.0,10.43,0.76,5.63,"0.06 M LiI, 0.03 M I2, 0.1 M guanidinium thiocyanate, 0.6 M 1-propyl-3-methylimidazolium iodide (PMII), and 0.5 M tert-butylpyridine in acetonitrile",TiO2 12 um thick,0.16,-,0.8 mM CDCA,-,1,0
680.0,8.38,0.76,4.24,"0.06 M LiI, 0.03 M I2, 0.1 M guanidinium thiocyanate, 0.6 M 1-propyl-3-methylimidazolium iodide (PMII), and 0.5 M tert-butylpyridine in acetonitrile",TiO2 12 um thick,0.16,-,-,-,0,0
680.0,9.44,0.75,4.82,"0.06 M LiI, 0.03 M I2, 0.1 M guanidinium thiocyanate, 0.6 M 1-propyl-3-methylimidazolium iodide (PMII), and 0.5 M tert-butylpyridine in acetonitrile",TiO2 12 um thick,0.16,-,0.8 mM CDCA,-,1,0
572.0,2.32,0.706,0.9,"1.0M1,3-dimethylimidazolium iodide, 0.05 M lithium iodide (LiI), 0.03 M iodine, 0.5 M tert-butylpyridine and 0.1 M guanidinium thiocyanate in an 85:15 (v/v) acetonitrile/valeronitrile mixture",TiO2 film (6 um transparent + 5 um scat­tering layer),0.16,-,2 mM CDCA,-,1,0
678.0,12.91,0.717,6.3,"1.0M1,3-dimethylimidazolium iodide, 0.05 M lithium iodide (LiI), 0.03 M iodine, 0.5 M tert-butylpyridine and 0.1 M guanidinium thiocyanate in an 85:15 (v/v) acetonitrile/valeronitrile mixture",TiO2 film (4 um transparent + 5 um scat­tering layer),0.16,-,2 mM CDCA,-,1,0
688.0,16.44,0.712,8.1,"1.0M1,3-dimethylimidazolium iodide, 0.05 M lithium iodide (LiI), 0.03 M iodine, 0.5 M tert-butylpyridine and 0.1 M guanidinium thiocyanate in an 85:15 (v/v) acetonitrile/valeronitrile mixture",TiO2 film (6 um transparent + 5 um scat­tering layer),0.16,-,2 mM CDCA,-,1,0
720.0,6.4,0.71,3.3,"1.0 M 1, 3-dimethylimidiazolium iodide, 0.030 M iodine, 0.050 M LiI, 0.10 M guanidinium thiocyanate, and 0.50 M tert-butylpyridine in 15/85 (v/v) mixture of valeronitrile and acetonitrile",TiO2 film (11 um transparent + 3 um scat­tering layer),0.159,-,5 mM CDCA,-,1,0
880.0,1.43,0.6349,0.81,not specified,ZnO 8 um thick,0.25,-,-,-,0,0
740.0,12.51,0.7,6.52,"0.6 M 1-butyl-3-methylimidazolium iodide (BMII), 0.05 M LiI, 0.03 M I2, 0.5 M 4-tert-butylpyridine, and 0.1 M guanidinium thiocyanate in a mixture of acetonitrile-valeronitrile (85:15, v/v)",TiO2 film (12 + 4 um thick),0.125,-,-,-,0,0
548.0,5.3,0.66,1.9,iodide/triiodide,TiO2 film,,-,-,-,0,0
558.0,4.9,0.66,1.8,iodide/triiodide,TiO2 film,,-,-,-,0,0
554.0,5.9,0.619,2.2,iodide/triiodide,TiO2 film,,-,-,-,0,0
720.0,10.63,0.77,5.85,"0.06 M LiI, 0.03 M I2, 0.1 M guanidinium thiocyanate, 0.6 M 1-propyl-3-methylimidazolium iodide (PMII), and 0.5 M tert-butylpyridine in acetonitrile",TiO2 12 um thick,0.16,-,-,-,0,0
700.0,10.04,0.77,5.43,"0.06 M LiI, 0.03 M I2, 0.1 M guanidinium thiocyanate, 0.6 M 1-propyl-3-methylimidazolium iodide (PMII), and 0.5 M tert-butylpyridine in acetonitrile",TiO2 12 um thick,0.16,-,-,-,0,0
684.0,14.46,0.742,7.3,"1.0M1,3-dimethylimidazolium iodide, 0.05 M lithium iodide (LiI), 0.03 M iodine, 0.5 M tert-butylpyridine and 0.1 M guanidinium thiocyanate in an 85:15 (v/v) acetonitrile/valeronitrile mixture",TiO2 film (8 um transparent + 5 um scat­tering layer),0.16,-,2 mM CDCA,-,1,0
553.0,8.28,0.62,2.92,not specified,TiO2 film,,-,-,-,0,0
621.0,7.76,0.68,3.78,not specified,TiO2 film,,-,-,-,0,0
592.0,8.28,0.66,3.44,not specified,TiO2 film,,-,-,-,0,0
545.0,6.16,0.61,2.11,not specified,TiO2 film,,-,-,-,0,0
726.0,10.59,0.68,5.2,"0.6 M 1,2-dimethyl-3-n-propylimidazolium iodide (DMPImI), 0.1 M LiI, 0.05 M I2, and 0.5 M tert-butylpyridine (TBP) in acetonitrile",TiO2 film (6 um transparent + 6 um scat­tering layer),0.2304,-,10 mM CDCA,-,1,0
615.0,13.84,0.65,5.5,"0.6 M 1,2-dimethyl-3-n-propylimidazolium iodide (DMPImI), 0.1 M LiI, 0.05 M I2, and 0.5 M tert-butylpyridine (TBP) in acetonitrile",TiO2 film (6 um transparent + 6 um scat­tering layer),0.2304,-,10 mM CDCA,-,1,0
694.0,16.36,0.72,8.2,"0.6 M 1,2-dimethyl-3-n-propylimidazolium iodide (DMPImI), 0.1 M LiI, 0.05 M I2, and 0.5 M tert-butylpyridine (TBP) in acetonitrile",TiO2 film (6 um transparent + 6 um scat­tering layer),0.2304,-,10 mM CDCA,-,1,0
658.0,15.84,0.68,7.1,"poly(vinylidenefluoride-co-hexafluoropropylene) with a redox solution containing 0.05 M I2, 0.1 M LiI, 0.5 M TBP and 0.6 M DMPImI in 3-methoxypropionitrile",TiO2 film (6 um transparent + 6 um scat­tering layer),0.2304,-,-,-,0,0
664.0,13.46,0.672,5.96,iodide/triiodide,TiO2 film,0.16,-,-,-,0,0
691.0,13.07,0.683,6.21,iodide/triiodide,TiO2 film,0.16,-,-,-,0,0
749.0,9.43,0.722,5.07,iodide/triiodide,TiO2 film,0.16,-,-,-,0,0
694.0,15.47,0.672,7.26,iodide/triiodide,TiO2 film,0.16,-,-,-,0,0
731.0,13.79,0.703,7.08,iodide/triiodide,TiO2 film,0.16,-,-,-,0,0
744.0,9.89,0.709,5.2,iodide/triiodide,TiO2 film,0.16,-,-,-,0,0
815.0,9.54,0.673,5.23,"0.1 MLiI, 0.03 MI2, 0.6M PMII, 0.1 M Guanidine thiocyanate (GuSCN), and 0.5 M TBP in a mixture of acetonitrile and valeronitrile (volume ratio 7:3)",TiO2 15 um thick,0.159,-,-,-,0,0
741.0,11.12,0.678,5.59,"0.1 M LiI, 0.05 M I2, 0.6 M PMII, and 0.5 M TBP in a mixture of acetonitrile and MPN (volume ratio 7:3)",TiO2 15 um thick,0.159,-,-,-,0,0
786.0,11.0,0.661,6.02,"0.1 M LiI, 0.05 M I2, 0.6 M PMII, and 0.5 M TBP in a mixture of acetonitrile and MPN (volume ratio 7:3)",TiO2 15 um thick,0.159,-,-,-,0,0
724.0,13.26,0.661,6.68,"0.1 M LiI, 0.05 M I2, 0.6 M PMII, and 0.5 M TBP in a mixture of acetonitrile and MPN (volume ratio 7:3)",TiO2 15 um thick,0.159,-,-,-,0,0
797.0,10.85,0.644,5.86,"0.1 M LiI, 0.05 M I2, 0.6 M PMII, and 0.5 M TBP in a mixture of acetonitrile and MPN (volume ratio 7:3)",TiO2 15 um thick,0.159,-,-,-,0,0
737.0,12.31,0.666,6.35,"0.1 M LiI, 0.05 M I2, 0.6 M PMII, and 0.5 M TBP in a mixture of acetonitrile and MPN (volume ratio 7:3)",TiO2 15 um thick,0.159,-,-,-,0,0
799.0,10.18,0.634,5.43,"0.1 M LiI, 0.05 M I2, 0.6 M PMII, and 0.5 M TBP in a mixture of acetonitrile and MPN (volume ratio 7:3)",TiO2 15 um thick,0.159,-,-,-,0,0
722.0,12.14,0.655,6.04,"0.1 M LiI, 0.05 M I2, 0.6 M PMII, and 0.5 M TBP in a mixture of acetonitrile and MPN (volume ratio 7:3)",TiO2 15 um thick,0.159,-,-,-,0,0
704.3,10.41,0.7511,5.51,"0.7 M 1-methyl-3-propylimidazolium iodide (MPII), 0.2 M LiI, 0.05 M I2, 0.5 M TBP in acetonitrile-valeronitrile (v/v, 85/15)",TiO2 film,0.269,273 nmol/cm2,10 mM CDCA,-,1,0
540.0,6.43,0.68,2.36,"0.05 M I2, 0.5 M LiI, 0.5 M tert-butylpyridine in acetonitrile",TiO2 film (12 + 6 um thick),0.25,585 nmol/cm2,-,-,0,0
607.0,6.96,0.65,2.74,"0.6 mol/L 1,2-dimethyl-3-propylimidazoliumiodide, 0.03 mol/L I2, 0.1 mol/L guanidinium thiocyanate, and 0.5 mol/L 4-tertbutylpyridine in acetonitrile/valeronitrile (85:15, volume ratio)",TiO2 film 14 um thick,0.25,58.5 nmol/cm2,-,-,0,0
626.0,7.25,0.69,3.14,"0.6 mol/L 1,2-dimethyl-3-propylimidazoliumiodide, 0.03 mol/L I2, 0.1 mol/L guanidinium thiocyanate, and 0.5 mol/L 4-tertbutylpyridine in acetonitrile/valeronitrile (85:15, volume ratio)",TiO2 film 14 um thick,0.25,53.2 nmol/cm2,-,-,0,0
611.0,9.43,0.7,4.03,"0.6 mol/L 1,2-dimethyl-3-propylimidazoliumiodide, 0.03 mol/L I2, 0.1 mol/L guanidinium thiocyanate, and 0.5 mol/L 4-tertbutylpyridine in acetonitrile/valeronitrile (85:15, volume ratio)",TiO2 film 14 um thick,0.25,49.3 nmol/cm2,-,-,0,0
630.0,11.7,0.71,5.26,"0.6 mol/L 1,2-dimethyl-3-propylimidazoliumiodide, 0.03 mol/L I2, 0.1 mol/L guanidinium thiocyanate, and 0.5 mol/L 4-tertbutylpyridine in acetonitrile/valeronitrile (85:15, volume ratio)",TiO2 film 14 um thick,0.25,47.4 nmol/cm2,-,-,0,0
580.0,12.56,0.7,5.19,"1.0 M 1,3-dimethylimidazolium iodide, 0.05 M LiI, 0.03 M I2, 0.1 M guanidinium thiocyanate, and 0.5 M 4-tert-butylpyridine in acetonitrile:valeronitrile (85:15, v/v)",TiO2 film (8 + 4 um thick),,-,-,-,0,0
617.0,13.76,0.75,6.47,"1.0 M 1,3-dimethylimidazolium iodide, 0.05 M LiI, 0.03 M I2, 0.1 M guanidinium thiocyanate, and 0.5 M 4-tert-butylpyridine in acetonitrile:valeronitrile (85:15, v/v)",TiO2 film (8 + 4 um thick),,-,5 mM CDCA,-,1,0
820.0,8.7,0.77,5.5,"0.2 M [Co(bpy)3][B(CN)4]2 , 0.05 M [Co(bpy)3][B(CN)4]3 , 0.1 M LiOTf, 0.5 M 4-tert-butylpyridine in acetonitrile",TiO2 film (4 + 5 um thick),,-,0.3 mM CDCA,-,1,0
750.0,6.1,0.81,3.8,"0.2 M [Co(bpy)3][B(CN)4]2 , 0.05 M [Co(bpy)3][B(CN)4]3 , 0.1 M LiOTf, 0.5 M 4-tert-butylpyridine in acetonitrile",TiO2 film (4 + 5 um thick),,-,0.3 mM CDCA,-,1,0
687.0,12.79,0.61,5.41,HPE electrolyte (triiodide/iodide),TiO2 5.5 um thick,0.25,99 nmol/cm2,-,-,0,0
956.0,17.03,0.77,12.5,"0.25 M tris(1,10-phenanthroline)cobalt(II) di[bis(trifluoromethanesulfonyl)imide], 0.05 M tris(1,10-phenanthroline)cobalt(III) tris[bis(trifluoromethanesulfonyl)imide], 0.7 M TBP, and 0.05 M LiTFSI in acetonitrile",TiO2 film (5.2 um + 5 um scattering layer),0.16,30 nmol/cm2,-,-,0,0
610.0,5.9,0.67,2.4,"0.50 M LiI, 0.05 M I2, and 0.50 M 4-tert-butylpyridine (TBP)",TiO2 film 14 um thick,1.2,-,-,-,0,0
670.0,5.8,0.66,2.6,"0.50 M LiI, 0.05 M I2, and 0.50 M 4-tert-butylpyridine (TBP)",TiO2 film 14 um thick,1.2,-,-,-,0,0
520.0,6.7,0.63,2.2,"0.50 M LiI, 0.10 M 1,2-dimethyl-3-n-propylimidazolium iodide and 0.05 M I2 in acetonitrile/valeronitrile/ethylene carbonate (6:2:2 in volume)",TiO2 film 15 um thick,,-,-,-,0,0
693.0,8.11,0.719,4.04,"0.06 M lithium iodide, 0.60 M 1,2-dimethyl-3-propylimidazolinium iodine (DMPII), 0.03 M I2, 0.5 M 4-tert-butylpyridine (TBP) and 0.10 M GuSCN in acetonitrile",TiO2 film 12 um thick,0.2,-,-,-,0,0
662.0,6.43,0.63,2.68,"0.06 M lithium iodide, 0.60 M 1,2-dimethyl-3-propylimidazolinium iodine (DMPII), 0.03 M I2, 0.5 M 4-tert-butylpyridine (TBP) and 0.10 M GuSCN in acetonitrile",TiO2 film 12 um thick,0.2,-,-,-,0,0
697.0,15.62,0.6,6.55,HPE electrolyte (triiodide/iodide),TiO2 5.5 um thick,0.25,-,1 mM CDCA,-,1,0
669.0,12.18,0.6,4.85,HPE electrolyte (triiodide/iodide),TiO2 5.5 um thick,0.25,108 nmol/cm2,-,-,0,0
717.0,16.59,0.59,7.08,HPE electrolyte (triiodide/iodide),TiO2 5.5 um thick,0.25,-,1 mM CDCA,-,1,0
646.0,12.29,0.63,5.01,HPE electrolyte (triiodide/iodide),TiO2 5.5 um thick,0.25,125 nmol/cm2,-,-,0,0
640.0,10.68,0.57,3.9,HPE electrolyte (triiodide/iodide),TiO2 5.5 um thick,0.25,-,1 mM CDCA,-,1,0
686.0,14.99,0.62,6.35,HPE electrolyte (triiodide/iodide),TiO2 5.5 um thick,0.25,175 nmol/cm2,-,-,0,0
694.0,15.97,0.6,6.61,HPE electrolyte (triiodide/iodide),TiO2 5.5 um thick,0.25,-,1 mM CDCA,-,1,0
671.0,13.65,0.6,5.45,HPE electrolyte (triiodide/iodide),TiO2 6.5 um thick,0.25,-,-,-,0,0
683.0,16.52,0.58,6.54,HPE electrolyte (triiodide/iodide),TiO2 6.5 um thick,0.25,-,1 mM CDCA,-,1,0
665.0,12.99,0.57,4.93,HPE electrolyte (triiodide/iodide),TiO2 6.5 um thick,0.25,-,-,-,0,0
606.0,8.18,0.75,3.73,"1.0 M 1,3-dimethylimidazolium iodide, 0.05 M LiI, 0.03 M I2, 0.1 M guanidiniumthiocyanate and 0.5 M 4-tert-butylpyridine in acetonitrile:valeronitrile (85:15, v/v)",TiO2 film (8 + 5 um thick),0.16,-,-,-,0,0
690.0,10.4,0.73,5.27,"1.0 M 1,3-dimethylimidazolium iodide, 0.05 M LiI, 0.03 M I2, 0.1 M guanidiniumthiocyanate and 0.5 M 4-tert-butylpyridine in acetonitrile:valeronitrile (85:15, v/v)",TiO2 film (8 + 5 um thick),0.16,-,-,-,0,0
658.0,6.54,0.76,3.28,"1.0 M 1,3-dimethylimidazolium iodide, 0.05 M LiI, 0.03 M I2, 0.1 M guanidiniumthiocyanate and 0.5 M 4-tert-butylpyridine in acetonitrile:valeronitrile (85:15, v/v)",TiO2 film (8 + 5 um thick),0.16,-,-,-,0,0
738.0,8.19,0.76,4.58,"1.0 M 1,3-dimethylimidazolium iodide, 0.05 M LiI, 0.03 M I2, 0.1 M guanidiniumthiocyanate and 0.5 M 4-tert-butylpyridine in acetonitrile:valeronitrile (85:15, v/v)",TiO2 film (8 + 5 um thick),0.16,-,-,-,0,0
579.0,18.79,0.534,5.8,"1-butyl-3-methylimidazolium iodide (0.53 M), LiI (0.10 M), I2 (0.050 M), tert-butylpyridine (0.52 M) in acetonitrile",TiO2 film,0.25,-,0.3 mM CDCA,-,1,0
552.0,12.31,0.566,3.85,"1-butyl-3-methylimidazolium iodide (0.53 M), LiI (0.10 M), I2 (0.050 M), tert-butylpyridine (0.52 M) in acetonitrile",TiO2 film,0.25,-,0.3 mM CDCA,-,1,0
584.0,15.37,0.591,5.3,"1-butyl-3-methylimidazolium iodide (0.53 M), LiI (0.10 M), I2 (0.050 M), tert-butylpyridine (0.52 M) in acetonitrile",TiO2 film,0.25,-,0.3 mM CDCA,-,1,0
668.0,9.65,0.607,3.91,"1-butyl-3-methylimidazolium iodide (0.53 M), LiI (0.10 M), I2 (0.050 M), tert-butylpyridine (0.52 M) in acetonitrile",TiO2 film,0.25,-,0.3 mM CDCA,-,1,0
620.0,17.15,0.72,7.64,"1-butyl-3-methylimidazolium iodide (1 M), I2 (0.03 M), LiI (0.1 M), 4-tert butylpyridine (0.5 M), guanidine thiocyanate (0.1 M) in acetonitrile and valeronitrile",TiO2 film 18 um thick,0.28,509 nmol/cm2,-,-,0,0
670.0,16.85,0.628,7.07,"1-butyl-3-methylimidazolium iodide (1 M), I2 (0.03 M), LiI (0.1 M), 4-tert butylpyridine (0.5 M), guanidine thiocyanate (0.1 M) in acetonitrile and valeronitrile",TiO2 film 18 um thick,0.28,538 nmol/cm2,-,-,0,0
885.0,16.03,0.742,10.5,"0.25 M tris(1,10-phenanthroline)cobalt(II) di[bis(trifluoromethanesulfonyl)imide], 0.05 M tris(1,10-phenanthroline)cobalt( III ) tris[bis(triuoromethanesulfonyl)imide], 0.7 M TBP, and 0.05 M LiTFSI in acetonitrile",TiO2 film (4.5 um + 5 um scattering layer),,-,-,-,0,0
672.0,9.912,0.7027,4.68,"I2 (0.05 M), LiI (0.1 M), 1-methyl-3-propylimidazolium iodide (PMII) (1.0 M), and 4-tert-butylpyridine (0.5 M) in acetonitrile and valeronitrile with a volume ratio of 85/15",TiO2 film (12 um transparent + 5 um scattering layer),0.16,-,-,-,0,0
780.0,11.21,0.65,5.67,"0.1 M LiI, 0.05 M I2, 0.6 M 1-methyl-3-propyl-imidazolium iodide (PMII), and 0.5 M 4-tert-butylpyridine (TBP) in acetonitrile and valeronitrile (volume ratio of 85:15)",TiO2 film (12 um transparent + 5 um scattering layer),,-,-,-,0,0
692.0,8.85,0.726,4.44,"I2 (0.05 M), LiI (0.1 M), PMII (1.0 M), 4‐t‐butylpyridine (0.5 M) in acetonitrile and valeronitrile with a volume ratio 85/15",TiO2 film,0.16,-,0.75 mM CDCA,-,1,0
597.0,9.95,0.61,3.59,"0.1 mol/L LiI, 0.05  mol/L I2, 0.6 mol/L DMPII, 0.5 mol/L tert-butylpyridine (TBP) in acetonitile (ACN)",TiO2 film (12 um + 4 um scattering layer),0.25,-,-,-,0,0
897.0,15.81,0.744,10.6,"0.25 M tris(1,10-phenanthroline)cobalt(II) di[bis(trifluoromethanesulfonyl)imide], 0.05 M tris(1,10-phenanthroline)cobalt(III) tris[bis(trifluoromethanesulfonyl)imide], 0.7 M TBP, and 0.05 M LiTFSI in acetonitrile",TiO2 film (5.2 um + 5 um scattering layer),0.16,36 nmol/cm2,-,-,0,0
721.0,16.05,0.6,6.91,HPE electrolyte (triiodide/iodide),TiO2 6.5 um thick,0.25,-,-,-,0,0
709.0,18.33,0.59,7.71,HPE electrolyte (triiodide/iodide),TiO2 6.5 um thick,0.25,-,1 mM CDCA,-,1,0
644.0,13.0,0.56,4.7,HPE electrolyte (triiodide/iodide),TiO2 6.5 um thick,0.25,-,-,-,0,0
646.0,13.86,0.56,5.03,HPE electrolyte (triiodide/iodide),TiO2 6.5 um thick,0.25,-,1 mM CDCA,-,1,0
680.0,15.26,0.59,6.08,HPE electrolyte (triiodide/iodide),TiO2 6.5 um thick,0.25,-,-,-,0,0
689.0,17.22,0.58,6.94,HPE electrolyte (triiodide/iodide),TiO2 6.5 um thick,0.25,-,1 mM CDCA,-,1,0
758.0,9.93,0.54,4.06,HPE electrolyte (triiodide/iodide),TiO2 3 um thick,3.6,-,,-,0,0
693.0,14.65,0.53,5.4,HPE electrolyte (triiodide/iodide),TiO2 3 um thick,3.6,-,,-,0,0
678.0,15.7,0.52,5.58,HPE electrolyte (triiodide/iodide),TiO2 5 um thick,3.6,-,,-,0,0
682.0,13.14,0.52,4.7,HPE electrolyte (triiodide/iodide),TiO2 3 um thick,3.6,-,,-,0,0
667.0,13.51,0.52,4.71,HPE electrolyte (triiodide/iodide),TiO2 5 um thick,3.6,-,,-,0,0
732.0,15.78,0.53,6.2,HPE electrolyte (triiodide/iodide),TiO2 3 um thick,3.6,-,,-,0,0
705.0,17.0,0.53,6.35,HPE electrolyte (triiodide/iodide),TiO2 5 um thick,3.6,-,,-,0,0
754.0,9.52,0.55,3.93,HPE electrolyte (triiodide/iodide),TiO2 3 um thick,3.6,-,1 mM CDCA,-,1,0
370.0,2.81,0.64,0.67,"0.24 M 1,2-dimethyl-3-n-propylimidazolium iodide (DMPImI), 0.07 M LiI, and 0.018 M I2 in CHCl3/acetonitrile (1/1, v/v)",TiO2 12uM,0.25,-,-,-,0,0
702.0,12.85,0.7,9.57,"0.1 M LiI, 0.05M I2, 0.6 M 1-methyl-3-propylimidazolium iodide, and 0.5 M tert-butylpyridine in dry acetonitrile",TiO2 5 um thick,0.16,-,10 mM CDCA,-,1,0
638.0,4.1,0.697,1.82,"0.06 M lithium iodide, 0.60 M 1,2-dimethyl-3-propylimidazolinium iodine (DMPII), 0.03 M I2, 0.5 M 4-tert-butylpyridine (TBP) and 0.10 M GuSCN in acetonitrile",TiO2 film 12 um thick,0.2,-,-,-,0,0
650.0,6.27,0.699,2.85,"0.06 M lithium iodide, 0.60 M 1,2-dimethyl-3-propylimidazolinium iodine (DMPII), 0.03 M I2, 0.5 M 4-tert-butylpyridine (TBP) and 0.10 M GuSCN in acetonitrile",TiO2 film 12 um thick,0.2,-,-,-,0,0
632.0,5.89,0.705,2.62,"0.06 M lithium iodide, 0.60 M 1,2-dimethyl-3-propylimidazolinium iodine (DMPII), 0.03 M I2, 0.5 M 4-tert-butylpyridine (TBP) and 0.10 M GuSCN in acetonitrile",TiO2 film 12 um thick,0.2,-,-,-,0,0
589.0,3.78,0.663,1.48,"0.06 M lithium iodide, 0.60 M 1,2-dimethyl-3-propylimidazolinium iodine (DMPII), 0.03 M I2, 0.5 M 4-tert-butylpyridine (TBP) and 0.10 M GuSCN in acetonitrile",TiO2 film 12 um thick,0.2,-,-,-,0,0
667.0,16.31,0.5,5.48,HPE electrolyte (triiodide/iodide),TiO2 5 um thick,3.6,-,1 mM CDCA,-,1,0
690.0,12.62,0.52,4.55,HPE electrolyte (triiodide/iodide),TiO2 3 um thick,3.6,-,1 mM CDCA,-,1,0
677.0,14.31,0.52,5.04,HPE electrolyte (triiodide/iodide),TiO2 5 um thick,3.6,-,1 mM CDCA,-,1,0
722.0,15.29,0.54,6.03,HPE electrolyte (triiodide/iodide),TiO2 3 um thick,3.6,-,1 mM CDCA,-,1,0
711.0,16.38,0.5,5.88,HPE electrolyte (triiodide/iodide),TiO2 5 um thick,3.6,-,1 mM CDCA,-,1,0
810.0,11.78,0.6,5.73,"0.6M1,2-dimethyl-3-propylimidazolium iodide (DMPII), 0.1 M LiI, 0.05 M I2, and 0.5 M 4-tertbutylpyridine (TBP) in a mixture of acetonitrile and methoxypropionitrile (volume ratio, 7:3)",TiO2 film (10 um transparent + 4 um scat­tering layer),0.196,-,-,-,0,0
754.0,12.06,0.62,5.6,"0.6M1,2-dimethyl-3-propylimidazolium iodide (DMPII), 0.1 M LiI, 0.05 M I2, and 0.5 M 4-tertbutylpyridine (TBP) in a mixture of acetonitrile and methoxypropionitrile (volume ratio, 7:3)",TiO2 film (10 um transparent + 4 um scat­tering layer),0.196,-,-,-,0,0
730.0,12.9,0.67,6.23,"0.1 M lithium iodide, 0.6 M butylmethylimidazolium iodide (BMII), 0.05 M I2 and 0.5 M 4-tertbutylpyridine (4-TBP) in the mixed solvent of acetonitrile and 3-methoxypropionitrile (7:3, v/v)",TiO2 13 um thick,0.28,-,-,-,0,0
563.0,18.2,0.57,5.84,"0.6 M DMPImI, 0.1 M LiI, 0.05 M I2 in acetonitrile",TiO2 12 um thick,0.16,-,-,-,0,0
456.0,4.5,0.62,1.27,"0.6 M DMPImI, 0.1 M LiI, 0.05 M I2 in acetonitrile",TiO2 12 um thick,0.16,-,-,-,0,0
605.0,9.7,0.62,3.64,"0.6 M DMPImI, 0.1 M LiI, 0.05 M I2, 0.025 M TBP in acetonitrile",TiO2 12 um thick,0.16,-,-,-,0,0
625.0,8.3,0.64,3.32,"0.6 M DMPImI, 0.1 M LiI, 0.05 M I2, 0.05 M TBP in acetonitrile",TiO2 12 um thick,0.16,-,-,-,0,0
639.0,6.5,0.67,2.78,"0.6 M DMPImI, 0.1 M LiI, 0.05 M I2, 0.1 M TBP in acetonitrile",TiO2 12 um thick,0.16,-,-,-,0,0
650.0,5.3,0.69,2.37,"0.6 M DMPImI, 0.1 M LiI, 0.05 M I2, 0.2 M TBP in acetonitrile",TiO2 12 um thick,0.16,-,-,-,0,0
600.0,12.3,0.61,4.5,"0.6 M DMPImI, 0.1 M LiI, 0.05 M I2, 0.025 M TBP in acetonitrile",TiO2 12 um thick,0.16,-,-,-,0,0
619.0,8.9,0.66,3.64,"0.6 M DMPImI, 0.1 M LiI, 0.05 M I2, 0.05 M TBP in acetonitrile",TiO2 12 um thick,0.16,-,-,-,0,0
632.0,7.6,0.67,3.22,"0.6 M DMPImI, 0.1 M LiI, 0.05 M I2, 0.1 M TBP in acetonitrile",TiO2 12 um thick,0.16,-,-,-,0,0
655.0,7.0,0.69,3.16,"0.6 M DMPImI, 0.1 M LiI, 0.05 M I2, 0.2 M TBP in acetonitrile",TiO2 12 um thick,0.16,-,-,-,0,0
730.0,11.4,0.69,5.7,"0.6 M 1-butyl-3-methylimidazolium iodide (BMII), 30 mM I2, 50 mM LiI, 0.5 M tertbutylpyridine and 0.1 M guanidiniumthiocyanate (GuNCS) in a mixed acetonitrile and valeronitrile (85:15, V/V)",TiO2 film,,1320 nmol/cm2,-,-,0,0
681.0,12.0,0.62,5.1,"5 wt% poly(vinylideneuoride-co-hexafluoropropylene) in a redox solution containing 0.1 M LiI, 0.1 M I2, 0.1 M TBP and 0.6 M DMPImI in 3-methoxypropionitrile (MPN)",TiO2 film (6 um transparent + 6 um scat­tering layer),0.2304,-,-,-,0,0
725.0,11.6,0.63,5.2,"0.6 M 1,2-dimethyl-3-n-propylimidazolium iodide (DMPImI), 0.1 M LiI,0.05 M I2, and 0.5 M 4-tert-butylpyridine (TBP) in acetonitrile",TiO2 film (6 um transparent + 6 um scat­tering layer),0.2304,-,-,-,0,0
720.0,13.2,0.65,6.1,"0.6 M 1,2-dimethyl-3-n-propylimidazolium iodide (DMPImI), 0.1 M LiI,0.05 M I2, and 0.5 M 4-tert-butylpyridine (TBP) in acetonitrile",TiO2 film (6 um transparent + 6 um scat­tering layer),0.2304,-,-,-,0,0
750.0,12.23,0.73,6.74,"0.5 M LiI, 0.05 M I2, and 0.5 M 4-tert-butylpyridine (TBP) in 3-methoxypropionitrile",TiO2 film,,-,-,-,0,0
760.0,9.78,0.74,5.53,"0.5 M LiI, 0.05 M I2, and 0.5 M 4-tert-butylpyridine (TBP) in 3-methoxypropionitrile",TiO2 film,,-,-,-,0,0
722.0,15.53,0.68,7.68,"0.1 M LiI, 0.05M I2, 0.6 M 1-methyl-3-propylimidazolium iodide, and 0.5 M tert-butylpyridine in dry acetonitrile",TiO2 5 um thick,0.16,-,5 mM CDCA,-,1,0
714.0,11.54,0.67,5.49,"0.1 M LiI, 0.05M I2, 0.6 M 1-methyl-3-propylimidazolium iodide, and 0.5 M tert-butylpyridine in dry acetonitrile",TiO2 5 um thick,0.16,300 nmol/cm2,-,-,0,0
708.0,19.23,0.7,9.52,"0.1 M LiI, 0.05M I2, 0.6 M 1-methyl-3-propylimidazolium iodide, and 0.5 M tert-butylpyridine in dry acetonitrile",TiO2 5 um thick,0.16,-,15 mM CDCA,-,1,0
745.0,10.22,0.59,4.48,"0.6M1,2-dimethyl-3-propylimidazolium iodide (DMPII), 0.1 M LiI, 0.05 M I2, and 0.5 M 4-tertbutylpyridine (TBP) in a mixture of acetonitrile and methoxypropionitrile (volume ratio, 7:3)",TiO2 film (10 um transparent + 4 um scat­tering layer),0.196,-,-,-,0,0
782.0,8.92,0.6,4.2,"0.6M1,2-dimethyl-3-propylimidazolium iodide (DMPII), 0.1 M LiI, 0.05 M I2, and 0.5 M 4-tertbutylpyridine (TBP) in a mixture of acetonitrile and methoxypropionitrile (volume ratio, 7:3)",TiO2 film (10 um transparent + 4 um scat­tering layer),0.196,-,-,-,0,0
790.0,10.51,0.61,5.05,"0.6M1,2-dimethyl-3-propylimidazolium iodide (DMPII), 0.1 M LiI, 0.05 M I2, and 0.5 M 4-tertbutylpyridine (TBP) in a mixture of acetonitrile and methoxypropionitrile (volume ratio, 7:3)",TiO2 film (10 um transparent + 4 um scat­tering layer),0.196,-,-,-,0,0
665.0,6.47,0.672,2.86,"0.6 M 1,2-dimethyl-3-propylimidazolium iodide
(DMPII), 0.1 M LiI, 0.05 M I2 acetonitrile:tert-butyl alcohol (1:1, v/v)",TiO2 film (12 um transparent + 6 um scat­tering layer),0.24,-,-,-,0,0
657.0,8.42,0.694,3.84,"0.6 M 1,2-dimethyl-3-propylimidazolium iodide
(DMPII), 0.1 M LiI, 0.05 M I2 acetonitrile:tert-butyl alcohol (1:1, v/v)",TiO2 film (12 um transparent + 6 um scat­tering layer),0.24,-,-,-,0,0
717.0,9.05,0.687,4.46,"0.6 M 1,2-dimethyl-3-propylimidazolium iodide
(DMPII), 0.1 M LiI, 0.05 M I2 acetonitrile:tert-butyl alcohol (1:1, v/v)",TiO2 film (12 um transparent + 6 um scat­tering layer),0.24,-,-,-,0,0
749.0,12.54,0.671,6.3,"0.6 M 1,2-dimethyl-3-propylimidazolium iodide
(DMPII), 0.1 M LiI, 0.05 M I2 acetonitrile:tert-butyl alcohol (1:1, v/v)",TiO2 film (12 um transparent + 6 um scat­tering layer),0.24,-,-,-,0,0
650.0,3.24,0.627,1.32,"0.6 M 1,2-dimethyl-3-propylimidazolium iodide
(DMPII), 0.1 M LiI, 0.05 M I2 acetonitrile:tert-butyl alcohol (1:1, v/v)",TiO2 film (12 um transparent + 6 um scat­tering layer),0.24,-,-,-,0,0
597.0,2.51,0.73,1.1,"0.6 mol/L BMII (1-butyl-3-methyl imidazolium iodide), 0.1 mol/L LiI, 0.05 mol/L I2, 0.5 mol/L TBP (4-tertbutylpyridine) in acetonitrile",TiO2 film (3 um transparent + 4 um scat­tering layer),0.159,-,-,-,0,0
662.0,4.62,0.74,2.27,"0.6 mol/L BMII (1-butyl-3-methyl imidazolium iodide), 0.1 mol/L LiI, 0.05 mol/L I2, 0.5 mol/L TBP (4-tertbutylpyridine) in acetonitrile",TiO2 film (3 um transparent + 4 um scat­tering layer),0.159,-,-,-,0,0
785.0,12.34,0.7,6.74,"0.6 M DMHII, 0.06 M LiI, 0.04 M I2 , 0.4 M 4-TBP in acetonitrile",TiO2 film (10 um transparent + 3 um scat­tering layer),0.25,-,-,-,0,0
663.0,12.25,0.68,5.51,"0.6 M DMHII, 0.06 M LiI, 0.04 M I2 , 0.4 M 4-TBP in acetonitrile",TiO2 film (10 um transparent + 3 um scat­tering layer),0.25,-,-,-,0,0
855.0,7.21,0.73,4.5,"120 mM Spiro-OMeTAD, 60 mM 4-TBP, and 15 mM LiN(CF3SO2)2 (Li-TFSI) in chlorobenzene",TiO2 2.7 um thick,0.25,-,-,-,0,0
815.0,8.08,0.67,4.37,"120 mM Spiro-OMeTAD, 60 mM 4-TBP, and 15 mM LiN(CF3SO2)2 (Li-TFSI) in chlorobenzene",TiO2 2.7 um thick,0.25,-,-,-,0,0
765.0,14.2,0.66,7.17,ioidide/triiodide,TiO2 film (6 um transparent + 4 um scat­tering layer),,440 nmol/mm3,-,-,0,0
777.0,12.3,0.666,6.37,ioidide/triiodide,TiO2 film (6 um transparent + 4 um scat­tering layer),,-,50 mM DCA,-,1,0
875.0,3.5,0.648,1.99,ioidide/triiodide,TiO2 film (6 um transparent + 4 um scat­tering layer),,-,100 mM DCA,-,1,0
715.0,13.5,0.65,6.27,ioidide/triiodide,TiO2 film (6 um transparent + 4 um scat­tering layer),,350 nmol/mm3,-,-,0,0
715.0,13.0,0.627,5.83,ioidide/triiodide,TiO2 film (6 um transparent + 4 um scat­tering layer),,-,50 mM DCA,-,1,0
540.0,11.9,0.59,3.81,"0.6 M DMPII, 0.1 M LiI, 0.05 M I2, 0.5 M TBP in acetonitrile",TiO2 film (8 um transparent + 8 um scat­tering layer),0.16,-,-,-,0,0
560.0,13.9,0.61,4.81,"0.6 M DMPII, 0.1 M LiI, 0.05 M I2, 0.5 M TBP in acetonitrile",TiO2 film (8 um transparent + 8 um scat­tering layer),0.16,-,40 mM DCA,-,1,0
580.0,15.0,0.65,5.72,"0.6 M DMPII, 0.1 M LiI, 0.05 M I2, 0.5 M TBP in acetonitrile",TiO2 film (8 um transparent + 8 um scat­tering layer),0.16,-,80 mM DCA,-,1,0
540.0,10.6,0.59,3.37,"0.6 M DMPII, 0.1 M LiI, 0.05 M I2, 0.5 M TBP in acetonitrile",TiO2 film (8 um transparent + 8 um scat­tering layer),0.16,-,80 mM DCA,-,1,0
560.0,13.0,0.63,4.55,"0.6 M DMPII, 0.1 M LiI, 0.05 M I2, 0.5 M TBP in acetonitrile",TiO2 film (8 um transparent + 8 um scat­tering layer),0.16,-,80 mM DCA,-,1,0
620.0,17.9,0.66,7.3,"0.6 M DMPII, 0.1 M LiI, 0.05 M I2, 0.5 M TBP in acetonitrile",TiO2 film (8 um transparent + 8 um scat­tering layer),0.16,-,80 mM DCA,-,1,0
691.6,11.96,0.6737,5.57,"0.7 M 1-methyl-3-propylimidazolium iodide (MPII), 0.2 M LiI, 0.05 M I2, 0.5 M TBP in acetonitrile-valeronitrile (v/v, 85/15)",TiO2 film,0.275,216 nmol/cm2,10 mM CDCA,-,1,0
578.5,9.89,0.6729,3.85,"0.7 M 1-methyl-3-propylimidazolium iodide (MPII), 0.2 M LiI, 0.05 M I2, 0.5 M TBP in acetonitrile-valeronitrile (v/v, 85/15)",TiO2 film,0.274,143 nmol/cm2,10 mM CDCA,-,1,0
676.3,11.39,0.6866,5.29,"0.7 M 1-methyl-3-propylimidazolium iodide (MPII), 0.2 M LiI, 0.05 M I2, 0.5 M TBP in acetonitrile-valeronitrile (v/v, 85/15)",TiO2 film,0.275,231 nmol/cm2,10 mM CDCA,-,1,0
687.5,12.29,0.7118,6.01,"0.7 M 1-methyl-3-propylimidazolium iodide (MPII), 0.2 M LiI, 0.05 M I2, 0.5 M TBP in acetonitrile-valeronitrile (v/v, 85/15)",TiO2 film,0.284,235 nmol/cm2,10 mM CDCA,-,1,0
706.0,11.07,0.61,4.76,"0.7 M 1-methyl-3-propylimidazolium iodide (MPII), 0.03 M iodine (I2), 0.10 M lithium iodide (LiI) and 0.5 M 4-tert-butylpyridine (TBP) in acetonitrile and valeronitrile (volume ratio, 85:15)",TiO2 5 um thick,0.45,-,-,-,0,0
731.0,10.71,0.62,4.83,"0.7 M 1-methyl-3-propylimidazolium iodide (MPII), 0.03 M iodine (I2), 0.10 M lithium iodide (LiI) and 0.5 M 4-tert-butylpyridine (TBP) in acetonitrile and valeronitrile (volume ratio, 85:15)",TiO2 5 um thick,0.45,-,-,-,0,0
757.0,10.9,0.63,5.21,"0.7 M 1-methyl-3-propylimidazolium iodide (MPII), 0.03 M iodine (I2), 0.10 M lithium iodide (LiI) and 0.5 M 4-tert-butylpyridine (TBP) in acetonitrile and valeronitrile (volume ratio, 85:15)",TiO2 5 um thick,0.45,-,-,-,0,0
730.0,9.37,0.75,5.1,"0.7 M 1-methyl-3-propylimidazolium iodide (MPII), 0.03 M iodine (I2), 0.10 M lithium iodide (LiI) and 0.5 M 4-tert-butylpyridine (TBP) in acetonitrile and valeronitrile (volume ratio, 85:15)",TiO2 5 um thick,0.45,-,-,-,0,0
707.0,12.62,0.61,5.43,"0.7 M 1-methyl-3-propylimidazolium iodide (MPII), 0.03 M iodine (I2), 0.10 M lithium iodide (LiI) and 0.5 M 4-tert-butylpyridine (TBP) in acetonitrile and valeronitrile (volume ratio, 85:15)",TiO2 11.5 um thick,0.45,-,-,-,0,0
714.0,13.22,0.64,6.02,"0.7 M 1-methyl-3-propylimidazolium iodide (MPII), 0.03 M iodine (I2), 0.10 M lithium iodide (LiI) and 0.5 M 4-tert-butylpyridine (TBP) in acetonitrile and valeronitrile (volume ratio, 85:15)",TiO2 11.5 um thick,0.45,-,-,-,0,0
745.0,12.83,0.64,6.12,"0.7 M 1-methyl-3-propylimidazolium iodide (MPII), 0.03 M iodine (I2), 0.10 M lithium iodide (LiI) and 0.5 M 4-tert-butylpyridine (TBP) in acetonitrile and valeronitrile (volume ratio, 85:15)",TiO2 11.5 um thick,0.45,-,-,-,0,0
707.0,10.96,0.73,5.65,"0.7 M 1-methyl-3-propylimidazolium iodide (MPII), 0.03 M iodine (I2), 0.10 M lithium iodide (LiI) and 0.5 M 4-tert-butylpyridine (TBP) in acetonitrile and valeronitrile (volume ratio, 85:15)",TiO2 11.5 um thick,0.45,-,-,-,0,0
697.0,20.85,0.666,9.67,"0.7 M 1-propyl-3-methyl imidiazolium iodide, 0.2 M LiI, 0.5 M iodine, 0.5 M tert-butylpyridine in acetonitrile/valeronitrile (85/15)",TiO2 film,0.27,-,-,-,0,0
679.0,14.89,0.701,7.09,"0.7 M 1-propyl-3-methyl imidiazolium iodide, 0.2 M LiI, 0.5 M iodine, 0.5 M tert-butylpyridine in acetonitrile/valeronitrile (85/15)",TiO2 film,0.27,-,-,-,0,0
661.0,16.56,0.65,7.11,"0.7 M 1-propyl-3-methyl imidiazolium iodide, 0.2 M LiI, 0.5 M iodine, 0.5 M tert-butylpyridine in acetonitrile/valeronitrile (85/15)",TiO2 film,0.27,-,-,-,0,0
677.0,13.83,0.692,6.49,"0.7 M 1-propyl-3-methyl imidiazolium iodide, 0.2 M LiI, 0.5 M iodine, 0.5 M tert-butylpyridine in acetonitrile/valeronitrile (85/15)",TiO2 film,0.27,-,-,-,0,0
668.0,10.45,0.718,5.02,"0.7 M 1-propyl-3-methyl imidiazolium iodide, 0.2 M LiI, 0.5 M iodine, 0.5 M tert-butylpyridine in acetonitrile/valeronitrile (85/15)",TiO2 film,0.27,-,-,-,0,0
652.0,11.77,0.679,5.21,"0.7 M 1-propyl-3-methyl imidiazolium iodide, 0.2 M LiI, 0.5 M iodine, 0.5 M tert-butylpyridine in acetonitrile/valeronitrile (85/15)",TiO2 film,0.27,-,-,-,0,0
660.0,5.13,0.67,2.15,"0.1 M lithium iodide, 0.6 M butylmethylimidazolium iodide (BMII), 0.05 M I2 and 0.5 M 4-tertbutylpyridine (4-TBP) in the mixed solvent of acetonitrile and 3-methoxypropionitrile (7:3, v/v)",TiO2 13 um thick,0.28,-,-,-,0,0
710.0,12.6,0.6,5.31,"0.1 M lithium iodide, 0.6 M butylmethylimidazolium iodide (BMII), 0.05 M I2 and 0.5 M 4-tertbutylpyridine (4-TBP) in the mixed solvent of acetonitrile and 3-methoxypropionitrile (7:3, v/v)",TiO2 13 um thick,0.28,-,10 mM CDCA,-,1,0
690.0,13.7,0.61,5.71,"0.1 M lithium iodide, 0.6 M butylmethylimidazolium iodide (BMII), 0.05 M I2 and 0.5 M 4-tertbutylpyridine (4-TBP) in the mixed solvent of acetonitrile and 3-methoxypropionitrile (7:3, v/v)",TiO2 13 um thick,0.28,-,-,-,0,0
640.0,8.64,0.65,3.57,"0.1 M lithium iodide, 0.6 M butylmethylimidazolium iodide (BMII), 0.05 M I2 and 0.5 M 4-tertbutylpyridine (4-TBP) in the mixed solvent of acetonitrile and 3-methoxypropionitrile (7:3, v/v)",TiO2 13 um thick,0.28,-,-,-,0,0
660.0,6.82,0.63,2.82,"0.1 M lithium iodide, 0.6 M butylmethylimidazolium iodide (BMII), 0.05 M I2 and 0.5 M 4-tertbutylpyridine (4-TBP) in the mixed solvent of acetonitrile and 3-methoxypropionitrile (7:3, v/v)",TiO2 13 um thick,0.28,-,10 mM CDCA,-,1,0
564.0,13.0,0.59,4.32,"0.6 M DMPImI, 0.1 M LiI, 0.05 M I2 in acetonitrile",TiO2 12 um thick,0.16,-,-,-,0,0
476.0,2.2,0.6,0.63,"0.6 M DMPImI, 0.1 M LiI, 0.05 M I2 in acetonitrile",TiO2 12 um thick,0.16,-,-,-,0,0
679.0,14.77,0.72,7.2,Solaronix Iodolyte HI-30,TiO2 film (13 um transparent + 4 um scat­tering layer),0.16,617 nmol/cm2,10 mM CDCA,-,1,0
735.0,18.4,0.7,9.45,"0.1 M LiI, 0.05M I2, 0.6 M 1-methyl-3-propylimidazolium iodide, and 0.5 M tert-butylpyridine in dry acetonitrile",TiO2 5 um thick,0.16,-,15 mM CDCA,-,1,0
715.0,6.58,0.72,10.26,"0.1 M LiI, 0.05M I2, 0.6 M 1-methyl-3-propylimidazolium iodide, and 0.5 M tert-butylpyridine in dry acetonitrile",TiO2 5 um thick,0.16,-,10 mM CDCA,-,1,0
720.0,13.15,0.69,9.9,"0.1 M LiI, 0.05M I2, 0.6 M 1-methyl-3-propylimidazolium iodide, and 0.5 M tert-butylpyridine in dry acetonitrile",TiO2 5 um thick,0.16,-,10 mM CDCA,-,1,0
721.0,19.8,0.68,9.77,"0.1 M LiI, 0.05M I2, 0.6 M 1-methyl-3-propylimidazolium iodide, and 0.5 M tert-butylpyridine in dry acetonitrile",TiO2 5 um thick,0.16,270 nmol/cm2,10 mM CDCA,-,1,0
701.0,6.34,0.73,9.83,"0.1 M LiI, 0.05M I2, 0.6 M 1-methyl-3-propylimidazolium iodide, and 0.5 M tert-butylpyridine in dry acetonitrile",TiO2 5 um thick,0.16,-,10 mM CDCA,-,1,0
704.0,19.76,0.68,9.49,"0.1 M LiI, 0.05M I2, 0.6 M 1-methyl-3-propylimidazolium iodide, and 0.5 M tert-butylpyridine in dry acetonitrile",TiO2 5 um thick,0.16,280 nmol/cm2,10 mM CDCA,-,1,0
702.0,14.24,0.68,6.84,"0.1 M LiI, 0.05M I2, 0.6 M 1-methyl-3-propylimidazolium iodide, and 0.5 M tert-butylpyridine in dry acetonitrile",TiO2 5 um thick,0.16,-,5 mM CDCA,-,1,0
693.0,11.16,0.66,5.11,"0.1 M LiI, 0.05M I2, 0.6 M 1-methyl-3-propylimidazolium iodide, and 0.5 M tert-butylpyridine in dry acetonitrile",TiO2 5 um thick,0.16,310 nmol/cm2,-,-,0,0
663.0,16.67,0.71,7.85,"0.1 M LiI, 0.05M I2, 0.6 M 1-methyl-3-propylimidazolium iodide, and 0.5 M tert-butylpyridine in dry acetonitrile",TiO2 5 um thick,0.16,-,40 mM CDCA,-,1,0
661.0,6.21,0.74,9.2,"0.1 M LiI, 0.05M I2, 0.6 M 1-methyl-3-propylimidazolium iodide, and 0.5 M tert-butylpyridine in dry acetonitrile",TiO2 5 um thick,0.16,-,30 mM CDCA,-,1,0
660.0,12.25,0.73,8.94,"0.1 M LiI, 0.05M I2, 0.6 M 1-methyl-3-propylimidazolium iodide, and 0.5 M tert-butylpyridine in dry acetonitrile",TiO2 5 um thick,0.16,-,30 mM CDCA,-,1,0
663.0,18.11,0.72,8.64,"0.1 M LiI, 0.05M I2, 0.6 M 1-methyl-3-propylimidazolium iodide, and 0.5 M tert-butylpyridine in dry acetonitrile",TiO2 5 um thick,0.16,220 nmol/cm2,30 mM CDCA,-,1,0
797.0,10.33,0.64,5.3,"0.6 M DMPImI, 0.1 M LiI, 0.05 M I2, and 0.5 M 4-tertbutylpyridine in acetonitrile",TiO2 4.6 um thick,0.13,78 nmol/cm2,-,-,0,0
793.0,9.45,0.67,5.04,"0.6 M DMPImI, 0.1 M LiI, 0.05 M I2, and 0.5 M 4-tertbutylpyridine in acetonitrile",TiO2 4.6 um thick,0.13,62 nmol/cm2,-,-,0,0
720.0,9.38,0.64,4.36,"0.6 M DMPImI, 0.1 M LiI, 0.05 M I2, and 0.5 M 4-tertbutylpyridine in acetonitrile",TiO2 4.6 um thick,0.13,172 nmol/cm2,-,-,0,0
760.0,12.7,0.69,6.65,"0.6 M 1-butyl-3-methylimidazolium iodide (BMII), 0.05 M LiI, 0.03 M I2, 0.5 M 4-tert-butylpyridine, and 0.1 M guanidinium thiocyanate in amixture of acetonitrile-valeronitrile (85:15, v/v)",TiO2 film (7 um transparent + 5 um scat­tering layer),0.125,-,0.5 mM DCA,-,1,0
810.0,13.39,0.7,7.6,"0.6 M 1-butyl-3-methylimidazolium iodide (BMII), 0.05 M LiI, 0.03 M I2, 0.5 M 4-tert-butylpyridine, and 0.1 M guanidinium thiocyanate in amixture of acetonitrile-valeronitrile (85:15, v/v)",TiO2 film (7 um transparent + 5 um scat­tering layer),0.125,-,0.5 mM DCA,-,1,0
620.0,5.47,0.66,2.23,"LiI (0.5 M), I2 (0.05 M), and 4-tert-butylpyridine (0.5 M) in acetonitrile",TiO2 16-18 um thick,0.25,-,-,-,0,0
640.0,10.44,0.62,4.12,"LiI (0.5 M), I2 (0.05 M), and 4-tert-butylpyridine (0.5 M) in acetonitrile",TiO2 16-18 um thick,0.25,-,-,-,0,0
650.0,2.98,0.66,1.27,"LiI (0.5 M), I2 (0.05 M), and 4-tert-butylpyridine (0.5 M) in acetonitrile",TiO2 16-18 um thick,0.25,-,-,-,0,0
660.0,6.94,0.64,2.92,"LiI (0.5 M), I2 (0.05 M), and 4-tert-butylpyridine (0.5 M) in acetonitrile",TiO2 16-18 um thick,0.25,-,-,-,0,0
620.0,4.62,0.62,1.78,"LiI (0.5 M), I2 (0.05 M), and 4-tert-butylpyridine (0.5 M) in acetonitrile",TiO2 16-18 um thick,0.25,-,-,-,0,0
600.0,2.31,0.6,0.83,"LiI (0.5 M), I2 (0.05 M), and 4-tert-butylpyridine (0.5 M) in acetonitrile",TiO2 16-18 um thick,0.25,-,-,-,0,0
690.0,16.59,0.64,7.36,"0.05 M I2, 0.5 M LiI, 0.5 M tert-butylpyridine in acetonitrile",TiO2 15 um thick,0.25,450 nmol/cm2,-,-,0,0
680.0,14.16,0.66,6.3,"0.05 M I2, 0.5 M LiI, 0.5 M tert-butylpyridine in acetonitrile",TiO2 15 um thick,0.25,-,-,-,0,0
680.0,14.08,0.65,6.2,"0.05 M I2, 0.5 M LiI, 0.5 M tert-butylpyridine in acetonitrile",TiO2 15 um thick,0.25,-,-,-,0,0
680.0,13.44,0.67,6.12,"0.05 M I2, 0.5 M LiI, 0.5 M tert-butylpyridine in acetonitrile",TiO2 15 um thick,0.25,-,-,-,0,0
661.0,15.21,0.74,7.44,"0.1 M LiI, 0.05M I2, 0.6 M 1-methyl-3-propylimidazolium iodide, and 0.5 M tert-butylpyridine in dry acetonitrile",TiO2 5 um thick,0.16,-,20 mM CDCA,-,1,0
666.0,9.0,0.69,4.14,"0.1 M LiI, 0.05M I2, 0.6 M 1-methyl-3-propylimidazolium iodide, and 0.5 M tert-butylpyridine in dry acetonitrile",TiO2 5 um thick,0.16,320 nmol/cm2,-,-,0,0
711.0,12.3,0.76,6.6,"0.6 M BMII, 0.1 M LiI, 0.05 M I2, 0.1 M GuNCS, 0.5 M TBP in dried acetonitrile",TiO2 film (11 um transparent + 4 um scat­tering layer),0.16,29.5 nmol/cm2,20 mM CDCA,-,1,0
762.0,12.7,0.74,7.2,"0.6 M BMII, 0.1 M LiI, 0.05 M I2, 0.1 M GuNCS, 0.5 M TBP in dried acetonitrile",TiO2 film (11 um transparent + 4 um scat­tering layer),0.16,38.8 nmol/cm2,20 mM CDCA,-,1,0
662.0,6.45,0.69,3.0,"0.7 g of the functionalized alkoxide precursor ICS-PPG230; 0.3 M 1-methyl-3-propylimidazolium iodide, 0.1 M LiI and 0.05 M I2 in acetonitrile; 0.204 g of tertbutyl
pyridine and 0.036 g of guanidine thiocyanate",TiO2 2 um thick,0.28,-,-,-,0,0
663.0,6.83,0.74,3.4,"0.7 g of the functionalized alkoxide precursor ICS-PPG230; 0.3 M 1-methyl-3-propylimidazolium iodide, 0.1 M LiI and 0.05 M I2 in acetonitrile; 0.204 g of tertbutyl
pyridine and 0.036 g of guanidine thiocyanate",TiO2 2 um thick,0.28,-,-,-,0,0
640.0,9.77,0.67,4.18,"0.6 M DMPII, 0.1M LiI, 0.1M I2,0.5M TBP in acetonitrile",TiO2 film (11 um transparent + 4 um scat­tering layer),0.25,-,-,-,0,0
714.0,15.11,0.72,7.74,"0.8 M 1-methyl-3-propyl imidazolium iodide (PMII), 0.1 M lithium iodide (LiI), 0.05 M iodine (I2), and 0.5 M 4-tert-butylpyridine dissolved in acetonitrile",TiO2 film (12 um transparent + 6 um scat­tering layer),0.16,-,5 mM CDCA,-,1,0
737.0,13.73,0.74,7.48,"0.8 M 1-methyl-3-propyl imidazolium iodide (PMII), 0.1 M lithium iodide (LiI), 0.05 M iodine (I2), and 0.5 M 4-tert-butylpyridine dissolved in acetonitrile",TiO2 film (12 um transparent + 6 um scat­tering layer),0.16,-,5 mM CDCA,-,1,0
712.0,11.43,0.73,5.95,"0.8 M 1-methyl-3-propyl imidazolium iodide (PMII), 0.1 M lithium iodide (LiI), 0.05 M iodine (I2), and 0.5 M 4-tert-butylpyridine dissolved in acetonitrile",TiO2 film (12 um transparent + 6 um scat­tering layer),0.16,303 nmol/cm2,-,-,0,0
703.0,14.04,0.7,6.87,"0.8 M 1-methyl-3-propyl imidazolium iodide (PMII), 0.1 M lithium iodide (LiI), 0.05 M iodine (I2), and 0.5 M 4-tert-butylpyridine dissolved in acetonitrile",TiO2 film (12 um transparent + 6 um scat­tering layer),0.16,343 nmol/cm2,-,-,0,0
732.0,12.58,0.74,6.85,"0.8 M 1-methyl-3-propyl imidazolium iodide (PMII), 0.1 M lithium iodide (LiI), 0.05 M iodine (I2), and 0.5 M 4-tert-butylpyridine dissolved in acetonitrile",TiO2 film (12 um transparent + 6 um scat­tering layer),0.16,362 nmol/cm2,-,-,0,0
703.0,9.89,0.62,4.3,"0.6 M 1-butyl-3-methylimidazolium iodide (BMII), 30 mM I2, 50 mM LiI, 0.5 M tertbutylpyridine and 0.1 M guanidiniumthiocyanate (GuNCS) in a mixed acetonitrile and valeronitrile (85:15, V/V)",TiO2 film,,1570 nmol/cm2,-,-,0,0
720.0,9.85,0.645,4.6,"0.6 M 1-butyl-3-methylimidazolium iodide (BMII), 30 mM I2, 50 mM LiI, 0.5 M tertbutylpyridine and 0.1 M guanidiniumthiocyanate (GuNCS) in a mixed acetonitrile and valeronitrile (85:15, V/V)",TiO2 film,,1560 nmol/cm2,-,-,0,0
732.0,12.0,0.7,6.1,"0.6 M 1-butyl-3-methylimidazolium iodide (BMII), 30 mM I2, 50 mM LiI, 0.5 M tertbutylpyridine and 0.1 M guanidiniumthiocyanate (GuNCS) in a mixed acetonitrile and valeronitrile (85:15, V/V)",TiO2 film,,1420 nmol/cm2,-,-,0,0
682.0,9.1,0.65,4.0,"5 wt% poly(vinylideneuoride-co-hexafluoropropylene) in a redox solution containing 0.1 M LiI, 0.1 M I2, 0.1 M TBP and 0.6 M DMPImI in 3-methoxypropionitrile (MPN)",TiO2 film (6 um transparent + 6 um scat­tering layer),0.2304,-,-,-,0,0
700.0,7.6,0.75,3.98,"0.6 M DMPII, 0.1M LiI, 0.1M I2,0.5M TBP in acetonitrile",TiO2 film (11 um transparent + 4 um scat­tering layer),0.25,-,-,-,0,0
650.0,8.72,0.73,4.1,"0.6 M DMPII, 0.1M LiI, 0.1M I2,0.5M TBP in acetonitrile",TiO2 film (11 um transparent + 4 um scat­tering layer),0.25,-,-,-,0,0
678.0,14.03,0.69,6.59,Solaronix Iodolyte HI-30,TiO2 film (12 um transparent + 3 um scat­tering layer),0.16,-,2 mM CDCA,-,1,0
659.0,11.82,0.68,5.3,Solaronix Mosalyte TDE-250,TiO2 film (13 um transparent + 4 um scat­tering layer),0.16,-,10 mM CDCA,-,1,0
826.0,11.54,0.72,6.86,"DMPImI (0.25m), LiTFSI (0.1m), I2 (0.05m), and TBP (0.5m) in acetonitrile",TiO2 3 um thick,0.158,-,-,-,0,0
630.0,6.05,0.66,2.52,iodide/triiodide,TiO2 film,,-,-,-,0,0
824.0,11.5,0.72,6.82,"DMPImI (0.25m), LiTFSI (0.1m), I2 (0.05m), and TBP (0.5m) in acetonitrile",TiO2 3 um thick,0.158,-,-,-,0,0
704.0,18.08,0.71,9.05,Solaronix Iodolyte HI-30,TiO2 film (13 um transparent + 4 um scat­tering layer),0.16,508 nmol/cm2,10 mM CDCA,-,1,0
917.0,12.02,0.719,7.9,"tris(1,10-phenanthroline)cobalt(II) di[bis(trifluoromethanesulfonyl)imide] (0.25m), tris(1,10-phenanthroline)cobalt(III) tris[bis(trifluoromethanesulfonyl) imide] (0.05m), TBP (0.5m), and a solution of LiTFSI in MeCN (0.1m)",TiO2 film (4.2 um transparent + 5 um scat­tering layer),0.158,20.9 nmol/cm2,-,-,0,0
915.0,12.35,0.7,7.87,"0.25 M [Co(bpy)3](PF6)2, 0.05 M [Co(bpy)3](PF6)3, 0.8 M TBP, and 0.1 M LiTFSI in acetonitrile",TiO2 film (3 um transparent + 4 um scat­tering layer),0.158,-,-,-,0,0
825.0,13.71,0.68,7.69,"0.25 M [Co(bpy)3](PF6)2, 0.05 M [Co(bpy)3](PF6)3, 0.8 M TBP, and 0.1 M LiTFSI in acetonitrile",TiO2 film (3 um transparent + 4 um scat­tering layer),0.158,-,-,-,0,0
885.0,12.79,0.69,7.81,"0.25 M [Co(phen)3](PF6)2, 0.05 M [Co(phen)3](PF6)3, 0.8 M TBP, and 0.1 M LiTFSI in acetonitrile",TiO2 film (3 um transparent + 4 um scat­tering layer),0.158,-,-,-,0,0
849.0,14.57,0.67,8.29,"0.25 M [Co(bpy)3](PF6)2, 0.05 M [Co(bpy)3](PF6)3, 0.8 M TBP, and 0.1 M LiTFSI in acetonitrile",TiO2 film (3 um transparent + 4 um scat­tering layer),0.158,-,-,-,0,0
907.0,14.32,0.68,8.83,"0.25 M [Co(phen)3](PF6)2, 0.05 M [Co(phen)3](PF6)3, 0.8 M TBP, and 0.1 M LiTFSI in acetonitrile",TiO2 film (3 um transparent + 4 um scat­tering layer),0.158,-,-,-,0,0
680.0,6.45,0.59,2.57,"0.6 M BMII, 0.1 M LiI (99.9%), 0.05 M I2 (99.9%) and 0.5 M tBP in 3-methoxypropionitrile",TiO2 10 um thick,0.25,-,-,-,0,0
640.0,7.2,0.58,2.65,"0.6 M BMII, 0.1 M LiI (99.9%), 0.05 M I2 (99.9%) and 0.5 M tBP in 3-methoxypropionitrile",TiO2 10 um thick,0.25,-,-,-,0,0
740.0,9.03,0.64,4.31,"0.6 M BMII, 0.1 M LiI (99.9%), 0.05 M I2 (99.9%) and 0.5 M tBP in 3-methoxypropionitrile",TiO2 10 um thick,0.25,-,-,-,0,0
640.0,6.47,0.73,3.0,"50 mM iodine, 500 mM lithium iodide, 580 mM t-butylpyridine and 600 mM 1-ethyl-3-methylimidazolium dicyanamide in acetonitrile",TiO2 12-13 um thick,0.25,-,20 mM CDCA,-,1,0
650.0,6.21,0.72,2.69,"50 mM iodine, 500 mM lithium iodide, 580 mM t-butylpyridine and 600 mM 1-ethyl-3-methylimidazolium dicyanamide in acetonitrile",TiO2 12-13 um thick,0.25,-,-,-,0,0
650.0,7.44,0.7,3.39,"50 mM iodine, 500 mM lithium iodide, 580 mM t-butylpyridine and 600 mM 1-ethyl-3-methylimidazolium dicyanamide in acetonitrile",TiO2 12-13 um thick,0.25,-,20 mM CDCA,-,1,0
600.0,4.65,0.68,1.89,"50 mM iodine, 500 mM lithium iodide, 580 mM t-butylpyridine and 600 mM 1-ethyl-3-methylimidazolium dicyanamide in acetonitrile",TiO2 12-13 um thick,0.25,-,-,-,0,0
616.0,3.27,0.51,1.02,"0.1 M LiI, 0.05 M I2, 0.6 M Bu4NI and 0.5 M 4-tert-butylpyridine in CH3CN",TiO2 11 um thick,,-,10 mM DCA,-,1,0
611.0,3.55,0.5,1.08,"0.1 M LiI, 0.05 M I2, 0.6 M Bu4NI and 0.5 M 4-tert-butylpyridine in CH3CN",TiO2 11 um thick,,-,10 mM DCA,-,1,0
612.0,4.49,0.62,1.7,"0.1 M LiI, 0.05 M I2, 0.6 M Bu4NI and 0.5 M 4-tert-butylpyridine in CH3CN",TiO2 11 um thick,,-,10 mM DCA,-,1,0
752.0,12.06,0.72,6.57,"0.5 M lithium iodide (LiI), 0.05 M iodine (I2), and 0.5 M 4-tert-butylpyridine in acetonitrile",TiO2 film (12 um transparent + 6 um scat­tering layer),0.25,-,5 mM CDCA,-,1,0
741.0,13.13,0.73,7.09,"0.5 M lithium iodide (LiI), 0.05 M iodine (I2), and 0.5 M 4-tert-butylpyridine in acetonitrile",TiO2 film (12 um transparent + 6 um scat­tering layer),0.25,-,-,-,0,0
739.0,13.73,0.74,7.48,"0.5 M lithium iodide (LiI), 0.05 M iodine (I2), and 0.5 M 4-tert-butylpyridine in acetonitrile",TiO2 film (12 um transparent + 6 um scat­tering layer),0.25,-,5 mM CDCA,-,1,0
707.0,14.73,0.69,7.23,"0.5 M lithium iodide (LiI), 0.05 M iodine (I2), and 0.5 M 4-tert-butylpyridine in acetonitrile",TiO2 film (12 um transparent + 6 um scat­tering layer),0.25,-,-,-,0,0
573.0,3.29,0.77,1.45,"0.5 M lithium iodide (LiI), 0.05 M iodine (I2), and 0.5 M 4-tert-butylpyridine in acetonitrile",TiO2 film (12 um transparent + 6 um scat­tering layer),0.25,-,30 mM CDCA,-,1,0
546.0,2.84,0.76,1.17,"0.5 M lithium iodide (LiI), 0.05 M iodine (I2), and 0.5 M 4-tert-butylpyridine in acetonitrile",TiO2 film (12 um transparent + 6 um scat­tering layer),0.25,-,-,-,0,0
689.0,15.09,0.72,7.53,"0.5 M lithium iodide (LiI), 0.05 M iodine (I2), and 0.5 M 4-tert-butylpyridine in acetonitrile",TiO2 film (12 um transparent + 6 um scat­tering layer),0.25,-,30 mM CDCA,-,1,0
677.0,12.71,0.74,6.37,"0.5 M lithium iodide (LiI), 0.05 M iodine (I2), and 0.5 M 4-tert-butylpyridine in acetonitrile",TiO2 film (12 um transparent + 6 um scat­tering layer),0.25,-,-,-,0,0
650.0,4.5,0.7,2.0,iodide/triiodide,TiO2 film,,-,-,-,0,0
585.0,8.97,0.73,3.83,"0.5 M lithium iodide (LiI), 0.05 M iodine (I2), and 0.5 M 4-tert-butylpyridine in acetonitrile",TiO2 film (12 um transparent + 6 um scat­tering layer),0.25,-,30 mM CDCA,-,1,0
574.0,4.35,0.76,1.94,"0.5 M lithium iodide (LiI), 0.05 M iodine (I2), and 0.5 M 4-tert-butylpyridine in acetonitrile",TiO2 film (12 um transparent + 6 um scat­tering layer),0.25,-,-,-,0,0
678.0,17.76,0.69,8.26,Solaronix Iodolyte HI-30,TiO2 film (13 um transparent + 3 um scat­tering layer),0.16,-,2 mM CDCA,-,1,0
836.0,10.35,0.678,5.87,"0.6 M 1-methyl-3-propylimidazoliumiodide (PMII), 0.05 M LiI, 0.10 M guanidiniumthiocyanate, 0.03 M I2 and 0.5 M tertbutylpyridine in acetonitrile/valeronitrile (85:15)",TiO2 16 um thick,0.16,159 nmol/cm2,-,-,0,0
822.0,10.74,0.63,5.56,"0.6 M 1-methyl-3-propylimidazoliumiodide (PMII), 0.05 M LiI, 0.10 M guanidiniumthiocyanate, 0.03 M I2 and 0.5 M tertbutylpyridine in acetonitrile/valeronitrile (85:15)",TiO2 16 um thick,0.16,151 nmol/cm2,-,-,0,0
853.0,8.71,0.669,4.97,"0.6 M 1-methyl-3-propylimidazoliumiodide (PMII), 0.05 M LiI, 0.10 M guanidiniumthiocyanate, 0.03 M I2 and 0.5 M tertbutylpyridine in acetonitrile/valeronitrile (85:15)",TiO2 16 um thick,0.16,128 nmol/cm2,-,-,0,0
720.0,10.98,0.57,4.48,"0.6 M 1,2-dimethyl-3-propylimidazolium iodide (DMPII), 0.1 M LiI, 0.05 M I2, and 0.5 M 4-tert-butylpyridine (TBP) in a mixture of acetonitrile and methoxypropionitrile (volume ratio, 7:3)",TiO2 film (10 um transparent + 4 um scat­tering layer),0.196,-,-,-,0,0
640.0,10.31,0.62,4.08,"0.6 M 1,2-dimethyl-3-propylimidazolium iodide (DMPII), 0.1 M LiI, 0.05 M I2, and 0.5 M 4-tert-butylpyridine (TBP) in a mixture of acetonitrile and methoxypropionitrile (volume ratio, 7:3)",TiO2 film (10 um transparent + 4 um scat­tering layer),0.196,-,-,-,0,0
615.0,11.8,0.58,4.23,"0.6 M 1,2-dimethyl-3-propylimidazolium iodide (DMPII), 0.1 M LiI, 0.05 M I2, and 0.5 M 4-tert-butylpyridine (TBP) in a mixture of acetonitrile and methoxypropionitrile (volume ratio, 7:3)",TiO2 film (10 um transparent + 4 um scat­tering layer),0.196,-,-,-,0,0
675.0,12.65,0.63,5.35,"0.6 M 1,2-dimethyl-3-propylimidazolium iodide (DMPII), 0.1 M LiI, 0.05 M I2, and 0.5 M 4-tert-butylpyridine (TBP) in a mixture of acetonitrile and methoxypropionitrile (volume ratio, 7:3)",TiO2 film (10 um transparent + 4 um scat­tering layer),0.196,-,-,-,0,0
756.0,15.4,0.76,8.8,"1 M DMII, 0.03 M iodine, 0.1 M guanidiniumthiacyanate, 0.5 M tertbutylpyridine and 0.05 M NaI in a mixture of valeronitrile/acetonitrile (0.15:0.85 v/v)",TiO2 film (12 um transparent + 3 um scat­tering layer),,-,-,-,0,0
683.0,9.6,0.78,5.1,"1 M DMII, 0.03 M iodine, 0.1 M guanidiniumthiacyanate, 0.5 M tertbutylpyridine and 0.05 M NaI in a mixture of valeronitrile/acetonitrile (0.15:0.85 v/v)",TiO2 film (12 um transparent + 3 um scat­tering layer),,-,-,-,0,0
603.0,11.8,0.75,5.4,"1 M DMII, 0.03 M iodine, 0.1 M guanidiniumthiacyanate, 0.5 M tertbutylpyridine and 0.05 M NaI in a mixture of valeronitrile/acetonitrile (0.15:0.85 v/v)",TiO2 film (12 um transparent + 3 um scat­tering layer),,-,-,-,0,0
671.0,10.1,0.7,4.8,"1 M DMII, 0.03 M iodine, 0.1 M guanidiniumthiacyanate, 0.5 M tertbutylpyridine and 0.05 M NaI in a mixture of valeronitrile/acetonitrile (0.15:0.85 v/v)",TiO2 film (12 um transparent + 3 um scat­tering layer),,-,-,-,0,0
810.0,9.4,0.74,5.6,"1 M DMII, 0.03 M iodine, 0.1 M guanidiniumthiacyanate, 0.5 M tertbutylpyridine and 0.05 M NaI in a mixture of valeronitrile/acetonitrile (0.15:0.85 v/v)",TiO2 film (12 um transparent + 3 um scat­tering layer),,-,-,-,0,0
622.0,14.9,0.71,6.6,"1 M DMII, 0.03 M iodine, 0.1 M guanidiniumthiacyanate, 0.5 M tertbutylpyridine and 0.05 M NaI in a mixture of valeronitrile/acetonitrile (0.15:0.85 v/v)",TiO2 film (12 um transparent + 3 um scat­tering layer),,-,-,-,0,0
632.0,13.8,0.69,6.02,"0.5 M 1-methyl-3-propyl imidiazolium iodide, 0.1 M LiI, 0.05 M I2, 0.3 M tert-butylpyridine in a 7/3 (v/v) mixture of acetonitrile and 3-methoxy-propionitrile",TiO2 6 um thick,0.15,-,-,-,0,0
567.0,9.05,0.56,2.87,"0.5 M 1-methyl-3-propyl imidiazolium iodide, 0.1 M LiI, 0.05 M I2, 0.3 M tert-butylpyridine in a 7/3 (v/v) mixture of acetonitrile and 3-methoxy-propionitrile",TiO2 6 um thick,0.15,-,-,-,0,0
543.0,8.02,0.64,2.79,"0.5 M 1-methyl-3-propyl imidiazolium iodide, 0.1 M LiI, 0.05 M I2, 0.3 M tert-butylpyridine in a 7/3 (v/v) mixture of acetonitrile and 3-methoxy-propionitrile",TiO2 6 um thick,0.15,-,-,-,0,0
615.0,13.6,0.69,5.77,"0.5 M 1-methyl-3-propyl imidiazolium iodide, 0.1 M LiI, 0.05 M I2, 0.3 M tert-butylpyridine in a 7/3 (v/v) mixture of acetonitrile and 3-methoxy-propionitrile",TiO2 6 um thick,0.15,-,-,-,0,0
804.0,12.24,0.742,7.3,"tris(1,10-phenanthroline)cobalt(II) di[bis(trifluoromethanesulfonyl)imide] (0.25m), tris(1,10-phenanthroline)cobalt(III) tris[bis(trifluoromethanesulfonyl) imide] (0.05m), TBP (0.5m), and a solution of LiTFSI in MeCN (0.1m)",TiO2 film (4.2 um transparent + 5 um scat­tering layer),0.158,67 nmol/cm2,-,-,0,0
617.0,5.48,0.73,2.47,"0.3 M HMII, 0.5 M LiI, 0.05 M I2 and 0.5 M TBP in MPN",TiO2 film (12 um transparent + 4 um scat­tering layer),0.2,-,10 mM CDCA,-,1,0
617.0,5.48,0.73,2.47,"0.3 M HMII, 0.5 M LiI, 0.05 M I2 and 0.5 M TBP in MPN",TiO2 film (12 um thick + 4 um scattering layer),0.2,-,10 mM CDCA,-,1,0
704.0,16.16,0.69,7.81,Solaronix Mosalyte TDE-250,TiO2 film (13 um transparent + 4 um scat­tering layer),0.16,-,10 mM CDCA,-,1,0
649.0,13.79,0.73,6.53,Solaronix Iodolyte HI-30,TiO2 film (13 um transparent + 4 um scat­tering layer),0.16,275 nmol/cm2,10 mM CDCA,-,1,0
634.0,15.4,0.69,6.71,Solaronix Iodolyte HI-30,TiO2 film (12 um transparent + 3 um scat­tering layer),0.16,-,2 mM CDCA,-,1,0
679.0,14.28,0.71,6.91,Solaronix Iodolyte HI-30,TiO2 film (13 um transparent + 4 um scat­tering layer),0.16,525 nmol/cm2,10 mM CDCA,-,1,0
669.0,10.11,0.63,4.23,Solaronix Mosalyte TDE-250,TiO2 film (13 um transparent + 4 um scat­tering layer),0.16,-,10 mM CDCA,-,1,0
679.0,18.27,0.69,8.5,HI-30,TiO2 film (13 um transparent + 3 um scat­tering layer),0.16,-,2 mM CDCA,-,1,0
655.0,15.27,0.72,7.24,HI-30,TiO2 film (13 um transparent + 3 um scat­tering layer),0.16,-,-,-,0,0
682.0,14.7,0.7,6.87,HI-30,TiO2 film (12 um transparent + 3 um scat­tering layer),0.16,-,2 mM CDCA,-,1,0
680.0,12.0,0.68,5.57,"0.5 M lithium iodide (LiI), 0.05 M iodine (I2), and 0.5 M 4-tertbutylpyridine in acetonitrile",TiO2 film (18 um thick),0.25,264 nmol/cm2,-,-,0,0
680.0,11.3,0.69,5.34,"0.5 M lithium iodide (LiI), 0.05 M iodine (I2), and 0.5 M 4-tertbutylpyridine in acetonitrile",TiO2 film (18 um thick),0.25,117 nmol/cm2,-,-,0,0
700.0,12.7,0.7,6.22,"0.5 M lithium iodide (LiI), 0.05 M iodine (I2), and 0.5 M 4-tertbutylpyridine in acetonitrile",TiO2 film (18 um thick),0.25,118 nmol/cm2,-,-,0,0
640.0,15.5,0.63,6.27,"0.1 M LiI, 0.05 M I2, 0.6 M DMPImI in acetonitrile",TiO2 15 um thick,0.16,200 nmol/cm2,-,-,0,0
616.0,13.31,0.59,4.84,"tris(1,10-phenanthroline)cobalt(II) di[bis(trifluoromethanesulfonyl)imide] (0.25m), tris(1,10-phenanthroline)cobalt(III) tris[bis(trifluoromethanesulfonyl) imide] (0.05m), and a solution of LiTFSI in MeCN (0.1m)",TiO2 3 um thick,0.158,-,-,-,0,0
715.0,11.32,0.6,4.86,"tris(1,10-phenanthroline)cobalt(II) di[bis(trifluoromethanesulfonyl)imide] (0.25m), tris(1,10-phenanthroline)cobalt(III) tris[bis(trifluoromethanesulfonyl) imide] (0.05m), and a solution of LiTFSI in MeCN (0.1m)",TiO2 3 um thick,0.158,-,-,-,0,0
712.0,11.02,0.6,4.71,"tris(1,10-phenanthroline)cobalt(II) di[bis(trifluoromethanesulfonyl)imide] (0.25m), tris(1,10-phenanthroline)cobalt(III) tris[bis(trifluoromethanesulfonyl) imide] (0.05m), and a solution of LiTFSI in MeCN (0.1m)",TiO2 3 um thick,0.158,-,-,-,0,0
735.0,1.55,0.782,7.1,"tris(1,10-phenanthroline)cobalt(II) di[bis(trifluoromethanesulfonyl)imide] (0.25m), tris(1,10-phenanthroline)cobalt(III) tris[bis(trifluoromethanesulfonyl) imide] (0.05m), TBP (0.5m), and a solution of LiTFSI in MeCN (0.1m)",TiO2 film (4.2 um transparent + 5 um scat­tering layer),0.158,-,-,-,0,0
757.0,2.9,0.782,7.5,"tris(1,10-phenanthroline)cobalt(II) di[bis(trifluoromethanesulfonyl)imide] (0.25m), tris(1,10-phenanthroline)cobalt(III) tris[bis(trifluoromethanesulfonyl) imide] (0.05m), TBP (0.5m), and a solution of LiTFSI in MeCN (0.1m)",TiO2 film (4.2 um transparent + 5 um scat­tering layer),0.158,-,-,-,0,0
783.0,6.37,0.771,7.7,"tris(1,10-phenanthroline)cobalt(II) di[bis(trifluoromethanesulfonyl)imide] (0.25m), tris(1,10-phenanthroline)cobalt(III) tris[bis(trifluoromethanesulfonyl) imide] (0.05m), TBP (0.5m), and a solution of LiTFSI in MeCN (0.1m)",TiO2 film (4.2 um transparent + 5 um scat­tering layer),0.158,-,-,-,0,0
861.0,1.53,0.758,7.9,"tris(1,10-phenanthroline)cobalt(II) di[bis(trifluoromethanesulfonyl)imide] (0.25m), tris(1,10-phenanthroline)cobalt(III) tris[bis(trifluoromethanesulfonyl) imide] (0.05m), TBP (0.5m), and a solution of LiTFSI in MeCN (0.1m)",TiO2 film (4.2 um transparent + 5 um scat­tering layer),0.158,-,-,-,0,0
889.0,2.82,0.76,8.2,"tris(1,10-phenanthroline)cobalt(II) di[bis(trifluoromethanesulfonyl)imide] (0.25m), tris(1,10-phenanthroline)cobalt(III) tris[bis(trifluoromethanesulfonyl) imide] (0.05m), TBP (0.5m), and a solution of LiTFSI in MeCN (0.1m)",TiO2 film (4.2 um transparent + 5 um scat­tering layer),0.158,-,-,-,0,0
922.0,6.18,0.756,8.6,"tris(1,10-phenanthroline)cobalt(II) di[bis(trifluoromethanesulfonyl)imide] (0.25m), tris(1,10-phenanthroline)cobalt(III) tris[bis(trifluoromethanesulfonyl) imide] (0.05m), TBP (0.5m), and a solution of LiTFSI in MeCN (0.1m)",TiO2 film (4.2 um transparent + 5 um scat­tering layer),0.158,-,-,-,0,0
826.0,1.52,0.754,7.6,"tris(1,10-phenanthroline)cobalt(II) di[bis(trifluoromethanesulfonyl)imide] (0.25m), tris(1,10-phenanthroline)cobalt(III) tris[bis(trifluoromethanesulfonyl) imide] (0.05m), TBP (0.5m), and a solution of LiTFSI in MeCN (0.1m)",TiO2 film (4.2 um transparent + 5 um scat­tering layer),0.158,-,-,-,0,0
853.0,2.81,0.754,7.9,"tris(1,10-phenanthroline)cobalt(II) di[bis(trifluoromethanesulfonyl)imide] (0.25m), tris(1,10-phenanthroline)cobalt(III) tris[bis(trifluoromethanesulfonyl) imide] (0.05m), TBP (0.5m), and a solution of LiTFSI in MeCN (0.1m)",TiO2 film (4.2 um transparent + 5 um scat­tering layer),0.158,-,-,-,0,0
886.0,6.14,0.744,8.1,"tris(1,10-phenanthroline)cobalt(II) di[bis(trifluoromethanesulfonyl)imide] (0.25m), tris(1,10-phenanthroline)cobalt(III) tris[bis(trifluoromethanesulfonyl) imide] (0.05m), TBP (0.5m), and a solution of LiTFSI in MeCN (0.1m)",TiO2 film (4.2 um transparent + 5 um scat­tering layer),0.158,-,-,-,0,0
729.0,10.95,0.73,5.83,"DMPImI (0.25m), LiTFSI (0.1m), I2 (0.05m), and TBP (0.5m) in acetonitrile",TiO2 3 um thick,0.158,-,-,-,0,0
660.0,14.93,0.64,6.23,"0.5 M lithium iodide (LiI), 0.05 M iodine (I2), and 0.5 M 4-tert-butylpyridine in acetonitrile",TiO2 8 um thick,0.25,-,-,-,0,0
840.0,11.01,0.72,6.67,"tris(1,10-phenanthroline)cobalt(II) di[bis(trifluoromethanesulfonyl)imide] (0.25m), tris(1,10-phenanthroline)cobalt(III) tris[bis(trifluoromethanesulfonyl) imide] (0.05m), TBP (0.5m), and a solution of LiTFSI in MeCN (0.1m)",TiO2 3 um thick,0.158,-,-,-,0,0
948.0,12.18,0.733,8.5,"tris(1,10-phenanthroline)cobalt(II) di[bis(trifluoromethanesulfonyl)imide] (0.25m), tris(1,10-phenanthroline)cobalt(III) tris[bis(trifluoromethanesulfonyl) imide] (0.05m), TBP (0.5m), and a solution of LiTFSI in MeCN (0.1m)",TiO2 film (4.2 um transparent + 5 um scat­tering layer),0.158,22.5 nmol/cm2,-,-,0,0
670.0,15.2,0.66,6.72,"0.5 M lithium iodide (LiI), 0.05 M iodine (I2), and 0.5 M 4-tertbutylpyridine in acetonitrile",TiO2 film (18 um thick),0.25,275 nmol/cm2,-,-,0,0
670.0,11.9,0.68,5.36,"0.5 M lithium iodide (LiI), 0.05 M iodine (I2), and 0.5 M 4-tertbutylpyridine in acetonitrile",TiO2 film (18 um thick),0.25,416 nmol/cm2,-,-,0,0
580.0,13.5,0.64,5.01,"0.5 M lithium iodide (LiI), 0.05 M iodine (I2), and 0.5 M 4-tertbutylpyridine in acetonitrile",TiO2 film (18 um thick),0.25,371 nmol/cm2,-,-,0,0
670.0,14.9,0.64,6.42,"0.5 M lithium iodide (LiI), 0.05 M iodine (I2), and 0.5 M 4-tertbutylpyridine in acetonitrile",TiO2 film (18 um thick),0.25,-,-,-,0,0
680.0,14.1,0.65,6.17,"0.5 M lithium iodide (LiI), 0.05 M iodine (I2), and 0.5 M 4-tertbutylpyridine in acetonitrile",TiO2 film (18 um thick),0.25,-,10 mM CDCA,-,1,0
670.0,13.3,0.62,5.52,"0.5 M lithium iodide (LiI), 0.05 M iodine (I2), and 0.5 M 4-tertbutylpyridine in acetonitrile",TiO2 film (18 um thick),0.25,-,20 mM CDCA,-,1,0
551.0,8.56,0.5,2.37,"0.6M 1-propyl-2,3-dimethylimidazolium iodide (DMPII), 0.1M lithium iodide, 0.05M iodine, and 0.5M 4-tert-butylpyridine (TBP) in 3-methoxypropionitrile (MPN) + 10 wt.% polyethylene oxide",TiO2 film (6 um thick),0.25,-,-,-,0,0
730.0,15.5,0.67,7.57,"0.6 M 1-methyl-3-propylimidazolium iodide (PMII), 0.10 M guanidinium thiocyanate, 0.05 M LiI, 0.07 M I2 and 0.5 M tert-butylpyridine in acetonitrile/valeronitrile (85:15)",TiO2 film (15 um thick + 4 um scattering layer),0.16,-,-,-,0,0
717.0,15.4,0.72,7.96,"0.6 M 1-methyl-3-propylimidazolium iodide (PMII), 0.10 M guanidinium thiocyanate, 0.05 M LiI, 0.07 M I2 and 0.5 M tert-butylpyridine in acetonitrile/valeronitrile (85:15)",TiO2 film (15 um thick + 4 um scattering layer),0.16,-,20 mM CDCA,-,1,0
645.0,7.51,0.85,4.12,"0.6 M 1-methyl-3-propylimidazolium iodide (PMII), 0.10 M guanidinium thiocyanate, 0.05 M LiI, 0.07 M I2 and 0.5 M tert-butylpyridine in acetonitrile/valeronitrile (85:15)",TiO2 film (15 um thick + 4 um scattering layer),0.16,-,-,-,0,0
699.0,13.43,0.65,6.06,"0.6 M 1-methyl-3-propylimidazolium iodide (PMII), 0.10 M guanidinium thiocyanate, 0.05 M LiI, 0.07 M I2 and 0.5 M tert-butylpyridine in acetonitrile/valeronitrile (85:15)",TiO2 film (15 um thick + 4 um scattering layer),0.16,-,-,-,0,0
720.0,15.2,0.733,8.02,"1.0 M DMII, 50 mM LiI, 30 mM I2, 0.5 M tert-butylpyridine, and 0.1 M GNCS in acetonitrile and valeronitrile (v/v, 85/15)",TiO2 film (7 um thick + 5 um scattering layer),0.158,-,2 mM CDCA,-,1,0
664.0,13.0,0.75,6.5,DMII/EMII/EMITCB/I2/NBB/GNCS (molar ratio:12:12:16:1.67:3.33:0.67),TiO2 film (7 um thick + 5 um scattering layer),0.158,-,2 mM CDCA,-,1,0
946.0,7.66,0.658,4.76,"0.6 M 1-butyl-3-methylimidazolium iodide (BMII), 0.03 M of I2, 0.1 M of guanidinium thiocyanate (GSCN), and 0.5 M of 4-tert-butylpyridine (tBP) in acetonitrile and valeronitrile (85:15 v/v)",TiO2 film,,-,-,-,0,0
893.0,10.1,0.681,6.15,"0.6 M 1-butyl-3-methylimidazolium iodide (BMII), 0.03 M of I2, 0.1 M of guanidinium thiocyanate (GSCN), and 0.5 M of 4-tert-butylpyridine (tBP) in acetonitrile and valeronitrile (85:15 v/v)",TiO2 film,,-,-,-,0,0
833.0,16.5,0.737,10.1,"0.6 M 1-butyl-3-methylimidazolium iodide (BMII), 0.03 M of I2, 0.1 M of guanidinium thiocyanate (GSCN), and 0.5 M of 4-tert-butylpyridine (tBP) in acetonitrile and valeronitrile (85:15 v/v)",TiO2 film,,-,-,-,0,0
832.0,11.8,0.703,6.91,"0.6 M 1-butyl-3-methylimidazolium iodide (BMII), 0.03 M of I2, 0.1 M of guanidinium thiocyanate (GSCN), and 0.5 M of 4-tert-butylpyridine (tBP) in acetonitrile and valeronitrile (85:15 v/v)",TiO2 film,,-,-,-,0,0
621.0,4.91,0.73,2.23,"0.6 M 1,2-dimethyl-3-propylimidazolium iodide (DMPII), 0.0653 M LiI, 0.03 M I2, 0.28 M 4-tertbutylpyridine (TBP) and 0.05 M guanidium thiocyanate (GuSCN) in acetonitrile",TiO2 film (15 um thick),0.16,-,-,-,0,0
646.0,7.13,0.68,3.13,"0.6 M 1,2-dimethyl-3-propylimidazolium iodide (DMPII), 0.0653 M LiI, 0.03 M I2, 0.28 M 4-tertbutylpyridine (TBP) and 0.05 M guanidium thiocyanate (GuSCN) in acetonitrile",TiO2 film (15 um thick),0.16,-,-,-,0,0
603.0,3.04,0.66,1.21,"0.6 M 1,2-dimethyl-3-propylimidazolium iodide (DMPII), 0.0653 M LiI, 0.03 M I2, 0.28 M 4-tertbutylpyridine (TBP) and 0.05 M guanidium thiocyanate (GuSCN) in acetonitrile",TiO2 film (15 um thick),0.16,-,-,-,0,0
640.0,6.88,0.63,2.79,"0.6 M DMPII (1,2-dimetyl-3-methylimidazolium iodide), 0.1 M LiI, 0.05 M I2, 0.5 M TBP (4-tert-butylpyridine) and 0.05 mM GUSCN (Guanidine Thiocyanate) in acetonitrile",TiO2 film (7 um thick),0.24,328 nmol/cm2,-,-,0,0
860.0,11.33,0.57,5.56,"0.6 M DMPII (1,2-dimetyl-3-methylimidazolium iodide), 0.1 M LiI, 0.05 M I2, 0.5 M TBP (4-tert-butylpyridine) and 0.05 mM GUSCN (Guanidine Thiocyanate) in acetonitrile",TiO2 film (7 um thick),0.24,303 nmol/cm2,-,-,0,0
642.0,14.1,0.66,5.98,"0.1 M LiI, 0.6 M 1-propyl-2,3-dimethylimidazolium iodide (DMPII), 0.05 M I2 and 0.5 M tert-butylpyridine (TBP) in a solvent mixture of acetonitrile(ACN)-3-methoxypropionitrile (MPN) with a volume ratio of 1 : 1",TiO2 film (12 um + 4 um scattering layer),0.16,-,-,-,0,0
642.0,14.1,0.66,5.98,"1-propyl-2,3-dimethylimidazolium iodide (1.2 M), iodine (0.035 M), tert-butylpyridine (0.5 M) and guanidine thiocyanate (0.1 M) in acetonitrile/3-methoxypropionitrile mixture (8:2)",TiO2 film (12 um transparent + 4 um scattering layer),0.16,-,-,-,0,0
650.0,14.8,0.64,6.13,"0.1 M LiI, 0.6 M 1-propyl-2,3-dimethylimidazolium iodide (DMPII), 0.05 M I2 and 0.5 M tert-butylpyridine (TBP) in a solvent mixture of acetonitrile(ACN)-3-methoxypropionitrile (MPN) with a volume ratio of 1 : 1",TiO2 film (12 um + 4 um scattering layer),0.16,-,-,-,0,0
650.0,14.8,0.64,6.13,"1-propyl-2,3-dimethylimidazolium iodide (1.2 M), iodine (0.035 M), tert-butylpyridine (0.5 M) and guanidine thiocyanate (0.1 M) in acetonitrile/3-methoxypropionitrile mixture (8:2)",TiO2 film (12 um transparent + 4 um scattering layer),0.16,-,-,-,0,0
650.0,13.7,0.65,5.82,"0.1 M LiI, 0.6 M 1-propyl-2,3-dimethylimidazolium iodide (DMPII), 0.05 M I2 and 0.5 M tert-butylpyridine (TBP) in a solvent mixture of acetonitrile(ACN)-3-methoxypropionitrile (MPN) with a volume ratio of 1 : 1",TiO2 film (12 um + 4 um scattering layer),0.16,-,-,-,0,0
640.0,13.2,0.64,5.38,"0.1 M LiI, 0.6 M 1-propyl-2,3-dimethylimidazolium iodide (DMPII), 0.05 M I2 and 0.5 M tert-butylpyridine (TBP) in a solvent mixture of acetonitrile(ACN)-3-methoxypropionitrile (MPN) with a volume ratio of 1 : 1",TiO2 film (12 um + 4 um scattering layer),0.16,-,-,-,0,0
586.0,10.3,0.67,4.01,"0.1 M LiI, 0.6 M 1-propyl-2,3-dimethylimidazolium iodide (DMPII), 0.05 M I2 and 0.5 M tert-butylpyridine (TBP) in a solvent mixture of acetonitrile(ACN)-3-methoxypropionitrile (MPN) with a volume ratio of 1 : 1",TiO2 film (12 um + 4 um scattering layer),0.16,-,-,-,0,0
690.0,10.56,0.65,4.7,"0.1 M LiI, 0.6 M 1-propyl-2,3-dimethylimidazolium iodide (DMPII), 0.05 M I2 and 0.5 M tert-butylpyridine (TBP) in a solvent mixture of acetonitrile(ACN)-3-methoxypropionitrile (MPN) with a volume ratio of 1 : 1",TiO2 film (12 um + 4 um scattering layer),0.16,-,-,-,0,0
690.0,10.56,0.65,4.7,"1-propyl-2,3-dimethylimidazolium iodide (1.2 M), iodine (0.035 M), tert-butylpyridine (0.5 M) and guanidine thiocyanate (0.1 M) in acetonitrile/3-methoxypropionitrile mixture (8:2)",TiO2 film (12 um transparent + 4 um scattering layer),0.16,-,-,-,0,0
618.0,7.52,0.65,3.01,"0.1 M LiI, 0.6 M 1-propyl-2,3-dimethylimidazolium iodide (DMPII), 0.05 M I2 and 0.5 M tert-butylpyridine (TBP) in a solvent mixture of acetonitrile(ACN)-3-methoxypropionitrile (MPN) with a volume ratio of 1 : 1",TiO2 film (12 um + 4 um scattering layer),0.16,-,-,-,0,0
618.0,7.52,0.65,3.01,"1-propyl-2,3-dimethylimidazolium iodide (1.2 M), iodine (0.035 M), tert-butylpyridine (0.5 M) and guanidine thiocyanate (0.1 M) in acetonitrile/3-methoxypropionitrile mixture (8:2)",TiO2 film (12 um transparent + 4 um scattering layer),0.16,-,-,-,0,0
664.0,9.69,0.696,4.65,"0.6 M 1, 2-dimethyl-3-n-propylimidazolium iodide,0.1 M LiI, 0.05 M I2, and 0.5 M 4-tert-butylpyridine, 0.5 guanidinium thiocyanate in acetonitrile:valeronitrile (85:15 mixture)",TiO2 film (14 um thick),,-,-,-,0,0
709.0,11.71,0.7086,5.8,"0.6 M 1, 2-dimethyl-3-n-propylimidazolium iodide,0.1 M LiI, 0.05 M I2, and 0.5 M 4-tert-butylpyridine, 0.5 guanidinium thiocyanate in acetonitrile:valeronitrile (85:15 mixture)",TiO2 film (14 um thick),,-,-,-,0,0
690.0,13.72,0.71,6.72,"0.6 M 1-butyl-3-methylimidazolium iodide (BMII), 0.05 M LiI, 0.03 M I2, 0.5 M 4-tert-butylpyridine, and 0.1 M guanidinium thiocyanate in a mixture of acetonitrile-valeronitrile (85:15, v/v)]",TiO2 film (12 um thick + 4 um scattering layer),0.125,180 nmol/cm2,0.5 mM DCA,-,1,0
710.0,14.01,0.71,7.05,"0.6 M 1-butyl-3-methylimidazolium iodide (BMII), 0.05 M LiI, 0.03 M I2, 0.5 M 4-tert-butylpyridine, and 0.1 M guanidinium thiocyanate in a mixture of acetonitrile-valeronitrile (85:15, v/v)]",TiO2 film (12 um thick + 4 um scattering layer),0.125,190 nmol/cm2,0.5 mM DCA,-,1,0
770.0,13.79,0.72,7.64,"0.6 M 1-butyl-3-methylimidazolium iodide (BMII), 0.05 M LiI, 0.03 M I2, 0.5 M 4-tert-butylpyridine, and 0.1 M guanidinium thiocyanate in a mixture of acetonitrile-valeronitrile (85:15, v/v)]",TiO2 film (12 um thick + 4 um scattering layer),0.125,600 nmol/cm2,0.5 mM DCA,-,1,0
735.0,5.42,0.69,2.75,"0.6 M TBAI, 0.1 M LiI, 0.05 M I2, 0.5 M 4-TBP electrolyte in acetonitrile",TiO2 film,,313 mmol/cm3,-,-,0,0
635.0,6.55,0.66,2.73,"0.6 M TBAI, 0.1 M LiI, 0.05 M I2, 0.5 M 4-TBP electrolyte in acetonitrile",TiO2 film,,202 mmol/cm3,-,-,0,0
580.0,4.56,0.64,1.7,"0.6 M TBAI, 0.1 M LiI, 0.05 M I2, 0.5 M 4-TBP electrolyte in acetonitrile",TiO2 film,,133 mmol/cm3,-,-,0,0
641.0,16.13,0.718,7.42,"0.6 m DMPImI, 0.05 m I2, 0.1 m LiI, and 0.5 m tert-butylpyridine in acetonitrile",TiO2 film (20 um thick + 4 um scattering layer),0.18,-,-,-,0,0
664.0,17.45,0.742,8.6,"0.6 m DMPImI, 0.05 m I2, 0.1 m LiI, and 0.5 m tert-butylpyridine in acetonitrile",TiO2 film (20 um thick + 4 um scattering layer),0.18,-,-,-,0,0
680.0,14.5,0.61,5.95,"0.5 M lithium iodide (LiI), 0.05 M iodine (I2), and 0.5 M 4-tert-butylpyridine in acetonitrile",TiO2 14 um thick,0.25,340 nmol/cm2,-,-,0,0
650.0,15.6,0.6,6.04,"0.5 M lithium iodide (LiI), 0.05 M iodine (I2), and 0.5 M 4-tert-butylpyridine in acetonitrile",TiO2 14 um thick,0.25,360 nmol/cm2,-,-,0,0
610.0,11.4,0.59,4.11,"0.5 M lithium iodide (LiI), 0.05 M iodine (I2), and 0.5 M 4-tert-butylpyridine in acetonitrile",TiO2 14 um thick,0.25,370 nmol/cm2,-,-,0,0
640.0,11.1,0.66,4.73,"0.5 M lithium iodide (LiI), 0.05 M iodine (I2), and 0.5 M 4-tert-butylpyridine in acetonitrile",TiO2 14 um thick,0.25,-,1 mM DCA,-,1,0
630.0,16.0,0.61,6.15,"0.5 M lithium iodide (LiI), 0.05 M iodine (I2), and 0.5 M 4-tert-butylpyridine in acetonitrile",TiO2 14 um thick,0.25,370 nmol/cm2,-,-,0,0
610.0,15.2,0.58,5.41,"0.5 M lithium iodide (LiI), 0.05 M iodine (I2), and 0.5 M 4-tert-butylpyridine in acetonitrile",TiO2 14 um thick,0.25,450 nmol/cm2,-,-,0,0
680.0,14.17,0.66,6.4,"0.5 M lithium iodide (LiI), 0.05 M iodine (I2), and 0.5 M 4-tert-butylpyridine in acetonitrile",TiO2 4 um thick,0.25,-,-,-,0,0
670.0,6.6,0.68,3.0,"0.5 M LiI, 0.01 M I2, 0.6 M dimethylpropyl imidazolium iodide, and 0.5 M 4-t-butylpyridine in acetonitrile",TiO2 film 10 um thick,,-,-,-,0,0
735.0,2.89,0.73,1.55,"0.6 M TBAI, 0.1 M LiI, 0.05 M I2, 0.5 M 4-TBP electrolyte in acetonitrile",TiO2 film,,227 mmol/cm3,-,-,0,0
650.0,15.44,0.62,6.26,"0.5 M lithium iodide (LiI), 0.05 M iodine (I2), and 0.5 M 4-tert-butylpyridine in acetonitrile",TiO2 11 um thick,0.25,-,-,-,0,0
630.0,16.04,0.61,6.1,"0.5 M lithium iodide (LiI), 0.05 M iodine (I2), and 0.5 M 4-tert-butylpyridine in acetonitrile",TiO2 15 um thick,0.25,-,-,-,0,0
830.0,7.6,0.74,4.7,"0.3 M Co-phen, 75 mM NOBF4, 0.1 M LiTFSI, and 0.5 M TBP in acetonitrile",TiO2 film (2.7 um thick + 4.1 um scattering layer),0.158,-,0.3 mM CDCA,-,1,0
760.0,7.78,0.74,4.4,"0.3 M DMII, 75 mM I2, 0.1 M LiTFSI, and 0.5 M TBP in acetonitrile",TiO2 film (2.7 um thick + 4.1 um scattering layer),0.158,-,0.3 mM CDCA,-,1,0
770.0,1.92,0.79,9.3,"0.3 M Co-phen, 75 mM NOBF4, 0.1 M LiTFSI, and 0.5 M TBP in acetonitrile",TiO2 film (2.7 um thick + 4.1 um scattering layer),0.158,-,0.3 mM CDCA,-,1,0
790.0,3.58,0.78,9.6,"0.3 M Co-phen, 75 mM NOBF4, 0.1 M LiTFSI, and 0.5 M TBP in acetonitrile",TiO2 film (2.7 um thick + 4.1 um scattering layer),0.158,-,0.3 mM CDCA,-,1,0
820.0,7.74,0.76,9.7,"0.3 M Co-phen, 75 mM NOBF4, 0.1 M LiTFSI, and 0.5 M TBP in acetonitrile",TiO2 film (2.7 um thick + 4.1 um scattering layer),0.158,-,0.3 mM CDCA,-,1,0
850.0,15.31,0.73,9.4,"0.3 M Co-phen, 75 mM NOBF4, 0.1 M LiTFSI, and 0.5 M TBP in acetonitrile",TiO2 film (2.7 um thick + 4.1 um scattering layer),0.158,-,0.3 mM CDCA,-,1,0
760.0,2.08,0.8,10.2,"0.3 M Co-phen, 75 mM NOBF4, 0.1 M LiTFSI, and 0.5 M TBP in acetonitrile",TiO2 film (5 um thick + 4.1 um scattering layer),0.158,-,0.3 mM CDCA,-,1,0
790.0,3.88,0.78,10.3,"0.3 M Co-phen, 75 mM NOBF4, 0.1 M LiTFSI, and 0.5 M TBP in acetonitrile",TiO2 film (5 um thick + 4.1 um scattering layer),0.158,-,0.3 mM CDCA,-,1,0
820.0,8.32,0.74,10.1,"0.3 M Co-phen, 75 mM NOBF4, 0.1 M LiTFSI, and 0.5 M TBP in acetonitrile",TiO2 film (5 um thick + 4.1 um scattering layer),0.158,-,0.3 mM CDCA,-,1,0
560.0,14.2,0.6,4.77,"0.6M 1-propyl-2,3-dimethylimidazolium iodide (DMPII), 0.1M lithium iodide, 0.05M iodine, and 0.5M 4-tert-butylpyridine (TBP) in 3-methoxypropionitrile (MPN)",TiO2 film (6 um thick),0.25,-,-,-,0,0
541.0,10.7,0.52,3.02,"0.6M 1-propyl-2,3-dimethylimidazolium iodide (DMPII), 0.1M lithium iodide, 0.05M iodine, and 0.5M 4-tert-butylpyridine (TBP) in 3-methoxypropionitrile (MPN) + 10 wt.% polyethylene oxide",TiO2 film (6 um thick),0.25,-,-,-,0,0
530.0,11.0,0.51,2.97,"0.6M 1-propyl-2,3-dimethylimidazolium iodide (DMPII), 0.1M lithium iodide, 0.05M iodine, and 0.5M 4-tert-butylpyridine (TBP) in 3-methoxypropionitrile (MPN)",TiO2 film (6 um thick),0.25,-,-,-,0,0
600.0,8.55,0.62,3.16,"0.6 M BMII, 0.1 M LiI (99,9%), 0.05 M I2 (99,9%) and 0.5 M tBPin 3-methoxypropionitrile",TiO2 film (8 um thick),0.36,-,-,-,0,0
580.0,11.15,0.59,3.81,"0.6 M BMII, 0.1 M LiI (99,9%), 0.05 M I2 (99,9%) and 0.5 M tBPin 3-methoxypropionitrile",TiO2 film (8 um thick),0.36,-,-,-,0,0
484.0,7.58,0.65,2.4,"0.05 M iodine, and 0.5 M lithium iodide in acetonitrile/3-methoxypropionitrole (7:3, v/v)",TiO2 film,0.25,-,-,-,0,0
727.0,7.72,0.75,4.23,"0.05 M iodine, and 0.5 M lithium iodide in acetonitrile/3-methoxypropionitrole (7:3, v/v)",TiO2 film,0.25,-,-,-,0,0
656.0,11.44,0.73,5.45,"0.05 M iodine, and 0.5 M lithium iodide in acetonitrile/3-methoxypropionitrole (7:3, v/v)",TiO2 film,0.25,-,10 mM CDCA,-,1,0
668.0,12.61,0.73,6.11,"0.05 M iodine, and 0.5 M lithium iodide in acetonitrile/3-methoxypropionitrole (7:3, v/v)",TiO2 film,0.25,-,20 mM CDCA,-,1,0
840.0,14.25,0.7,8.4,"0.3 M Co-phen, 75 mM NOBF4, 0.1 M LiTFSI, and 0.5 M TBP in acetonitrile",TiO2 film (5 um thick + 4.1 um scattering layer),0.158,-,0.3 mM CDCA,-,1,0
680.0,15.2,0.65,6.7,"0.3 M DMII, 75 mM I2, 0.1 M LiTFSI, and 0.5 M TBP in acetonitrile",TiO2 film (2.7 um thick + 4.1 um scattering layer),0.158,-,0.3 mM CDCA,-,1,0
793.6,12.08,0.748,7.17,"1.0 M DMII, 50 mM LiI, 30 mM I2, 0.5 M TBY, and 0.1 M GNCS in the mixed solvent of acetonitrile and valeronitrile (v/v, 85/15)",TiO2 film (7 um thick + 5 um scattering layer),0.158,-,2 mM CDCA,-,1,0
746.9,12.02,0.742,6.66,"DMII/EMII/EMITCB/I2/NBB/GNCS (molar ratio, 12/12/16/1.67/3.33/0.67), where the iodide and triiodide concentrations are 3.182 and 0.238 M",TiO2 film (7 um thick + 5 um scattering layer),0.158,-,2 mM CDCA,-,1,0
769.1,13.84,0.683,7.27,"1.0 M DMII, 50 mM LiI, 30 mM I2, 0.5 M TBY, and 0.1 M GNCS in the mixed solvent of acetonitrile and valeronitrile (v/v, 85/15)",TiO2 film (7 um thick + 5 um scattering layer),0.158,-,2 mM CDCA,-,1,0
590.0,5.56,0.65,2.13,"0.5 M LiI, 0.05 M I2, and 0.1 M 4-tert-butylpyridine in 1:1 acetonitrilepropylene carbonate",TiO2 film,,-,-,-,0,0
619.0,13.52,0.62,5.21,"0.6 M PMII (1-propyl-3-methyl imidazolium iodide), 0.1 M LiI, 0.05 M I2, in a mixture of acetonitrile and methoxypropionitrile(volume ratio, 7:3)",TiO2 21 um thick,0.159,-,-,-,0,0
628.0,13.92,0.65,5.68,"0.6 M PMII (1-propyl-3-methyl imidazolium iodide), 0.1 M LiI, 0.05 M I2, in a mixture of acetonitrile and methoxypropionitrile(volume ratio, 7:3)",TiO2 14 um thick,0.159,-,-,-,0,0
657.0,10.53,0.66,4.56,"0.6 M PMII (1-propyl-3-methyl imidazolium iodide), 0.1 M LiI, 0.05 M I2, in a mixture of acetonitrile and methoxypropionitrile(volume ratio, 7:3)",TiO2 12 um thick,0.159,-,-,-,0,0
577.0,12.92,0.62,4.65,"0.6 M PMII (1-propyl-3-methyl imidazolium iodide), 0.1 M LiI, 0.05 M I2, in a mixture of acetonitrile and methoxypropionitrile(volume ratio, 7:3)",TiO2 23 um thick,0.159,-,-,-,0,0
541.0,15.96,0.65,5.65,"0.6 M PMII (1-propyl-3-methyl imidazolium iodide), 0.1 M LiI, 0.05 M I2, in a mixture of acetonitrile and methoxypropionitrile(volume ratio, 7:3)",TiO2 13 um thick,0.159,-,-,-,0,0
580.0,12.48,0.67,4.87,"0.6 M PMII (1-propyl-3-methyl imidazolium iodide), 0.1 M LiI, 0.05 M I2, in a mixture of acetonitrile and methoxypropionitrile(volume ratio, 7:3)",TiO2 11 um thick,0.159,-,-,-,0,0
624.0,11.79,0.6,4.43,"0.6 M PMII (1-propyl-3-methyl imidazolium iodide), 0.1 M LiI, 0.05 M I2, in a mixture of acetonitrile and methoxypropionitrile(volume ratio, 7:3)",TiO2 8 um thick,0.159,-,-,-,0,0
567.0,10.32,0.66,3.89,"1-butyl-3-methyl imidazolium, 1-methyl-3-trimethylsilyl imidazolium, iodine, benzimidazole and guanidine thiocyanate(BMII:I2:BI:GNCS ¼ 40:1.67:0.67:3.33)",TiO2 16 um thick,0.159,112 nmol/cm2,-,-,0,0
625.0,14.53,0.66,6.03,"1-butyl-3-methyl imidazolium, 1-methyl-3-trimethylsilyl imidazolium, iodine, benzimidazole and guanidine thiocyanate(BMII:I2:BI:GNCS ¼ 40:1.67:0.67:3.33)",TiO2 16 um thick,0.159,141 nmol/cm2,-,-,0,0
597.0,12.43,0.6,4.43,"1-butyl-3-methyl imidazolium, 1-methyl-3-trimethylsilyl imidazolium, iodine, benzimidazole and guanidine thiocyanate(BMII:I2:BI:GNCS ¼ 40:1.67:0.67:3.33)",TiO2 16 um thick,0.159,976 nmol/cm2,-,-,0,0
650.0,11.46,0.76,5.66,"0.6 M dimethylpropylimidazolium iodide, 0.05 M I2, 0.1 M LiI, and 0.5 M tert-butyl pyridine in acetonitrile",TiO2 film (10 um transparent + 5 um scat­tering layer),0.25,-,-,-,0,0
700.0,12.26,0.73,6.26,"0.6 M dimethylpropylimidazolium iodide, 0.05 M I2, 0.1 M LiI, and 0.5 M tert-butyl pyridine in acetonitrile",TiO2 film (10 um transparent + 5 um scat­tering layer),0.25,-,-,-,0,0
811.0,14.1,0.77,8.72,"0.25 M [Co(bpy)3](TFSI)2, 0.05 M [Co(bpy)3](TFSI)3, 0.25 M TBP, and 0.1 M LiTFSI in acetonitrile",TiO2 film (4 um transparent + 4 um scat­tering layer),0.159,-,CDCA,-,1,0
901.0,13.4,0.74,8.86,"0.25 M [Co(bpy)3](TFSI)2, 0.05 M [Co(bpy)3](TFSI)3, 0.25 M TBP, and 0.1 M LiTFSI in acetonitrile",TiO2 film (4 um transparent + 4 um scat­tering layer),0.159,-,CDCA,-,1,0
670.0,12.69,0.7,5.98,"1 M buthyl-methyl imidazolium iodide (BMII), 0.05 M lithium iodide, 0.03 M iodine, 0.1 M guanidinium thiocyanate (GNCS) and 0.5 M tert-butylpyridine in a mixture of acetonitrile/valeronitrile (85 : 15).",TiO2 film (9 um transparent + 4 um scat­tering layer),0.16,-,30 mM CDCA,-,1,0
680.0,12.06,0.69,5.66,"1 M buthyl-methyl imidazolium iodide (BMII), 0.05 M lithium iodide, 0.03 M iodine, 0.1 M guanidinium thiocyanate (GNCS) and 0.5 M tert-butylpyridine in a mixture of acetonitrile/valeronitrile (85 : 15).",TiO2 film (9 um transparent + 4 um scat­tering layer),0.16,-,30 mM CDCA,-,1,0
690.0,9.75,0.7,4.7,"1 M buthyl-methyl imidazolium iodide (BMII), 0.05 M lithium iodide, 0.03 M iodine, 0.1 M guanidinium thiocyanate (GNCS) and 0.5 M tert-butylpyridine in a mixture of acetonitrile/valeronitrile (85 : 15).",TiO2 film (9 um transparent + 4 um scat­tering layer),0.16,-,30 mM CDCA,-,1,0
680.0,14.63,0.68,6.76,"1 M buthyl-methyl imidazolium iodide (BMII), 0.05 M lithium iodide, 0.03 M iodine, 0.1 M guanidinium thiocyanate (GNCS) and 0.5 M tert-butylpyridine in a mixture of acetonitrile/valeronitrile (85 : 15).",TiO2 film (9 um transparent + 4 um scat­tering layer),0.16,-,3 mM CDCA,-,1,0
730.0,14.44,0.7,7.45,"1 M buthyl-methyl imidazolium iodide (BMII), 0.05 M lithium iodide, 0.03 M iodine, 0.1 M guanidinium thiocyanate (GNCS) and 0.5 M tert-butylpyridine in a mixture of acetonitrile/valeronitrile (85 : 15).",TiO2 film (9 um transparent + 4 um scat­tering layer),0.16,-,30 mM CDCA,-,1,0
670.0,10.13,0.68,4.66,"1 M buthyl-methyl imidazolium iodide (BMII), 0.05 M lithium iodide, 0.03 M iodine, 0.1 M guanidinium thiocyanate (GNCS) and 0.5 M tert-butylpyridine in a mixture of acetonitrile/valeronitrile (85 : 15).",TiO2 film (9 um transparent + 4 um scat­tering layer),0.16,-,-,-,0,0
551.0,10.13,0.65,3.64,"0.6 M PMII (1-propyl-3-methyl imidazolium iodide), 0.1 M LiI, 0.05 M I2, in a mixture of acetonitrile and methoxypropionitrile(volume ratio, 7:3)",TiO2 22 um thick,0.159,-,-,-,0,0
553.0,10.38,0.63,3.59,"0.6 M PMII (1-propyl-3-methyl imidazolium iodide), 0.1 M LiI, 0.05 M I2, in a mixture of acetonitrile and methoxypropionitrile(volume ratio, 7:3)",TiO2 18 um thick,0.159,-,-,-,0,0
606.0,10.79,0.68,4.44,"0.6 M PMII (1-propyl-3-methyl imidazolium iodide), 0.1 M LiI, 0.05 M I2, in a mixture of acetonitrile and methoxypropionitrile(volume ratio, 7:3)",TiO2 8 um thick,0.159,-,-,-,0,0
705.0,9.47,0.63,4.19,"0.6 M PMII (1-propyl-3-methyl imidazolium iodide), 0.1 M LiI, 0.05 M I2, in a mixture of acetonitrile and methoxypropionitrile(volume ratio, 7:3)",TiO2 8 um thick,0.159,-,-,-,0,0
618.0,8.19,0.697,3.53,"0.6 M DMPII, 0.1 M LiI, 0.05 M I2, in dry CH3CN",TiO2 film (6 um thick),0.2,-,-,-,0,0
618.0,8.19,0.697,3.53,"0.6 M DMPII (1,2-dimethyl-3-n-propylimidazolium iodide), 0.1 M LiI, 0.05 M I2 in anhydrous acetonitrile",TiO2 film (12 um thick + 6 um scattering layer),0.2,-,1 mM DCA,-,1,0
618.0,8.21,0.696,3.53,"0.6 M DMPII, 0.1 M LiI, 0.05 M I2, in dry CH3CN",TiO2 film (6 um thick),0.2,-,1 mM DCA,-,1,0
700.0,6.09,0.668,2.85,"0.6 M DMPII, 0.1 M LiI, 0.05 M I2, 0.5 M TBP in dry CH3CN",TiO2 film (6 um thick),0.2,-,-,-,0,0
691.0,6.77,0.749,3.5,"0.6 M DMPII, 0.1 M LiI, 0.05 M I2, 0.5 M TBP in dry CH3CN",TiO2 film (6 um thick),0.2,-,1 mM DCA,-,1,0
664.0,5.85,0.738,2.86,"0.6 M DMPII, 0.1 M LiI, 0.05 M I2, in dry CH3CN",TiO2 film (6 um thick),0.2,-,-,-,0,0
664.0,5.85,0.738,2.86,"0.6 M DMPII (1,2-dimethyl-3-n-propylimidazolium iodide), 0.1 M LiI, 0.05 M I2 in anhydrous acetonitrile",TiO2 film (12 um thick + 6 um scattering layer),0.2,-,1 mM DCA,-,1,0
655.0,6.08,0.761,3.03,"0.6 M DMPII, 0.1 M LiI, 0.05 M I2, in dry CH3CN",TiO2 film (6 um thick),0.2,-,1 mM DCA,-,1,0
718.0,4.55,0.724,2.37,"0.6 M DMPII, 0.1 M LiI, 0.05 M I2, 0.5 M TBP in dry CH3CN",TiO2 film (6 um thick),0.2,-,-,-,0,0
736.0,4.53,0.776,2.59,"0.6 M DMPII, 0.1 M LiI, 0.05 M I2, 0.5 M TBP in dry CH3CN",TiO2 film (6 um thick),0.2,-,1 mM DCA,-,1,0
720.0,12.23,0.61,5.36,"I2 (0.05 M), butylmethylimidazolium iodide (BMII, 0.6 M), lithium iodide (0.1 M), and 4-tert-butylpyridine (4-TBP, 0.5 M) in the mixed solvents of 3-methoxypropionitrile and acetonitrile (7:3, v/v)",TiO2 13 um thick,,-,5 mM CDCA,-,1,0
730.0,12.45,0.62,5.59,"I2 (0.05 M), butylmethylimidazolium iodide (BMII, 0.6 M), lithium iodide (0.1 M), and 4-tert-butylpyridine (4-TBP, 0.5 M) in the mixed solvents of 3-methoxypropionitrile and acetonitrile (7:3, v/v)",TiO2 13 um thick,,-,10 mM CDCA,-,1,0
720.0,12.61,0.65,5.94,"I2 (0.05 M), butylmethylimidazolium iodide (BMII, 0.6 M), lithium iodide (0.1 M), and 4-tert-butylpyridine (4-TBP, 0.5 M) in the mixed solvents of 3-methoxypropionitrile and acetonitrile (7:3, v/v)",TiO2 13 um thick,,174 nmol/cm2,,-,0,0
740.0,13.51,0.63,6.3,"I2 (0.05 M), butylmethylimidazolium iodide (BMII, 0.6 M), lithium iodide (0.1 M), and 4-tert-butylpyridine (4-TBP, 0.5 M) in the mixed solvents of 3-methoxypropionitrile and acetonitrile (7:3, v/v)",TiO2 13 um thick,,-,5 mM CDCA,-,1,0
720.0,13.49,0.61,5.92,"I2 (0.05 M), butylmethylimidazolium iodide (BMII, 0.6 M), lithium iodide (0.1 M), and 4-tert-butylpyridine (4-TBP, 0.5 M) in the mixed solvents of 3-methoxypropionitrile and acetonitrile (7:3, v/v)",TiO2 13 um thick,,-,10 mM CDCA,-,1,0
700.0,12.6,0.67,5.88,"I2 (0.05 M), butylmethylimidazolium iodide (BMII, 0.6 M), lithium iodide (0.1 M), and 4-tert-butylpyridine (4-TBP, 0.5 M) in the mixed solvents of 3-methoxypropionitrile and acetonitrile (7:3, v/v)",TiO2 13 um thick,,175 nmol/cm2,,-,0,0
720.0,13.69,0.6,5.94,"I2 (0.05 M), butylmethylimidazolium iodide (BMII, 0.6 M), lithium iodide (0.1 M), and 4-tert-butylpyridine (4-TBP, 0.5 M) in the mixed solvents of 3-methoxypropionitrile and acetonitrile (7:3, v/v)",TiO2 13 um thick,,-,5 mM CDCA,-,1,0
740.0,12.72,0.62,5.88,"I2 (0.05 M), butylmethylimidazolium iodide (BMII, 0.6 M), lithium iodide (0.1 M), and 4-tert-butylpyridine (4-TBP, 0.5 M) in the mixed solvents of 3-methoxypropionitrile and acetonitrile (7:3, v/v)",TiO2 13 um thick,,-,10 mM CDCA,-,1,0
720.0,13.85,0.64,6.0,"I2 (0.05 M), butylmethylimidazolium iodide (BMII, 0.6 M), lithium iodide (0.1 M), and 4-tert-butylpyridine (4-TBP, 0.5 M) in the mixed solvents of 3-methoxypropionitrile and acetonitrile (7:3, v/v)",TiO2 13 um thick,,161 nmol/cm2,,-,0,0
720.0,13.49,0.63,6.11,"I2 (0.05 M), butylmethylimidazolium iodide (BMII, 0.6 M), lithium iodide (0.1 M), and 4-tert-butylpyridine (4-TBP, 0.5 M) in the mixed solvents of 3-methoxypropionitrile and acetonitrile (7:3, v/v)",TiO2 13 um thick,,-,5 mM CDCA,-,1,0
750.0,12.92,0.59,5.76,"I2 (0.05 M), butylmethylimidazolium iodide (BMII, 0.6 M), lithium iodide (0.1 M), and 4-tert-butylpyridine (4-TBP, 0.5 M) in the mixed solvents of 3-methoxypropionitrile and acetonitrile (7:3, v/v)",TiO2 13 um thick,,-,10 mM CDCA,-,1,0
684.0,8.77,0.65,3.93,"0.1 M lithium iodide, 0.6 M butylmethylimidazolium iodide (BMII), 0.05 M I2, and 0.5 M 4-tert-butylpyridine (4-TBP) in acetonitrile and 3-methoxypropionitrile (7:3, v/v)",TiO2 13 um thick,,-,-,-,0,0
727.0,10.59,0.66,5.06,"0.1 M lithium iodide, 0.6 M butylmethylimidazolium iodide (BMII), 0.05 M I2, and 0.5 M 4-tert-butylpyridine (4-TBP) in acetonitrile and 3-methoxypropionitrile (7:3, v/v)",TiO2 13 um thick,,-,-,-,0,0
707.0,12.24,0.65,5.59,"0.1 M lithium iodide, 0.6 M butylmethylimidazolium iodide (BMII), 0.05 M I2, and 0.5 M 4-tert-butylpyridine (4-TBP) in acetonitrile and 3-methoxypropionitrile (7:3, v/v)",TiO2 13 um thick,,-,-,-,0,0
750.0,12.31,0.717,6.62,"0.5 M LiI, 0.05 M I2, and 0.5 M 4-tert-butylpyridine(TBP) in 3-methoxypropionitrile",TiO2 10 um thick,0.196,-,10 mM CDCA,-,1,0
700.0,14.51,0.715,7.26,"0.5 M LiI, 0.05 M I2, and 0.5 M 4-tert-butylpyridine(TBP) in 3-methoxypropionitrile",TiO2 10 um thick,0.196,-,1 mM CDCA,-,1,0
720.0,12.58,0.718,6.5,"0.5 M LiI, 0.05 M I2, and 0.5 M 4-tert-butylpyridine(TBP) in 3-methoxypropionitrile",TiO2 10 um thick,0.196,-,0.1 mM CDCA,-,1,0
640.0,8.47,0.659,3.57,"0.5 M LiI, 0.05 M I2, and 0.5 M 4-tert-butylpyridine(TBP) in 3-methoxypropionitrile",TiO2 10 um thick,0.196,-,-,-,0,0
650.0,8.32,0.689,3.73,"0.5 M LiI, 0.05 M I2, and 0.5 M 4-tert-butylpyridine(TBP) in 3-methoxypropionitrile",TiO2 10 um thick,0.196,-,-,-,0,0
690.0,10.87,0.649,4.87,"0.5 M LiI, 0.05 M I2, and 0.5 M 4-tert-butylpyridine(TBP) in 3-methoxypropionitrile",TiO2 10 um thick,0.196,-,-,-,0,0
700.0,11.56,0.767,6.21,"0.5 M LiI, 0.05 M I2, and 0.5 M 4-tert-butylpyridine(TBP) in 3-methoxypropionitrile",TiO2 10 um thick,0.196,-,-,-,0,0
680.0,13.57,0.674,6.22,"0.5 M LiI, 0.05 M I2, and 0.5 M 4-tert-butylpyridine(TBP) in 3-methoxypropionitrile",TiO2 10 um thick,0.196,-,-,-,0,0
690.0,10.11,0.689,4.81,"0.5 M LiI, 0.05 M I2, and 0.5 M 4-tert-butylpyridine(TBP) in 3-methoxypropionitrile",TiO2 10 um thick,0.196,-,1 mM CDCA,-,1,0
590.0,5.82,0.556,1.91,"0.5 M LiI, 0.05 M I2, and 0.5 M 4-tert-butylpyridine(TBP) in 3-methoxypropionitrile",TiO2 10 um thick,0.196,-,-,-,0,0
700.0,12.08,0.705,5.96,"0.5 M LiI, 0.05 M I2, and 0.5 M 4-tert-butylpyridine(TBP) in 3-methoxypropionitrile",TiO2 10 um thick,0.196,-,1 mM CDCA,-,1,0
650.0,9.39,0.696,4.25,"0.5 M LiI, 0.05 M I2, and 0.5 M 4-tert-butylpyridine(TBP) in 3-methoxypropionitrile",TiO2 10 um thick,0.196,-,-,-,0,0
620.0,8.65,0.73,3.92,"0.5 M LiI, 0.05 M I2, and 0.5 M 4-tert-butylpyridine(TBP) in 3-methoxypropionitrile",TiO2 10 um thick,0.196,-,1 mM CDCA,-,1,0
600.0,7.68,0.696,3.21,"0.5 M LiI, 0.05 M I2, and 0.5 M 4-tert-butylpyridine(TBP) in 3-methoxypropionitrile",TiO2 10 um thick,0.196,-,-,-,0,0
720.0,10.87,0.738,5.86,"0.5 M LiI, 0.05 M I2, and 0.5 M 4-tert-butylpyridine(TBP) in 3-methoxypropionitrile",TiO2 10 um thick,0.196,-,1 mM CDCA,-,1,0
670.0,8.01,0.749,4.02,"0.5 M LiI, 0.05 M I2, and 0.5 M 4-tert-butylpyridine(TBP) in 3-methoxypropionitrile",TiO2 10 um thick,0.196,-,,-,0,0
670.0,8.01,0.774,3.97,"0.5 M LiI, 0.05 M I2, and 0.5 M 4-tert-butylpyridine(TBP) in 3-methoxypropionitrile",TiO2 10 um thick,0.196,-,1 mM CDCA,-,1,0
600.0,7.24,0.702,3.06,"0.5 M LiI, 0.05 M I2, and 0.5 M 4-tert-butylpyridine(TBP) in 3-methoxypropionitrile",TiO2 10 um thick,0.196,-,-,-,0,0
724.0,16.28,0.684,8.06,"0.6 M methylhexylimidazolium iodide, 0.05 M iodine, 0.1 M LiI and 0.5 M tert-butylpyridine in 3-methoxypropionitrile",TiO2 15 um thick,0.15,-,-,-,0,0
483.0,2.09,0.68,0.69,0.1 M LiI + 0.6 M DMPImI + 0.1 M I2 + 0.5 M 4-TBP in acetonitrile,TiO2 12 um thick,0.158,41.7 nmol/cm2,saturated CDCA,-,1,0
508.0,2.39,0.68,0.83,0.1 M LiI + 0.6 M DMPImI + 0.1 M I2 + 0.5 M 4-TBP in acetonitrile,TiO2 12 um thick,0.158,47.9 nmol/cm2,1.5 mM CDCA,-,1,0
588.0,9.74,0.67,3.81,0.1 M LiI + 0.6 M DMPImI + 0.1 M I2 + 0.5 M 4-TBP in acetonitrile,TiO2 12 um thick,0.158,30.8 nmol/cm2,saturated CDCA,-,1,0
605.0,9.78,0.7,4.14,0.1 M LiI + 0.6 M DMPImI + 0.1 M I2 + 0.5 M 4-TBP in acetonitrile,TiO2 12 um thick,0.158,49.8 nmol/cm2,1.5 mM CDCA,-,1,0
572.0,9.36,0.64,3.44,0.1 M LiI + 0.6 M DMPImI + 0.1 M I2 + 0.5 M 4-TBP in acetonitrile,TiO2 12 um thick,0.158,58 nmol/cm2,-,-,0,0
532.0,3.89,0.64,1.32,"0.1 M LiI + 0.6 M MPII + 0.05 M I2 + 0.8 M TBP in the mixed solvent of acetonitrile and 3-methoxypropionitrile (7:3, v/v)",TiO2 12 um thick,0.158,-,-,-,0,0
531.0,9.78,0.62,3.24,"0.1 M LiI + 0.6 M MPII + 0.05 M I2 + 0.5 M TBP in the mixed solvent of acetonitrile and 3-methoxypropionitrile (7:3, v/v)",TiO2 12 um thick,0.158,-,-,-,0,0
483.0,10.81,0.52,2.7,"0.1 M LiI + 0.6 M MPII + 0.05 M I2 in the mixed solvent of acetonitrile and 3-methoxypropionitrile (7:3, v/v)",TiO2 12 um thick,0.158,-,-,-,0,0
699.0,14.2,0.63,6.29,"0.1 M lithium iodide, 0.6 M butylmethylimidazolium iodide (BMII), 0.05 M I2, and 0.5 M 4-tert-butylpyridine (4-TBP) in acetonitrile and 3-methoxypropionitrile (7:3, v/v)",TiO2 13 um thick,,-,-,-,0,0
728.0,11.93,0.63,5.47,"0.1 M lithium iodide, 0.6 M butylmethylimidazolium iodide (BMII), 0.05 M I2, and 0.5 M 4-tert-butylpyridine (4-TBP) in acetonitrile and 3-methoxypropionitrile (7:3, v/v)",TiO2 13 um thick,,-,5 mM CDCA,-,1,0
725.0,12.18,0.58,5.13,"0.1 M lithium iodide, 0.6 M butylmethylimidazolium iodide (BMII), 0.05 M I2, and 0.5 M 4-tert-butylpyridine (4-TBP) in acetonitrile and 3-methoxypropionitrile (7:3, v/v)",TiO2 13 um thick,,-,10 mM CDCA,-,1,0
735.0,11.58,0.66,5.62,"0.1 M lithium iodide, 0.6 M butylmethylimidazolium iodide (BMII), 0.05 M I2, and 0.5 M 4-tert-butylpyridine (4-TBP) in acetonitrile and 3-methoxypropionitrile (7:3, v/v)",TiO2 13 um thick,,-,5 mM CDCA,-,1,0
752.0,12.51,0.64,6.04,"0.1 M lithium iodide, 0.6 M butylmethylimidazolium iodide (BMII), 0.05 M I2, and 0.5 M 4-tert-butylpyridine (4-TBP) in acetonitrile and 3-methoxypropionitrile (7:3, v/v)",TiO2 13 um thick,,-,10 mM CDCA,-,1,0
719.0,12.53,0.6,5.4,"0.1 M lithium iodide, 0.6 M butylmethylimidazolium iodide (BMII), 0.05 M I2, and 0.5 M 4-tert-butylpyridine (4-TBP) in acetonitrile and 3-methoxypropionitrile (7:3, v/v)",TiO2 13 um thick,,-,5 mM CDCA,-,1,0
722.0,12.86,0.65,6.0,"0.1 M lithium iodide, 0.6 M butylmethylimidazolium iodide (BMII), 0.05 M I2, and 0.5 M 4-tert-butylpyridine (4-TBP) in acetonitrile and 3-methoxypropionitrile (7:3, v/v)",TiO2 13 um thick,,-,10 mM CDCA,-,1,0
646.0,13.4,0.7,6.1,"0.6 M 1-butyl-3-methylimidazolium iodide (BMII), 0.04 M I2, 0.025 M LiI, 0.05 guanidinium thiocyanate (GUNCS), 0.25 M 4-tert-butylpyridine (TBP) in valeronitrile:acetonitrile (15:85)",TiO2 film,0.159,78.8 nmol/cm2,-,-,0,0
616.0,9.3,0.73,4.2,"0.6 M 1-butyl-3-methylimidazolium iodide (BMII), 0.04 M I2, 0.025 M LiI, 0.05 guanidinium thiocyanate (GUNCS), 0.25 M 4-tert-butylpyridine (TBP) in valeronitrile:acetonitrile (15:85)",TiO2 film,0.159,48.6 nmol/cm2,-,-,0,0
610.0,7.4,0.64,2.89,"0.6 M 1-propyl-2,3 dimethylimidazolium iodide (DMPImI), 0.1 M LiI, 0.05 M iodine, and 0.5 M tetrabutylpyridine in acetonitrile",TiO2 12 um thick,0.4,-,10-30 mM DCA,-,1,0
530.0,5.1,0.52,1.41,"0.6 M 1-propyl-2,3 dimethylimidazolium iodide (DMPImI), 0.1 M LiI, 0.05 M iodine, and 0.5 M tetrabutylpyridine in acetonitrile",TiO2 12 um thick,0.4,250 nmol/cm2,-,-,0,0
660.0,9.2,0.72,4.37,"0.6 M 1-propyl-2,3 dimethylimidazolium iodide (DMPImI), 0.1 M LiI, 0.05 M iodine, and 0.5 M tetrabutylpyridine in acetonitrile",TiO2 12 um thick,0.4,-,10-30 mM DCA,-,1,0
610.0,6.9,0.56,2.36,"0.6 M 1-propyl-2,3 dimethylimidazolium iodide (DMPImI), 0.1 M LiI, 0.05 M iodine, and 0.5 M tetrabutylpyridine in acetonitrile",TiO2 12 um thick,0.4,289 nmol/cm2,-,-,0,0
740.0,12.08,0.67,6.01,"DHS-Z23, Heptachroma",TiO2 film (12 um transparent + 4 um scat­tering layer),0.16,-,5 mM CDCA,-,1,0
750.0,13.83,0.67,7.01,"DHS-Z23, Heptachroma",TiO2 film (12 um transparent + 4 um scat­tering layer),0.16,-,1 mM CDCA,-,1,0
741.0,14.34,0.676,7.2,"DHS-Z23, Heptachroma",TiO2 film (12 um transparent + 4 um scat­tering layer),0.16,-,,-,0,0
710.0,11.25,0.65,5.27,"DHS-Z23, Heptachroma",TiO2 film (12 um transparent + 4 um scat­tering layer),0.16,-,5 mM CDCA,-,1,0
730.0,13.2,0.66,6.41,"DHS-Z23, Heptachroma",TiO2 film (12 um transparent + 4 um scat­tering layer),0.16,-,1 mM CDCA,-,1,0
725.0,13.56,0.658,6.51,"DHS-Z23, Heptachroma",TiO2 film (12 um transparent + 4 um scat­tering layer),0.16,-,,-,0,0
680.0,9.26,0.66,4.22,"DHS-Z23, Heptachroma",TiO2 film (12 um transparent + 4 um scat­tering layer),0.16,-,5 mM CDCA,-,1,0
690.0,11.5,0.67,5.38,"DHS-Z23, Heptachroma",TiO2 film (12 um transparent + 4 um scat­tering layer),0.16,-,1 mM CDCA,-,1,0
680.0,11.79,0.65,5.3,"DHS-Z23, Heptachroma",TiO2 film (12 um transparent + 4 um scat­tering layer),0.16,-,,-,0,0
690.0,9.5,0.69,4.5,"DHS-Z23, Heptachroma",TiO2 film (12 um transparent + 4 um scat­tering layer),0.16,-,,-,0,0
580.0,5.55,0.7,2.24,"DHS-Z23, Heptachroma",TiO2 film (12 um transparent + 4 um scat­tering layer),0.16,-,1 mM CDCA,-,1,0
600.0,6.43,0.67,2.63,"DHS-Z23, Heptachroma",TiO2 film (12 um transparent + 4 um scat­tering layer),0.16,-,,-,0,0
710.0,13.4,0.67,6.34,"DHS-Z23, Heptachroma",TiO2 film (12 um transparent + 4 um scat­tering layer),0.16,-,1 mM CDCA,-,1,0
730.0,14.59,0.64,6.75,"DHS-Z23, Heptachroma",TiO2 film (12 um transparent + 4 um scat­tering layer),0.16,-,,-,0,0
630.0,9.12,0.717,4.12,"0.5 M LiI, 0.05 M I2, and 0.5 M 4-tert-butyl-pyridine (TBP) in 3-methoxy-propionitrile",TiO2 film (10-15 um transparent + 4-6 um scat­tering layer),0.196,-,-,-,0,0
660.0,14.79,0.667,6.51,"0.5 M LiI, 0.05 M I2, and 0.5 M 4-tert-butyl-pyridine (TBP) in 3-methoxy-propionitrile",TiO2 film (10-15 um transparent + 4-6 um scat­tering layer),0.196,-,-,-,0,0
700.0,14.25,0.705,7.03,"0.5 M LiI, 0.05 M I2, and 0.5 M 4-tert-butyl-pyridine (TBP) in 3-methoxy-propionitrile",TiO2 film (10-15 um transparent + 4-6 um scat­tering layer),0.196,-,-,-,0,0
690.0,6.85,0.63,3.0,"0.5 M LiI, 0.05 M I2, and 0.1 M 4-tert-butylpyridine in 1:1 acetonitrilepropylene carbonate",TiO2 film,,-,-,-,0,0
560.0,4.45,0.63,1.58,"0.5 M LiI, 0.05 M I2, and 0.1 M 4-tert-butylpyridine in 1:1 acetonitrilepropylene carbonate",TiO2 film,,-,-,-,0,0
690.0,11.3,0.66,5.12,"I2 (0.05 M), butylmethylimidazolium iodide (BMII, 0.6 M), lithium iodide (0.1 M), and 4-tert-butylpyridine (4-TBP, 0.5 M) in the mixed solvents of 3-methoxypropionitrile and acetonitrile (7:3, v/v)",TiO2 13 um thick,,194 nmol/cm2,-,-,0,0
722.0,13.42,0.66,6.42,"0.1 M lithium iodide, 0.6 M butylmethylimidazolium iodide (BMII), 0.05 M I2, and 0.5 M 4-tert-butylpyridine (4-TBP) in acetonitrile and 3-methoxypropionitrile (7:3, v/v)",TiO2 13 um thick,,-,-,-,0,0
708.0,13.68,0.63,6.1,"0.1 M lithium iodide, 0.6 M butylmethylimidazolium iodide (BMII), 0.05 M I2, and 0.5 M 4-tert-butylpyridine (4-TBP) in acetonitrile and 3-methoxypropionitrile (7:3, v/v)",TiO2 13 um thick,,-,-,-,0,0
727.0,12.91,0.64,6.01,"0.1 M lithium iodide, 0.6 M butylmethylimidazolium iodide (BMII), 0.05 M I2, and 0.5 M 4-tert-butylpyridine (4-TBP) in acetonitrile and 3-methoxypropionitrile (7:3, v/v)",TiO2 13 um thick,,-,5 mM CDCA,-,1,0
732.0,13.28,0.61,5.89,"0.1 M lithium iodide, 0.6 M butylmethylimidazolium iodide (BMII), 0.05 M I2, and 0.5 M 4-tert-butylpyridine (4-TBP) in acetonitrile and 3-methoxypropionitrile (7:3, v/v)",TiO2 13 um thick,,-,10 mM CDCA,-,1,0
709.0,13.91,0.68,6.73,"1.0 M 1,2-dimethyl-3-n-propylimidazolium iodide (DMPII), 0.1 M LiI, 0.12 M I2, and 0.5 M 4-tert-butylpyridine (TBP) in 3-methoxypropionitrile",TiO2 film 10 um thick,,-,-,-,0,0
498.0,1.92,0.63,0.61,0.05MI2/0.5MLiI/0.5M tert-butylpyridine in 3-methoxypropionitrile/acetonitrile,TiO2 film (14 um thick + 4.5 um scattering layer),0.16,-,-,-,0,0
739.4,16.02,0.63,7.42,"1.0 M 1,2-dimethyl-3-n-propylimidazolium iodide (DMPII), 0.1 M LiI, 0.12 M I2, and 0.5 M 4-tert-butylpyridine (TBP) in 3-methoxypropionitrile",TiO2 film 10 um thick,,-,-,-,0,0
749.4,15.02,0.61,6.91,"1.0 M 1,2-dimethyl-3-n-propylimidazolium iodide (DMPII), 0.1 M LiI, 0.12 M I2, and 0.5 M 4-tert-butylpyridine (TBP) in 3-methoxypropionitrile",TiO2 film 10 um thick,,-,-,-,0,0
719.2,17.83,0.64,8.24,"1.0 M 1,2-dimethyl-3-n-propylimidazolium iodide (DMPII), 0.1 M LiI, 0.12 M I2, and 0.5 M 4-tert-butylpyridine (TBP) in 3-methoxypropionitrile",TiO2 film 10 um thick,,-,-,-,0,0
729.2,15.89,0.62,7.2,"1.0 M 1,2-dimethyl-3-n-propylimidazolium iodide (DMPII), 0.1 M LiI, 0.12 M I2, and 0.5 M 4-tert-butylpyridine (TBP) in 3-methoxypropionitrile",TiO2 film 10 um thick,,-,-,-,0,0
749.5,13.16,0.639,6.31,"1.0 M 1,2-dimethyl-3-n-propylimidazolium iodide (DMPII), 0.1 M LiI, 0.12 M I2, and 0.5 M 4-tert-butylpyridine (TBP) in 3-methoxypropionitrile",20 nm nanocrystalline TiO2 film,0.25,-,-,-,0,0
749.5,14.52,0.638,6.94,"1.0 M 1,2-dimethyl-3-n-propylimidazolium iodide (DMPII), 0.1 M LiI, 0.12 M I2, and 0.5 M 4-tert-butylpyridine (TBP) in 3-methoxypropionitrile",200 nm spherical particles of TiO2 scattering layer coated on 20 nm nanocrystalline TiO2 film,0.25,-,-,-,0,0
739.4,15.94,0.624,7.35,"1.0 M 1,2-dimethyl-3-n-propylimidazolium iodide (DMPII), 0.1 M LiI, 0.12 M I2, and 0.5 M 4-tert-butylpyridine (TBP) in 3-methoxypropionitrile",400 nm mesoporous spherical TiO2 film scattering layer coated on 20 nm nanocrystalline TiO2 film,0.25,-,-,-,0,0
776.0,12.0,0.5627,5.24,"0.6 M 1,3-dimethylimidazolium iodide (DMII), 50 mM LiI, 30 mM I2, 0.5M tert-butylpyridine and 0.1 M guanidinium thiocyanate (GuNCS) in acetonitrile-valeronitrile (85:15)",TiO2 film 12 um thick,0.36,278 nmol/cm2,-,-,0,0
774.0,14.12,0.5827,6.37,"0.6 M 1,3-dimethylimidazolium iodide (DMII), 50 mM LiI, 30 mM I2, 0.5M tert-butylpyridine and 0.1 M guanidinium thiocyanate (GuNCS) in acetonitrile-valeronitrile (85:15)",TiO2 film 12 um thick,0.36,335 nmol/cm2,-,-,0,0
674.0,4.2,0.666,1.88,"0.6 M 1,3-dimethylimidazolium iodide (DMII), 50 mM LiI, 30 mM I2, 0.5M tert-butylpyridine and 0.1 M guanidinium thiocyanate (GuNCS) in acetonitrile-valeronitrile (85:15)",TiO2 film 12 um thick,0.36,140 nmol/cm2,-,-,0,0
776.0,12.42,0.71,6.8,"0.1 M lithium iodide, 0.6 M 1,2-dimethyl-3-propylimidazolium iodide (DMPII), 0.05 M I2, and 0.5 M 4-tertbutylpyridine (4-TBP) in acetonitrile (AN)",TiO2 film (14 um thick),0.28,-,-,-,0,0
773.0,12.06,0.69,6.39,"0.1 M lithium iodide, 0.6 M 1,2-dimethyl-3-propylimidazolium iodide (DMPII), 0.05 M I2, and 0.5 M 4-tertbutylpyridine (4-TBP) in acetonitrile (AN)",TiO2 film (14 um thick),0.28,-,-,-,0,0
794.0,11.78,0.69,6.46,"0.1 M lithium iodide, 0.6 M 1,2-dimethyl-3-propylimidazolium iodide (DMPII), 0.05 M I2, and 0.5 M 4-tertbutylpyridine (4-TBP) in acetonitrile (AN)",TiO2 film (14 um thick),0.28,-,-,-,0,0
792.0,12.82,0.73,7.41,"0.1 M lithium iodide, 0.6 M 1,2-dimethyl-3-propylimidazolium iodide (DMPII), 0.05 M I2, and 0.5 M 4-tertbutylpyridine (4-TBP) in acetonitrile (AN)",TiO2 film (14 um thick),0.28,-,10 mM CDCA,-,1,0
804.0,13.25,0.73,7.7,"0.1 M lithium iodide, 0.6 M 1,2-dimethyl-3-propylimidazolium iodide (DMPII), 0.05 M I2, and 0.5 M 4-tertbutylpyridine (4-TBP) in acetonitrile (AN)",TiO2 film (14 um thick),0.28,-,20 mM CDCA,-,1,0
813.0,12.3,0.72,7.23,"0.1 M lithium iodide, 0.6 M 1,2-dimethyl-3-propylimidazolium iodide (DMPII), 0.05 M I2, and 0.5 M 4-tertbutylpyridine (4-TBP) in acetonitrile (AN)",TiO2 film (14 um thick),0.28,-,30 mM DCA,-,1,0
680.0,10.99,0.74,5.51,"0.05 M iodine, and 0.5 M lithium iodide in acetonitrile/3-methoxypropionitrole (7:3, v/v)",TiO2 film,0.25,-,30 mM CDCA,-,1,0
672.0,10.27,0.69,4.78,iodide/triiodide,TiO2 film,0.16,370 nmol/cm2,-,-,0,0
710.0,9.48,0.67,4.52,iodide/triiodide,TiO2 film,0.16,439 nmol/cm2,-,-,0,0
726.0,10.46,0.64,4.88,iodide/triiodide,TiO2 film,0.16,344 nmol/cm2,-,-,0,0
583.0,6.5,0.73,2.75,"0.6 M 1,2-dimethyl-3-propylimidazolium iodide (DMPII), 0.025 M LiI, 0.04 M I2, 0.05 M guanidium thiocyanate (GuSCN), and 0.28 M 4-tertbutylpyridine (TBP) in dry acetonitrile",TiO2 film (12 um transparent + 4 um scat­tering layer),0.159,-,-,-,0,0
524.0,3.1,0.73,1.19,"0.6 M 1,2-dimethyl-3-propylimidazolium iodide (DMPII), 0.025 M LiI, 0.04 M I2, 0.05 M guanidium thiocyanate (GuSCN), and 0.28 M 4-tertbutylpyridine (TBP) in dry acetonitrile",TiO2 film (12 um transparent + 4 um scat­tering layer),0.159,-,-,-,0,0
526.0,3.4,0.72,1.29,"0.6 M 1,2-dimethyl-3-propylimidazolium iodide (DMPII), 0.025 M LiI, 0.04 M I2, 0.05 M guanidium thiocyanate (GuSCN), and 0.28 M 4-tertbutylpyridine (TBP) in dry acetonitrile",TiO2 film (12 um transparent + 4 um scat­tering layer),0.159,-,-,-,0,0
525.0,3.0,0.73,1.14,"0.6 M 1,2-dimethyl-3-propylimidazolium iodide (DMPII), 0.025 M LiI, 0.04 M I2, 0.05 M guanidium thiocyanate (GuSCN), and 0.28 M 4-tertbutylpyridine (TBP) in dry acetonitrile",TiO2 film (12 um transparent + 4 um scat­tering layer),0.159,-,-,-,0,0
590.0,7.8,0.71,3.27,"0.6 M 1,2-dimethyl-3-propylimidazolium iodide (DMPII), 0.025 M LiI, 0.04 M I2, 0.05 M guanidium thiocyanate (GuSCN), and 0.28 M 4-tertbutylpyridine (TBP) in dry acetonitrile",TiO2 film (12 um transparent + 4 um scat­tering layer),0.159,-,-,-,0,0
562.0,6.4,0.73,2.64,"0.6 mol/dm3 methylhexylimidazolium iodide, 0.05 mol/dm3 iodine, 0.1 mol/dm3 LiI and 0.5 mol/dm3 tert-butylpyridine in 3-methoxypropionitrile",TiO2 film 15 um thick,0.15,-,-,-,0,0
630.0,8.1,0.68,3.49,"0.6 M 1,2-dimethyl-3-propylimidazolium iodide (DMPII), 0.025 M LiI, 0.04 M I2, 0.05 M guanidium thiocyanate (GuSCN), and 0.28 M 4-tertbutylpyridine (TBP) in dry acetonitrile",TiO2 film (12 um transparent + 4 um scat­tering layer),0.159,-,-,-,0,0
704.0,8.1,0.68,3.86,"0.6 M 1,2-dimethyl-3-propylimidazolium iodide (DMPII), 0.025 M LiI, 0.04 M I2, 0.05 M guanidium thiocyanate (GuSCN), and 0.28 M 4-tertbutylpyridine (TBP) in dry acetonitrile",TiO2 film (12 um transparent + 4 um scat­tering layer),0.159,-,-,-,0,0
668.0,9.4,0.69,4.36,"0.6 M 1,2-dimethyl-3-propylimidazolium iodide (DMPII), 0.025 M LiI, 0.04 M I2, 0.05 M guanidium thiocyanate (GuSCN), and 0.28 M 4-tertbutylpyridine (TBP) in dry acetonitrile",TiO2 film (12 um transparent + 4 um scat­tering layer),0.159,-,-,-,0,0
760.0,9.7,0.72,5.33,"0.6 M 1,2-dimethyl-3-propylimidazolium iodide (DMPII), 0.025 M LiI, 0.04 M I2, 0.05 M guanidium thiocyanate (GuSCN), and 0.28 M 4-tertbutylpyridine (TBP) in dry acetonitrile",TiO2 film (12 um transparent + 4 um scat­tering layer),0.159,-,-,-,0,0
690.0,16.94,0.67,7.83,"0.5 mol/L LiI, 0.05 mol/L I2, and 0.5 mol/L 4-tert-butylpyridine(TBP) in 3-methoxypropionitrile",TiO2 film (10-15 um transparent + 4-6 um scat­tering layer),0.196,-,1 mM CDCA,-,1,0
660.0,16.29,0.71,7.62,"0.5 mol/L LiI, 0.05 mol/L I2, and 0.5 mol/L 4-tert-butylpyridine(TBP) in 3-methoxypropionitrile",TiO2 film (10-15 um transparent + 4-6 um scat­tering layer),0.196,-,1 mM CDCA,-,1,0
720.0,15.76,0.73,8.27,"0.5 mol/L LiI, 0.05 mol/L I2, and 0.5 mol/L 4-tert-butylpyridine(TBP) in 3-methoxypropionitrile",TiO2 film (10-15 um transparent + 4-6 um scat­tering layer),0.196,-,1 mM CDCA,-,1,0
602.0,4.7,0.71,2.0,"0.6 M 1,2-dimethyl-3-propylimidazolium iodide (DMPII), 0.025 M LiI, 0.04 M I2, 0.05 M guanidium thiocyanate (GuSCN), and 0.28 M 4-tertbutylpyridine (TBP) in dry acetonitrile",TiO2 film (12 um transparent + 4 um scat­tering layer),0.159,400 nmol/cm2,-,-,0,0
664.0,4.8,0.72,2.3,"0.6 M 1,2-dimethyl-3-propylimidazolium iodide (DMPII), 0.025 M LiI, 0.04 M I2, 0.05 M guanidium thiocyanate (GuSCN), and 0.28 M 4-tertbutylpyridine (TBP) in dry acetonitrile",TiO2 film (12 um transparent + 4 um scat­tering layer),0.159,230 nmol/cm2,-,-,0,0
720.0,13.5,0.69,6.71,"0.6 M 3-propyl-1,2-dimethyl imidazolium iodide, 0.05 M iodine, 0.1 M LiI and 0.5 M 4-tert-butylpyridine in acetonitrile",TiO2 film (6 um transparent + 4 um scat­tering layer),,-,-,-,0,0
760.0,11.11,0.71,6.0,"0.6 M 3-propyl-1,2-dimethyl imidazolium iodide, 0.05 M iodine, 0.1 M LiI and 0.5 M 4-tert-butylpyridine in acetonitrile",TiO2 film (6 um transparent + 4 um scat­tering layer),,-,-,-,0,0
790.0,6.64,0.59,3.06,"0.6 M tetrabutylammonium iodide (TBAI), 0.1 M lithium iodide (LiI), 0.05 M iodine (I2), and 0.5 M 4-tert-butylpyridine (TBP) dissolved in acetonitrile",TiO2 film,0.16,-,-,-,0,0
700.0,4.62,0.62,2.0,"0.6 M tetrabutylammonium iodide (TBAI), 0.1 M lithium iodide (LiI), 0.05 M iodine (I2), and 0.5 M 4-tert-butylpyridine (TBP) dissolved in acetonitrile",TiO2 film,0.16,-,-,-,0,0
579.0,5.6,0.62,2.0,"0.6 M 1,2-dimethyl-3-propylimidazolium iodide (DMPII), 0.025 M LiI, 0.04 M I2, 0.05 M guanidium thiocyanate (GuSCN), and 0.28 M 4-tertbutylpyridine (TBP) in dry acetonitrile",TiO2 film (12 um transparent + 4 um scat­tering layer),0.159,-,-,-,0,0
663.0,8.2,0.67,3.61,"0.6 M 1,2-dimethyl-3-propylimidazolium iodide (DMPII), 0.025 M LiI, 0.04 M I2, 0.05 M guanidium thiocyanate (GuSCN), and 0.28 M 4-tertbutylpyridine (TBP) in dry acetonitrile",TiO2 film (12 um transparent + 4 um scat­tering layer),0.159,-,-,-,0,0
709.0,9.1,0.66,4.23,"0.6 M 1,2-dimethyl-3-propylimidazolium iodide (DMPII), 0.025 M LiI, 0.04 M I2, 0.05 M guanidium thiocyanate (GuSCN), and 0.28 M 4-tertbutylpyridine (TBP) in dry acetonitrile",TiO2 film (12 um transparent + 4 um scat­tering layer),0.159,-,-,-,0,0
720.0,9.4,0.68,4.59,"0.6 M 1,2-dimethyl-3-propylimidazolium iodide (DMPII), 0.025 M LiI, 0.04 M I2, 0.05 M guanidium thiocyanate (GuSCN), and 0.28 M 4-tertbutylpyridine (TBP) in dry acetonitrile",TiO2 film (12 um transparent + 4 um scat­tering layer),0.159,-,-,-,0,0
570.0,7.3,0.65,2.76,"0.6 M 1,2-dimethyl-3-propylimidazolium iodide (DMPII), 0.025 M LiI, 0.04 M I2, 0.05 M guanidium thiocyanate (GuSCN), and 0.28 M 4-tertbutylpyridine (TBP) in dry acetonitrile",TiO2 film (12 um transparent + 4 um scat­tering layer),0.159,-,-,-,0,0
601.0,7.84,0.73,3.4,"0.6 mol/dm3 methylhexylimidazolium iodide, 0.05 mol/dm3 iodine, 0.1 mol/dm3 LiI and 0.5 mol/dm3 tert-butylpyridine in 3-methoxypropionitrile",TiO2 film 15 um thick,0.15,-,-,-,0,0
600.0,8.79,0.76,4.02,"0.6 mol/dm3 methylhexylimidazolium iodide, 0.05 mol/dm3 iodine, 0.1 mol/dm3 LiI and 0.5 mol/dm3 tert-butylpyridine in 3-methoxypropionitrile",TiO2 film 15 um thick,0.15,-,-,-,0,0
678.0,7.5,0.75,3.77,"0.6 mol/dm3 methylhexylimidazolium iodide, 0.05 mol/dm3 iodine, 0.1 mol/dm3 LiI and 0.5 mol/dm3 tert-butylpyridine in 3-methoxypropionitrile",TiO2 film 15 um thick,0.15,-,-,-,0,0
669.0,9.88,0.74,4.88,"0.6 mol/dm3 methylhexylimidazolium iodide, 0.05 mol/dm3 iodine, 0.1 mol/dm3 LiI and 0.5 mol/dm3 tert-butylpyridine in 3-methoxypropionitrile",TiO2 film 15 um thick,0.15,-,-,-,0,0
610.0,8.66,0.76,4.01,"0.6 mol/dm3 methylhexylimidazolium iodide, 0.05 mol/dm3 iodine, 0.1 mol/dm3 LiI and 0.5 mol/dm3 tert-butylpyridine in 3-methoxypropionitrile",TiO2 film 15 um thick,0.15,-,-,-,0,0
770.0,8.59,0.75,4.93,"0.06 M LiI, 0.03 M I2, 0.1 M guanidinium thiocyanate, 0.6 M 1-propyl-3-methylimidazolium iodide (PMII), and 0.5 M tert-butyl-pyridine in acetonitrile",TiO2 film 12 um thick,0.16,-,-,-,0,0
700.0,6.42,0.74,3.33,"0.06 M LiI, 0.03 M I2, 0.1 M guanidinium thiocyanate, 0.6 M 1-propyl-3-methylimidazolium iodide (PMII), and 0.5 M tert-butyl-pyridine in acetonitrile",TiO2 film 12 um thick,0.16,-,-,-,0,0
720.0,4.67,0.72,2.43,"0.06 M LiI, 0.03 M I2, 0.1 M guanidinium thiocyanate, 0.6 M 1-propyl-3-methylimidazolium iodide (PMII), and 0.5 M tert-butyl-pyridine in acetonitrile",TiO2 film 12 um thick,0.16,-,-,-,0,0
620.0,3.78,0.63,1.49,"0.06 M LiI, 0.03 M I2, 0.1 M guanidinium thiocyanate, 0.6 M 1-propyl-3-methylimidazolium iodide (PMII), and 0.5 M tert-butyl-pyridine in acetonitrile",TiO2 film 12 um thick,0.16,-,-,-,0,0
559.0,9.89,0.64,3.52,"0.05 M I2, 0.5 M LiI in a mixture of acetonitrile and methoxypropionitrile (7:3, v/v)",TiO2 film 10 um thick + 4 um scattering layer),0.25,-,-,-,0,0
559.0,9.89,0.64,3.52,"0.05 M I2 and 0.5 M LiI in acetonitrile/3-methoxypropionitrile (7:3, v/v)",TiO2 film,,-,-,-,0,0
513.0,12.24,0.62,3.92,"0.05 M I2, 0.5 M LiI in a mixture of acetonitrile and methoxypropionitrile (7:3, v/v)",TiO2 film 10 um thick + 4 um scattering layer),0.25,-,-,-,0,0
596.0,8.72,0.64,3.33,"0.05 M I2, 0.5 M LiI in a mixture of acetonitrile and methoxypropionitrile (7:3, v/v)",TiO2 film 10 um thick + 4 um scattering layer),0.25,-,-,-,0,0
540.0,13.66,0.59,4.36,"0.05 M I2, 0.5 M LiI in a mixture of acetonitrile and methoxypropionitrile (7:3, v/v)",TiO2 film 10 um thick + 4 um scattering layer),0.25,-,-,-,0,0
536.0,13.27,0.62,4.41,"0.05 M I2, 0.5 M LiI in a mixture of acetonitrile and methoxypropionitrile (7:3, v/v)",TiO2 film 10 um thick + 4 um scattering layer),0.25,-,-,-,0,0
574.0,15.5,0.6,5.35,"0.05 M I2, 0.5 M LiI in a mixture of acetonitrile and methoxypropionitrile (7:3, v/v)",TiO2 film 10 um thick + 4 um scattering layer),0.25,-,-,-,0,0
633.0,14.45,0.59,5.41,"0.05 M I2, 0.5 M LiI in a mixture of acetonitrile and methoxypropionitrile (7:3, v/v)",TiO2 film 10 um thick + 4 um scattering layer),0.25,-,10 mM CDCA,-,1,0
644.0,14.77,0.63,5.98,"0.05 M I2, 0.5 M LiI in a mixture of acetonitrile and methoxypropionitrile (7:3, v/v)",TiO2 film 10 um thick + 4 um scattering layer),0.25,-,20 mM CDCA,-,1,0
647.0,13.61,0.62,5.48,"0.05 M I2, 0.5 M LiI in a mixture of acetonitrile and methoxypropionitrile (7:3, v/v)",TiO2 film 10 um thick + 4 um scattering layer),0.25,-,30 mM DCA,-,1,0
680.0,7.78,0.66,3.5,iodide/triiodide,TiO2 film,,-,-,-,0,0
670.0,4.35,0.62,1.8,iodide/triiodide,TiO2 film,,-,-,-,0,0
648.0,9.58,0.71,4.41,"0.3 M HMII, 0.5 M LiI, 0.05 M I2 and 0.5 M TBP in MPN",TiO2 film (12 um transparent + 4 um scat­tering layer),0.2,-,10 mM CDCA,-,1,0
520.0,5.83,0.72,2.18,"0.5 MLiI, 0.05 M I2, and 0.5 M 4-tert-butylpyridine (TBP) in 3-methoxypropionitrile",TiO2 film,0.196,-,-,-,0,0
590.0,3.71,0.67,1.48,"0.5 MLiI, 0.05 M I2, and 0.5 M 4-tert-butylpyridine (TBP) in 3-methoxypropionitrile",TiO2 film,0.196,-,CDCA,-,1,0
700.0,13.26,0.73,6.8,"0.5 MLiI, 0.05 M I2, and 0.5 M 4-tert-butylpyridine (TBP) in 3-methoxypropionitrile",TiO2 film,0.196,-,-,-,0,0
760.0,12.57,0.74,7.04,"0.5 MLiI, 0.05 M I2, and 0.5 M 4-tert-butylpyridine (TBP) in 3-methoxypropionitrile",TiO2 film,0.196,-,CDCA,-,1,0
710.0,8.6,0.67,4.1,"0.25 M [Co(II)(bpy)3]-(PF6)2, 0.05 M [Co(III)(bpy)3](PF6)3, 0.5 M TBP and 0.1 M LiTFSI in acetonitrile",TiO2 3 um thick,0.2,56 nmol/cm2,-,-,0,0
800.0,11.6,0.71,6.6,"0.25 M [Co(II)(bpy)3]-(PF6)2, 0.05 M [Co(III)(bpy)3](PF6)3, 0.5 M TBP and 0.1 M LiTFSI in acetonitrile",TiO2 3 um thick,0.2,51 nmol/cm2,-,-,0,0
823.0,12.1,0.72,7.2,"0.25 M [Co(II)(bpy)3]-(PF6)2, 0.05 M [Co(III)(bpy)3](PF6)3, 0.5 M TBP and 0.1 M LiTFSI in acetonitrile",TiO2 3 um thick,0.2,66 nmol/cm2,-,-,0,0
505.0,5.3,0.65,1.7,"0.6 M 1,2-dimethyl-3-n-propylimidazolium iodide (DMPImI), 0.1 M LiTFSI, 0.05 M I2 and 0.5 M TBP in acetonitrile",TiO2 9 um thick,0.2,-,-,-,0,0
613.0,8.5,0.67,3.5,"0.6 M 1,2-dimethyl-3-n-propylimidazolium iodide (DMPImI), 0.1 M LiTFSI, 0.05 M I2 and 0.5 M TBP in acetonitrile",TiO2 9 um thick,0.2,-,-,-,0,0
655.0,11.6,0.68,5.2,"0.6 M 1,2-dimethyl-3-n-propylimidazolium iodide (DMPImI), 0.1 M LiTFSI, 0.05 M I2 and 0.5 M TBP in acetonitrile",TiO2 9 um thick,0.2,-,-,-,0,0
540.0,4.73,0.71,1.81,"0.5 M LiI, 0.05 M I2, and 0.5 M 4-tert-butylpyridine (TBP) in 3-methoxypropionitrile",TiO2 film (14 um transparent + 5 um scat­tering layer),,1.04 nmol/cm2,-,-,0,0
540.0,3.13,0.73,1.25,"0.5 M LiI, 0.05 M I2, and 0.5 M 4-tert-butylpyridine (TBP) in 3-methoxypropionitrile",TiO2 film (14 um transparent + 5 um scat­tering layer),,28.3 nmol/cm2,-,-,0,0
610.0,8.1,0.7,3.45,"0.6 M 1,2-dimethyl-3-n-propylimidazolium iodide (DMPImI), 0.1 M LiI, 0.05 M I2, and 0.5 M tertbutylpyridine (TBP) in acetonitrile",TiO2 10 um thick,0.18,38.7 nmol/cm2,-,-,0,0
757.0,11.1,0.67,5.63,"0.6 M 1,2-dimethyl-3-n-propylimidazolium iodide (DMPImI), 0.1 M LiI, 0.05 M I2, and 0.5 M tertbutylpyridine (TBP) in acetonitrile",TiO2 10 um thick,0.18,35.1 nmol/cm2,-,-,0,0
750.0,10.6,0.66,5.25,"0.6 M 1,2-dimethyl-3-n-propylimidazolium iodide (DMPImI), 0.1 M LiI, 0.05 M I2, and 0.5 M tertbutylpyridine (TBP) in acetonitrile",TiO2 10 um thick,0.18,41 nmol/cm2,-,-,0,0
644.0,6.9,0.68,3.02,"0.6 M 1,2-dimethyl-3-n-propylimidazolium iodide (DMPImI), 0.1 M LiI, 0.05 M I2, and 0.5 M tertbutylpyridine (TBP) in acetonitrile",TiO2 10 um thick,0.18,48 nmol/cm2,-,-,0,0
637.0,10.4,0.71,4.7,"0.6 M 1,2-dimethyl-3-n-propylimidazolium iodide (DMPImI), 0.1 M LiI, 0.05 M I2, and 0.5 M tertbutylpyridine (TBP) in acetonitrile",TiO2 10 um thick,0.18,54.1 nmol/cm2,-,-,0,0
740.0,6.1,0.63,2.84,"0.25 M [Co(II)(phen)3](PF6)2, 0.05 M [Co(III)(phen)3](PF6)3, 0.5 M 4-tertpyridine (TBP) and 0.1 M LiTFSI in acetonitrile",TiO2 5 um thick,0.18,-,-,-,0,0
860.0,10.8,0.66,6.13,"0.25 M [Co(II)(phen)3](PF6)2, 0.05 M [Co(III)(phen)3](PF6)3, 0.5 M 4-tertpyridine (TBP) and 0.1 M LiTFSI in acetonitrile",TiO2 5 um thick,0.18,-,-,-,0,0
820.0,9.7,0.61,4.85,"0.25 M [Co(II)(phen)3](PF6)2, 0.05 M [Co(III)(phen)3](PF6)3, 0.5 M 4-tertpyridine (TBP) and 0.1 M LiTFSI in acetonitrile",TiO2 5 um thick,0.18,-,-,-,0,0
700.0,5.2,0.63,2.29,"0.25 M [Co(II)(phen)3](PF6)2, 0.05 M [Co(III)(phen)3](PF6)3, 0.5 M 4-tertpyridine (TBP) and 0.1 M LiTFSI in acetonitrile",TiO2 5 um thick,0.18,-,-,-,0,0
710.0,8.5,0.7,4.22,"0.25 M [Co(II)(phen)3](PF6)2, 0.05 M [Co(III)(phen)3](PF6)3, 0.5 M 4-tertpyridine (TBP) and 0.1 M LiTFSI in acetonitrile",TiO2 5 um thick,0.18,-,-,-,0,0
467.0,8.56,0.71,2.86,"0.6M 1, 2-Dimethyl-3-propylimidazolium iodide (DMPII), 0.1 M LiI and 0.1 M I2 in acetonitrile or 0.6 M DMPII, 0.1 M LiI, 0.1 M I2 and 0.5 M TBP in acetonitrile",TiO2 10 um thick,0.25,-,-,-,0,0
411.0,11.21,0.68,3.15,"0.6M 1, 2-Dimethyl-3-propylimidazolium iodide (DMPII), 0.1 M LiI and 0.1 M I2 in acetonitrile or 0.6 M DMPII, 0.1 M LiI, 0.1 M I2 and 0.5 M TBP in acetonitrile",TiO2 10 um thick,0.25,-,-,-,0,0
534.0,13.16,0.66,4.64,"0.6M 1, 2-Dimethyl-3-propylimidazolium iodide (DMPII), 0.1 M LiI and 0.1 M I2 in acetonitrile or 0.6 M DMPII, 0.1 M LiI, 0.1 M I2 and 0.5 M TBP in acetonitrile",TiO2 10 um thick,0.25,-,-,-,0,0
520.0,12.94,0.67,4.59,"0.6 M 1, 2-dimethyl-3-propylimidazolium iodide (DMPII), 0.1 M LiI, and 0.1 M I2 in acetonitrile",TiO2 10 um thick,0.25,-,-,-,0,0
550.0,15.03,0.63,5.3,"0.6 M 1, 2-dimethyl-3-propylimidazolium iodide (DMPII), 0.1 M LiI, and 0.1 M I2 in acetonitrile",TiO2 10 um thick,0.25,-,-,-,0,0
688.2,14.16,0.716,7.0,"DMII/EMII/EMITCB/I2/NBB/GNCS (molar ratio, 12/12/16/1.67/3.33/0.67), where the iodide and triiodide concentrations are 3.182 and 0.238 M",TiO2 film (7 um thick + 5 um scattering layer),0.158,-,2 mM CDCA,-,1,0
650.0,7.08,0.7,3.21,"0.5 M lithium iodide (LiI), 0.05 M iodine (I2), and 0.5 M 4-tert-butylpyridine (TBP) in acetonitrile",TiO2 film (12 um thick),0.25,-,-,-,0,0
660.0,13.39,0.6,5.33,"0.5 M LiI, 0.05 M I2, and 0.5 M 4-tert-butylpyridine (TBP) in 3-methoxypropionitrile",TiO2 film (14 um transparent + 5 um scat­tering layer),,67.6 nmol/cm2,-,-,0,0
410.0,9.37,0.68,2.61,"0.6 M 1, 2-dimethyl-3-propylimidazolium iodide (DMPII), 0.1 M LiI, and 0.1 M I2 in acetonitrile",TiO2 10 um thick,0.25,-,-,-,0,0
661.0,11.74,0.764,5.93,DMII/EMII/EMITCB/I2/NBB/GNCS (molar ratio: 12/12/16/1.67/3.33/0.67),TiO2 film (7 um transparent + 5 um scat­tering layer),0.158,-,2 mM DCA,-,1,0
664.0,13.38,0.736,6.54,DMII/EMII/EMITCB/I2/NBB/GNCS (molar ratio: 12/12/16/1.67/3.33/0.67),TiO2 film (7 um transparent + 5 um scat­tering layer),0.158,-,2 mM DCA,-,1,0
673.0,13.56,0.745,6.8,DMII/EMII/EMITCB/I2/NBB/GNCS (molar ratio: 12/12/16/1.67/3.33/0.67),TiO2 film (7 um transparent + 5 um scat­tering layer),0.158,-,2 mM DCA,-,1,0
693.0,14.49,0.702,7.05,DMII/EMII/EMITCB/I2/NBB/GNCS (molar ratio: 12/12/16/1.67/3.33/0.67),TiO2 film (7 um transparent + 5 um scat­tering layer),0.158,-,2 mM DCA,-,1,0
689.0,2.19,0.64,0.97,"spiro-OMeTAD (0.2 M) containing tert-butylpyridine (TBP, 0.1 M) and Li(CF3SO2)2N (0.2 M)",TiO2 1.5 um thick,0.36,-,-,-,0,0
615.0,2.78,0.69,1.18,"0.3 M 1, 2-dimethyl-3-n-propylimidazolium iodide (DMPII), 0.25 M LiI, 0.01 M I2, 0.05 M tetrabutyl ammonium iodide (TBAI), 0.1 M 4-tertbutyl pyridine in acetonitrile/valeronitrile (AN/VN:85/15,v/v)",TiO2 film (10 um thick + 4 um scattering layer),0.1256,-,-,-,0,0
662.0,4.1,0.695,1.89,"0.3 M 1, 2-dimethyl-3-n-propylimidazolium iodide (DMPII), 0.25 M LiI, 0.01 M I2, 0.05 M tetrabutyl ammonium iodide (TBAI), 0.1 M 4-tertbutyl pyridine in acetonitrile/valeronitrile (AN/VN:85/15,v/v)",TiO2 film (10 um thick + 4 um scattering layer),0.1256,-,0.5 equiv CDCA,-,1,0
541.0,5.45,0.67,1.99,0.05MI2/0.5MLiI/0.5M tert-butylpyridine in 3-methoxypropionitrile/acetonitrile,TiO2 film (14 um thick + 4.5 um scattering layer),0.16,-,-,-,0,0
586.0,3.19,0.691,1.29,"0.3 M 1, 2-dimethyl-3-n-propylimidazolium iodide (DMPII), 0.25 M LiI, 0.01 M I2, 0.05 M tetrabutyl ammonium iodide (TBAI), 0.1 M 4-tertbutyl pyridine in acetonitrile/valeronitrile (AN/VN:85/15,v/v)",TiO2 film (10 um thick + 4 um scattering layer),0.1256,-,1 equiv CDCA,-,1,0
580.0,3.99,0.684,1.58,"0.3 M 1, 2-dimethyl-3-n-propylimidazolium iodide (DMPII), 0.25 M LiI, 0.01 M I2, 0.05 M tetrabutyl ammonium iodide (TBAI), 0.1 M 4-tertbutyl pyridine in acetonitrile/valeronitrile (AN/VN:85/15,v/v)",TiO2 film (10 um thick + 4 um scattering layer),0.1256,-,-,-,0,0
612.0,5.51,0.6674,2.25,"0.3 M 1, 2-dimethyl-3-n-propylimidazolium iodide (DMPII), 0.25 M LiI, 0.01 M I2, 0.05 M tetrabutyl ammonium iodide (TBAI), 0.1 M 4-tertbutyl pyridine in acetonitrile/valeronitrile (AN/VN:85/15,v/v)",TiO2 film (10 um thick + 4 um scattering layer),0.1256,-,0.5 equiv CDCA,-,1,0
610.0,4.86,0.673,1.99,"0.3 M 1, 2-dimethyl-3-n-propylimidazolium iodide (DMPII), 0.25 M LiI, 0.01 M I2, 0.05 M tetrabutyl ammonium iodide (TBAI), 0.1 M 4-tertbutyl pyridine in acetonitrile/valeronitrile (AN/VN:85/15,v/v)",TiO2 film (10 um thick + 4 um scattering layer),0.1256,-,1 equiv CDCA,-,1,0
900.0,9.5,0.7,5.99,"0.25 M tris(1,10-phenanthroline)cobalt(II) di[bis-(trifluoromethanesulfonyl)imide], 0.05 M tris(1,10-phenanthroline)-cobalt(III) tris[bis(trifluoromethanesulfonyl)imide], 0.5 M TBP, and 0.1 M LiTFSI in MeCN",TiO2 film (10 um thick),0.2,-,-,-,0,0
751.0,11.1,0.69,5.75,"0.25 M 1,2-dimethyl-3-n-propylimidazolium iodide (DMPImI), 0.1 M LiTFSI, 0.05 M I2, and 0.5 M TBP in acetonitrile",TiO2 film (10 um thick),0.2,-,-,-,0,0
540.0,5.7,0.78,2.41,"0.6MDMPII, 0.5MLiI, 0.05M I2, 0.5 M TBP in an acetonitrile solution",TiO2 film (13 um thick),,151 nmol/cm2,40 mM DCA,-,1,0
690.0,8.92,0.77,4.78,"0.6MDMPII, 0.5MLiI, 0.05M I2, 0.5 M TBP in an acetonitrile solution",TiO2 film (13 um thick),,124 nmol/cm2,1 mM HC-A1 (hole conductor),-,1,0
670.0,13.8,0.72,6.67,"0.6MDMPII, 0.5MLiI, 0.05M I2, 0.5 M TBP in an acetonitrile solution",TiO2 film (13 um thick),,192 nmol/cm2,40 mM DCA,-,1,0
580.0,10.6,0.579,3.54,"0.6 M 1-propyl-2,3-dimethylimidazolium iodide (DMPII), 0.1 M lithium iodide, 0.05 M iodine, and 0.5 M 4-tert-butylpyridine (TBP) in 3-methoxypropionitrile (MPN)",TiO2 film (7 um thick),0.25,-,-,-,0,0
610.0,12.7,0.598,4.63,"0.6 M 1-propyl-2,3-dimethylimidazolium iodide (DMPII), 0.1 M lithium iodide, 0.05 M iodine, and 0.5 M 4-tert-butylpyridine (TBP) in 3-methoxypropionitrile (MPN)",TiO2 film (7 um thick),0.25,-,-,-,0,0
590.0,5.06,0.561,1.67,"0.6 M 1-propyl-2,3-dimethylimidazolium iodide (DMPII), 0.1 M lithium iodide, 0.05 M iodine, and 0.5 M 4-tert-butylpyridine (TBP) in 3-methoxypropionitrile (MPN)",TiO2 film (7 um thick),0.25,-,-,-,0,0
562.0,13.2,0.58,4.28,"0.6M 1-propyl-2,3-dimethylimidazolium iodide (DMPII), 0.1M lithium iodide, 0.05M iodine, and 0.5M 4-tert-butylpyridine (TBP) in 3-methoxypropionitrile (MPN)",TiO2 film (6 um thick),0.25,-,-,-,0,0
709.0,10.58,0.76,5.67,"0.8 M 1-methyl-3-propyl imidazolium iodide (PMII), 0.1 M lithium iodide (LiI), 0.05 M iodine (I2), and 0.5 M 4-tert-butylpyridine dissolved in acetonitrile",TiO2 film (12 um transparent + 6 um scat­tering layer),0.25,-,-,-,0,0
732.0,12.12,0.76,6.83,"0.8 M 1-methyl-3-propyl imidazolium iodide (PMII), 0.1 M lithium iodide (LiI), 0.05 M iodine (I2), and 0.5 M 4-tert-butylpyridine dissolved in acetonitrile",TiO2 film (12 um transparent + 6 um scat­tering layer),0.25,-,-,-,0,0
739.0,16.39,0.67,8.14,"0.8 M 1-methyl-3-propyl imidazolium iodide (PMII), 0.1 M lithium iodide (LiI), 0.05 M iodine (I2), and 0.5 M 4-tert-butylpyridine dissolved in acetonitrile",TiO2 film (12 um transparent + 6 um scat­tering layer),0.25,-,-,-,0,0
728.0,11.19,0.76,6.18,"0.8 M 1-methyl-3-propyl imidazolium iodide (PMII), 0.1 M lithium iodide (LiI), 0.05 M iodine (I2), and 0.5 M 4-tert-butylpyridine dissolved in acetonitrile",TiO2 film (12 um transparent + 6 um scat­tering layer),0.25,-,5 mM CDCA,-,1,0
733.0,13.79,0.75,7.54,"0.8 M 1-methyl-3-propyl imidazolium iodide (PMII), 0.1 M lithium iodide (LiI), 0.05 M iodine (I2), and 0.5 M 4-tert-butylpyridine dissolved in acetonitrile",TiO2 film (12 um transparent + 6 um scat­tering layer),0.25,-,5 mM CDCA,-,1,0
741.0,16.8,0.67,8.4,"0.8 M 1-methyl-3-propyl imidazolium iodide (PMII), 0.1 M lithium iodide (LiI), 0.05 M iodine (I2), and 0.5 M 4-tert-butylpyridine dissolved in acetonitrile",TiO2 film (12 um transparent + 6 um scat­tering layer),0.25,-,5 mM CDCA,-,1,0
715.0,9.76,0.75,5.22,"0.8 M 1-methyl-3-propyl imidazolium iodide (PMII), 0.1 M lithium iodide (LiI), 0.05 M iodine (I2), and 0.5 M 4-tert-butylpyridine dissolved in acetonitrile",TiO2 film (12 um transparent + 6 um scat­tering layer),0.25,-,1 mM CDCA,-,1,0
762.0,9.18,0.77,5.41,"0.8 M 1-methyl-3-propyl imidazolium iodide (PMII), 0.1 M lithium iodide (LiI), 0.05 M iodine (I2), and 0.5 M 4-tert-butylpyridine dissolved in acetonitrile",TiO2 film (12 um transparent + 6 um scat­tering layer),0.25,-,10 mM CDCA,-,1,0
733.0,12.68,0.74,6.85,"0.8 M 1-methyl-3-propyl imidazolium iodide (PMII), 0.1 M lithium iodide (LiI), 0.05 M iodine (I2), and 0.5 M 4-tert-butylpyridine dissolved in acetonitrile",TiO2 film (12 um transparent + 6 um scat­tering layer),0.25,-,1 mM CDCA,-,1,0
738.0,12.98,0.75,7.21,"0.8 M 1-methyl-3-propyl imidazolium iodide (PMII), 0.1 M lithium iodide (LiI), 0.05 M iodine (I2), and 0.5 M 4-tert-butylpyridine dissolved in acetonitrile",TiO2 film (12 um transparent + 6 um scat­tering layer),0.25,-,10 mM CDCA,-,1,0
712.0,3.48,0.57,1.66,0.05 M I2/0.1 M LiI/0.5 M 4-tert-butylpyridine in 2-methoxypropionitrile solution,TiO2 film,1.0,195 nmol/cm2,-,-,0,0
743.0,16.76,0.68,8.48,"0.8 M 1-methyl-3-propyl imidazolium iodide (PMII), 0.1 M lithium iodide (LiI), 0.05 M iodine (I2), and 0.5 M 4-tert-butylpyridine dissolved in acetonitrile",TiO2 film (12 um transparent + 6 um scat­tering layer),0.25,-,1 mM CDCA,-,1,0
745.0,15.63,0.68,7.96,"0.8 M 1-methyl-3-propyl imidazolium iodide (PMII), 0.1 M lithium iodide (LiI), 0.05 M iodine (I2), and 0.5 M 4-tert-butylpyridine dissolved in acetonitrile",TiO2 film (12 um transparent + 6 um scat­tering layer),0.25,-,10 mM CDCA,-,1,0
695.0,13.95,0.65,6.34,"0.1 M lithium iodide, 0.6 M dimethylpropylimidazolium iodide (DMPII), 0.05 M I2, 0.1 M LiI and 0.5 M 4-tert-butylpyridine (4-TBP) in acetonitrile",TiO2 film (12 um transparent + 4 um scat­tering layer),,-,-,-,0,0
722.0,12.95,0.69,6.44,"0.1 M lithium iodide, 0.6 M dimethylpropylimidazolium iodide (DMPII), 0.05 M I2, 0.1 M LiI and 0.5 M 4-tert-butylpyridine (4-TBP) in acetonitrile",TiO2 film (12 um transparent + 4 um scat­tering layer),,-,-,-,0,0
698.0,10.68,0.69,5.15,"0.1 M lithium iodide, 0.6 M dimethylpropylimidazolium iodide (DMPII), 0.05 M I2, 0.1 M LiI and 0.5 M 4-tert-butylpyridine (4-TBP) in acetonitrile",TiO2 film (12 um transparent + 4 um scat­tering layer),,-,-,-,0,0
670.0,11.9,0.741,5.9,"0.04 M I 2 , 0.06 M LiI, 0.4 M 4-tert-butylpyridine (4-TBP), and 0.6 M 3-propyl-1,2-dimethylimidazolium iodide (DMPII) in MeCN",TiO2 thin film (12 um thick with 4 um scattering layer),0.159,20 nmol/cm2,-,-,0,0
686.0,12.5,0.731,6.2,"0.04 M I 2 , 0.06 M LiI, 0.4 M 4-tert-butylpyridine (4-TBP), and 0.6 M 3-propyl-1,2-dimethylimidazolium iodide (DMPII) in MeCN",TiO2 thin film (12 um thick with 4 um scattering layer),0.159,-,1 mM CDCA,-,1,0
690.0,12.3,0.738,6.3,"0.04 M I 2 , 0.06 M LiI, 0.4 M 4-tert-butylpyridine (4-TBP), and 0.6 M 3-propyl-1,2-dimethylimidazolium iodide (DMPII) in MeCN",TiO2 thin film (12 um thick with 4 um scattering layer),0.159,-,2 mM CDCA,-,1,0
697.0,11.3,0.742,5.8,"0.04 M I 2 , 0.06 M LiI, 0.4 M 4-tert-butylpyridine (4-TBP), and 0.6 M 3-propyl-1,2-dimethylimidazolium iodide (DMPII) in MeCN",TiO2 thin film (12 um thick with 4 um scattering layer),0.159,-,saturated CDCA,-,1,0
614.0,5.9,0.726,2.6,"0.04 M I 2 , 0.06 M LiI, 0.4 M 4-tert-butylpyridine (4-TBP), and 0.6 M 3-propyl-1,2-dimethylimidazolium iodide (DMPII) in MeCN",TiO2 thin film (12 um thick with 4 um scattering layer),0.159,31 nmol/cm2,-,-,0,0
642.0,7.4,0.731,3.4,"0.04 M I 2 , 0.06 M LiI, 0.4 M 4-tert-butylpyridine (4-TBP), and 0.6 M 3-propyl-1,2-dimethylimidazolium iodide (DMPII) in MeCN",TiO2 thin film (12 um thick with 4 um scattering layer),0.159,-,1 mM CDCA,-,1,0
718.7,12.21,0.732,6.42,"DMII/EMII/EMITCB/I2/NBB/GNCS (molar ratio, 12/12/16/1.67/3.33/0.67), where the iodide and triiodide concentrations are 3.182 and 0.238 M",TiO2 film (7 um thick + 5 um scattering layer),0.158,-,2 mM CDCA,-,1,0
720.4,14.57,0.74,7.77,"1.0 M DMII, 50 mM LiI, 30 mM I2, 0.5 M TBY, and 0.1 M GNCS in the mixed solvent of acetonitrile and valeronitrile (v/v, 85/15)",TiO2 film (7 um thick + 5 um scattering layer),0.158,-,2 mM CDCA,-,1,0
663.7,14.01,0.71,6.6,"DMII/EMII/EMITCB/I2/NBB/GNCS (molar ratio, 12/12/16/1.67/3.33/0.67), where the iodide and triiodide concentrations are 3.182 and 0.238 M",TiO2 film (7 um thick + 5 um scattering layer),0.158,-,2 mM CDCA,-,1,0
740.0,15.33,0.66,7.43,"0.6 M 3-hexyl-1,2-di-methyl imidazolium iodide, 0.04 M iodine, 0.025 M LiI, 0.05 M guanidium thiocyanate, and 0.28 M tert-butylpyridine in acetonitirle",TiO2 film (13 um thick + 10 um scattering layer),0.18,-,0.3 mM CDCA,-,1,0
670.0,12.66,0.65,5.49,"0.6 M 3-hexyl-1,2-di-methyl imidazolium iodide, 0.04 M iodine, 0.025 M LiI, 0.05 M guanidium thiocyanate, and 0.28 M tert-butylpyridine in acetonitirle",TiO2 film (13 um thick + 10 um scattering layer),0.18,-,0.3 mM CDCA,-,1,0
522.0,8.57,0.52,2.3,"0.5 M LiI, 0.25 M n-Bu4NI, 0.05 M I2 in acetonitrile",TiO2 10 um thick,,-,-,-,0,0
526.0,6.83,0.5,1.8,"0.5 M LiI, 0.25 M n-Bu4NI, 0.05 M I2 in acetonitrile",TiO2 10 um thick,,-,-,-,0,0
546.0,10.44,0.66,3.77,"0.05 M I2, 0.5 M LiI, 0.5 M tert-butylpyridine in acetonitrile",TiO2 14 um thick,0.25,-,-,-,0,0
524.0,8.35,0.67,2.91,"0.05 M I2, 0.5 M LiI, 0.5 M tert-butylpyridine in acetonitrile",TiO2 14 um thick,0.25,-,-,-,0,0
517.0,3.21,0.69,1.15,"0.05 M I2, 0.5 M LiI, 0.5 M tert-butylpyridine in acetonitrile",TiO2 14 um thick,0.25,-,-,-,0,0
474.0,3.57,0.66,1.11,"0.05 M I2, 0.5 M LiI, 0.5 M tert-butylpyridine in acetonitrile",TiO2 14 um thick,0.25,-,-,-,0,0
777.0,13.35,0.749,7.8,"1.0 M 1,3-dimethylimidazolium iodide, 0.05 M LiI, 0.1 M guanidinium thiocyanate, 30 mM I2, 0.5 M tert-butylpyridine in the mixture of acetonitrile and valeronitrile (85/15, v/v)",TiO2 film (7 um thick + 4 um scattering layer),0.158,-,saturated CDCA,-,1,0
723.0,12.4,0.779,7.0,"1,3-dimethylimidazolium iodide/1-ethyl-3-methylimidazolium iodide/1-ethyl-3-methylimidazolium tetracyanoborate/iodine/N-butylbenzoimidazole/guannidinium thiocyanate (molar ratio:12/12/16/1.67/3.33/0.67)",TiO2 film (7 um thick + 4 um scattering layer),0.158,-,saturated CDCA,-,1,0
860.0,9.06,0.61,4.8,"0.17 M Spiro-OMeTAD, 0.11 m M tert-butylpyridine, and 0.21 mM LiN(CF3SO2)2 in chlorobenzene",TiO2 1.7 um thick,0.12,-,-,-,0,0
708.0,5.54,0.788,3.09,"0.6 M 1,2-dimethyl-3-propylimidazolium iodide (DMPII), 0.06 M LiI, 0.04 M I2, and 0.4 M 4-tert-butylpyridine (TBP) in dried CH3CN",TiO2 film (12 um thick + 4 um scattering layer),0.159,-,-,-,0,0
726.0,8.78,0.807,5.14,"0.6 M 1,2-dimethyl-3-propylimidazolium iodide (DMPII), 0.06 M LiI, 0.04 M I2, and 0.4 M 4-tert-butylpyridine (TBP) in dried CH3CN",TiO2 film (12 um thick + 4 um scattering layer),0.159,-,-,-,0,0
702.8,13.86,0.705,6.89,"DMII/EMII/EMITCB/I2/NBB/GNCS (molar ratio, 12/12/16/1.67/3.33/0.67), where the iodide and triiodide concentrations are 3.182 and 0.238 M",TiO2 film (7 um thick + 5 um scattering layer),0.158,-,2 mM CDCA,-,1,0
775.0,11.88,0.747,6.88,"1.0 M DMII, 50 mM LiI, 30 mM I2, 0.5 M TBY, and 0.1 M GNCS in the mixed solvent of acetonitrile and valeronitrile (v/v, 85/15)",TiO2 film (7 um thick + 5 um scattering layer),0.158,-,2 mM CDCA,-,1,0
720.3,11.82,0.751,6.39,"DMII/EMII/EMITCB/I2/NBB/GNCS (molar ratio, 12/12/16/1.67/3.33/0.67), where the iodide and triiodide concentrations are 3.182 and 0.238 M",TiO2 film (7 um thick + 5 um scattering layer),0.158,-,2 mM CDCA,-,1,0
744.3,14.32,0.72,7.67,"1.0 M DMII, 50 mM LiI, 30 mM I2, 0.5 M TBY, and 0.1 M GNCS in the mixed solvent of acetonitrile and valeronitrile (v/v, 85/15)",TiO2 film (7 um thick + 5 um scattering layer),0.158,-,2 mM CDCA,-,1,0
810.0,9.22,0.6,4.49,"0.6 M DMPII (1,2-dimetyl-3-methylimidazolium iodide), 0.1 M LiI, 0.05 M I2, 0.5 M TBP (4-tert-butylpyridine) and 0.05 mM GUSCN (Guanidine Thiocyanate) in acetonitrile",TiO2 film (7 um thick),0.24,313 nmol/cm2,-,-,0,0
730.0,8.43,0.67,3.94,"0.02 M LiI + 0.04 M I2 + 0.6 M MBII 0.28 M TBP + 0.05 M guanidine thiocyanate (volume ratio, 7:3)",TiO2 10 um thickness,0.159,-,CDCA 0 uM,-,1,0
670.0,8.67,0.66,4.0,"0.02 M LiI + 0.04 M I2 + 0.6 M MBII 0.28 M TBP + 0.05 M guanidine thiocyanate (volume ratio, 7:3)",TiO2 10 um thickness,0.159,-,CDCA 2 uM,-,1,0
740.0,8.9,0.7,4.41,"0.02 M LiI + 0.04 M I2 + 0.6 M MBII 0.28 M TBP + 0.05 M guanidine thiocyanate (volume ratio, 7:3)",TiO2 10 um thickness,0.159,-,CDCA 5 uM,-,1,0
700.0,8.49,0.68,4.03,"0.02 M LiI + 0.04 M I2 + 0.6 M MBII 0.28 M TBP + 0.05 M guanidine thiocyanate (volume ratio, 7:3)",TiO2 10 um thickness,0.159,-,CDCA 10 uM,-,1,0
740.0,8.58,0.7,4.11,"0.02 M LiI + 0.04 M I2 + 0.6 M MBII 0.28 M TBP + 0.05 M guanidine thiocyanate (volume ratio, 7:3)",TiO2 10 um thickness,0.159,-,CDCA 0 uM,-,1,0
730.0,8.41,0.7,4.15,"0.02 M LiI + 0.04 M I2 + 0.6 M MBII 0.28 M TBP + 0.05 M guanidine thiocyanate (volume ratio, 7:3)",TiO2 10 um thickness,0.159,-,CDCA 2 uM,-,1,0
710.0,8.83,0.66,4.32,"0.02 M LiI + 0.04 M I2 + 0.6 M MBII 0.28 M TBP + 0.05 M guanidine thiocyanate (volume ratio, 7:3)",TiO2 10 um thickness,0.159,-,CDCA 5 uM,-,1,0
700.0,7.17,0.68,3.38,"0.02 M LiI + 0.04 M I2 + 0.6 M MBII 0.28 M TBP + 0.05 M guanidine thiocyanate (volume ratio, 7:3)",TiO2 10 um thickness,0.159,-,CDCA 10 uM,-,1,0
660.0,11.91,0.69,5.39,0.5 M lithium iodide (LiI) and 0.05 M iodine (I2) in acetonitrile,TiO2 film (12 um thick),0.16,8.8 nmol/cm2,15 mM CDCA,-,1,0
832.0,1.67,0.622,1.02,0.05 M I2/0.5 M KI/0.5 M 4-tert-butyl pyridine in 2-methoxypropionitrile,TiO2 film,,192 nmol/cm2,-,-,0,0
612.0,7.01,0.627,3.16,0.05 M I2/0.5 M KI/0.5 M 4-tert-butyl pyridine in 2-methoxypropionitrile,TiO2 film,,212 nmol/cm2,-,-,0,0
587.0,7.36,0.69,3.0,0.05MI2/0.5MLiI/0.5M tert-butylpyridine in 3-methoxypropionitrile/acetonitrile,TiO2 film (14 um thick + 4.5 um scattering layer),0.16,-,-,-,0,0
618.0,2.6,0.6,1.12,0.05 M I2/0.1 M LiI/0.5 M 4-tert-butylpyridine in 2-methoxypropionitrile solution,TiO2 film,1.0,135 nmol/cm2,-,-,0,0
618.0,2.6,0.6,1.12,0.05 M I2/0.1 M LiI/0.5 M 4-tert-butylpyridine in 2-methoxypropionitrile solution,TiO2 film,,1.35  nmol/cm2,-,-,0,0
608.0,4.78,0.7,2.03,"0.6 M 1,2-dimethyl-3-propylimidazolium iodide (DMPII), 0.025 M LiI, 0.04 M I2, 0.05 M guanidium thiocyanate (GuSCN), and 0.28 M 4-tertbutylpyridine (TBP) in dry acetonitrile",TiO2 film (12 um thick + 4 um scattering layer),,-,-,-,0,0
755.4,12.84,0.737,7.15,"1.0 M DMII, 50 mM LiI, 30 mM I2, 0.5 M TBY, and 0.1 M GNCS in the mixed solvent of acetonitrile and valeronitrile (v/v, 85/15)",TiO2 film (7 um thick + 5 um scattering layer),0.158,-,2 mM CDCA,-,1,0
650.0,11.48,0.7,5.15,"1.0 M tetrapropylammonium iodide and 0.1 M iodine in acetonitrile-ethylene carbonate (v/v, 1:4) mixture",ZnO film (12 um thick),0.2,55.3 nmol/cm2,1 mM cholic acid,-,1,0
760.0,12.3,0.76,6.28,"1.0 M DMII, 60 mM I2, 0.5 M tert-butylpyridine, 0.05 M NaI and 0.1 M GuNCS in acetonitrile and valeronitrile (85:15; v/v)",TiO2 13-15 um thick,0.128,-,-,-,0,0
781.0,13.3,0.72,7.14,"1.0 M DMII, 60 mM I2, 0.5 M tert-butylpyridine, 0.05 M NaI and 0.1 M GuNCS in acetonitrile and valeronitrile (85:15; v/v)",TiO2 13-15 um thick,0.128,-,0.25 mM CDCA,-,1,0
640.0,12.18,0.63,4.92,"LiI (0.5 M), I2 (0.05 M) and TBP (0.5 M) in acetonitrile",TiO2 film (10-12 um thick + 5 um scattering layer),0.25,630 nmol/cm2,-,-,0,0
650.0,12.43,0.63,5.08,"LiI (0.5 M), I2 (0.05 M) and TBP (0.5 M) in acetonitrile",TiO2 film (10-12 um thick + 5 um scattering layer),0.25,830 nmol/cm2,-,-,0,0
660.0,13.44,0.6,5.37,"LiI (0.5 M), I2 (0.05 M) and TBP (0.5 M) in acetonitrile",TiO2 film (10-12 um thick + 5 um scattering layer),0.25,1180 nmol/cm2,-,-,0,0
630.0,9.65,0.6,3.61,"3-dimethylimidazolium iodide (1.0 M), LiI (0.05 M), I2 (0.03 M), guanidinium thiocyanate (0.1 M) and TBP (0.5 M) in MeCN:valeronitrile (85:15, v/v)",TiO2 film (10-12 um thick + 5 um scattering layer),0.25,-,-,-,0,0
630.0,10.63,0.6,3.99,"3-dimethylimidazolium iodide (1.0 M), LiI (0.05 M), I2 (0.03 M), guanidinium thiocyanate (0.1 M) and TBP (0.5 M) in MeCN:valeronitrile (85:15, v/v)",TiO2 film (10-12 um thick + 5 um scattering layer),0.25,-,-,-,0,0
650.0,11.14,0.55,3.97,"3-dimethylimidazolium iodide (1.0 M), LiI (0.05 M), I2 (0.03 M), guanidinium thiocyanate (0.1 M) and TBP (0.5 M) in MeCN:valeronitrile (85:15, v/v)",TiO2 film (10-12 um thick + 5 um scattering layer),0.25,-,-,-,0,0
660.0,12.83,0.64,5.36,"LiI (0.5 M), I2 (0.05 M) and TBP (0.5 M) in acetonitrile",TiO2 film (10-12 um thick + 5 um scattering layer),0.25,-,10 mM CDCA,-,1,0
660.0,12.56,0.63,5.28,"LiI (0.5 M), I2 (0.05 M) and TBP (0.5 M) in acetonitrile",TiO2 film (10-12 um thick + 5 um scattering layer),0.25,-,10 mM CDCA,-,1,0
650.0,13.17,0.6,5.17,"LiI (0.5 M), I2 (0.05 M) and TBP (0.5 M) in acetonitrile",TiO2 film (10-12 um thick + 5 um scattering layer),0.25,-,10 mM CDCA,-,1,0
830.0,14.61,0.6901,8.37,"0.22 M [Co(II)(bpy)3](TFSI)2, 0.06 M [Co(III)(bpy)3](TFSI)3, 0.1 M LiClO 4, and 0.5 M 4-tert-butylpyridine in acetonitrile (bpy=2,2'-bipyridine, and TFSI=bis(triuoromethane)sulfonamide)",TiO2 film (8 um thick + 4 um scattering layer),0.12,-,5 mM CDCA,-,1,0
797.0,14.39,0.7027,8.06,"0.22 M [Co(II)(bpy)3](TFSI)2, 0.06 M [Co(III)(bpy)3](TFSI)3, 0.1 M LiClO 4, and 0.5 M 4-tert-butylpyridine in acetonitrile (bpy=2,2'-bipyridine, and TFSI=bis(triuoromethane)sulfonamide)",TiO2 film (8 um thick + 4 um scattering layer),0.12,-,5 mM CDCA,-,1,0
680.0,10.3,0.62,4.37,"0.05 m I2, 0.5 m LiI, 0.5 m tert-butylpyridine in an acetonitrile",TiO2 film (12 um thick + 6 um scattering layer),0.25,369 nmol/cm2,-,-,0,0
756.0,12.75,0.6816,6.57,"0.1 M LiI, 0.03 M I2, 0.5 M 1-butyl-3-methyl imidazolium iodide (BMII), 0.1 M guanidine isothiocyanate, and 0.5 M 4-tert-butylpyridine (TBP) in acetonitrile:valeronitrile (85:15, v/v)",TiO2 film (8 um thick + 4 um scattering layer),0.12,-,5 mM CDCA,-,1,0
720.0,13.21,0.6808,6.48,"0.1 M LiI, 0.03 M I2, 0.5 M 1-butyl-3-methyl imidazolium iodide (BMII), 0.1 M guanidine isothiocyanate, and 0.5 M 4-tert-butylpyridine (TBP) in acetonitrile:valeronitrile (85:15, v/v)",TiO2 film (8 um thick + 4 um scattering layer),0.12,-,5 mM CDCA,-,1,0
692.0,13.56,0.6808,6.39,"0.1 M LiI, 0.03 M I2, 0.5 M 1-butyl-3-methyl imidazolium iodide (BMII), 0.1 M guanidine isothiocyanate, and 0.5 M 4-tert-butylpyridine (TBP) in acetonitrile:valeronitrile (85:15, v/v)",TiO2 film (8 um thick + 4 um scattering layer),0.12,-,5 mM CDCA,-,1,0
650.0,11.43,0.62,4.58,"LiI (0.5 M), I2 (0.05 M), and 4-tert-butylpyridine (0.5 M) in acetonitrile",TiO2 16-18 um thick,0.25,-,-,-,0,0
650.0,13.86,0.57,5.14,"LiI (0.5 M), I2 (0.05 M), and 4-tert-butylpyridine (0.5 M) in acetonitrile",TiO2 16-18 um thick,0.25,-,-,-,0,0
690.0,15.36,0.5,5.25,"LiI (0.5 M), I2 (0.05 M), and 4-tert-butylpyridine (0.5 M) in acetonitrile",TiO2 16-18 um thick,0.25,-,-,-,0,0
660.0,16.26,0.58,6.17,"LiI (0.5 M), I2 (0.05 M), and 4-tert-butylpyridine (0.5 M) in acetonitrile",TiO2 16-18 um thick,0.25,-,-,-,0,0
660.0,13.07,0.65,5.55,"1.0 M tetrapropylammonium iodide and 0.1 M iodine in acetonitrile-ethylene carbonate (v/v, 1:4) mixture",ZnO film (12 um thick),0.2,54.1 nmol/cm2,1 mM cholic acid,-,1,0
838.0,12.52,0.6768,7.1,"0.22 M [Co(II)(bpy)3](TFSI)2, 0.06 M [Co(III)(bpy)3](TFSI)3, 0.1 M LiClO 4, and 0.5 M 4-tert-butylpyridine in acetonitrile (bpy=2,2'-bipyridine, and TFSI=bis(triuoromethane)sulfonamide)",TiO2 film (8 um thick + 4 um scattering layer),0.12,-,5 mM CDCA,-,1,0
680.0,11.24,0.6,4.6,"LiI (0.5 M), I2 (0.05 M), and 4-tert-butylpyridine (0.5 M) in acetonitrile",TiO2 16-18 um thick,0.25,-,-,-,0,0
740.0,16.81,0.57,7.08,"LiI (0.5 M), I2 (0.05 M), and 4-tert-butylpyridine (0.5 M) in acetonitrile",TiO2 16-18 um thick,0.25,-,-,-,0,0
710.0,14.28,0.6,6.12,"LiI (0.5 M), I2 (0.05 M), and 4-tert-butylpyridine (0.5 M) in acetonitrile",TiO2 16-18 um thick,0.25,-,-,-,0,0
580.0,11.88,0.54,3.74,"LiI (0.5 M), I2 (0.05 M), and 4-tert-butylpyridine (0.5 M) in acetonitrile",TiO2 16-18 um thick,0.25,-,-,-,0,0
766.0,11.7,0.756,6.78,"0.6 M 1,2-dimethyl-3-propylimidazolium iodide (DMPII), 0.06 M LiI, 0.04 M I2, and 0.4 M 4-tert-butylpyridine (TBP) in dried CH3CN",TiO2 film (12 um thick + 4 um scattering layer),0.159,-,-,-,0,0
678.0,5.39,0.797,2.91,"0.6 M 1,2-dimethyl-3-propylimidazolium iodide (DMPII), 0.06 M LiI, 0.04 M I2, and 0.4 M 4-tert-butylpyridine (TBP) in dried CH3CN",TiO2 film (12 um thick + 4 um scattering layer),0.159,-,-,-,0,0
642.0,10.6,0.714,4.86,"0.6 M 1,2-dimethyl-3-propylimidazolium iodide (DMPII), 0.06 M LiI, 0.04 M I2, and 0.4 M 4-tert-butylpyridine (TBP) in dried CH3CN",TiO2 film (12 um thick + 4 um scattering layer),0.159,-,-,-,0,0
608.0,10.05,0.736,4.5,"0.6 M 1,2-dimethyl-3-propylimidazolium iodide (DMPII), 0.06 M LiI, 0.04 M I2, and 0.4 M 4-tert-butylpyridine (TBP) in dried CH3CN",TiO2 film (12 um thick + 4 um scattering layer),0.159,-,-,-,0,0
720.0,12.96,0.753,7.03,"0.6 M 1,2-dimethyl-3-propylimidazolium iodide (DMPII), 0.06 M LiI, 0.04 M I2, and 0.4 M 4-tert-butylpyridine (TBP) in dried CH3CN",TiO2 film (12 um thick + 4 um scattering layer),0.159,-,-,-,0,0
677.0,13.37,0.753,6.82,"0.6 M 1,2-dimethyl-3-propylimidazolium iodide (DMPII), 0.06 M LiI, 0.04 M I2, and 0.4 M 4-tert-butylpyridine (TBP) in dried CH3CN",TiO2 film (12 um thick + 4 um scattering layer),0.159,-,-,-,0,0
648.0,8.15,0.744,3.93,"0.6 M 1,2-dimethyl-3-propylimidazolium iodide (DMPII), 0.06 M LiI, 0.04 M I2, and 0.4 M 4-tert-butylpyridine (TBP) in dried CH3CN",TiO2 film (12 um thick + 4 um scattering layer),0.159,-,-,-,0,0
599.0,13.07,0.723,5.66,"0.6 M 1,2-dimethyl-3-propylimidazolium iodide (DMPII), 0.06 M LiI, 0.04 M I2, and 0.4 M 4-tert-butylpyridine (TBP) in dried CH3CN",TiO2 film (12 um thick + 4 um scattering layer),0.159,-,-,-,0,0
702.0,10.39,0.785,5.73,"0.6 M 1,2-dimethyl-3-propylimidazolium iodide (DMPII), 0.06 M LiI, 0.04 M I2, and 0.4 M 4-tert-butylpyridine (TBP) in dried CH3CN",TiO2 film (12 um thick + 4 um scattering layer),0.159,-,-,-,0,0
694.0,7.72,0.803,4.3,"0.6 M 1,2-dimethyl-3-propylimidazolium iodide (DMPII), 0.06 M LiI, 0.04 M I2, and 0.4 M 4-tert-butylpyridine (TBP) in dried CH3CN",TiO2 film (12 um thick + 4 um scattering layer),0.159,-,-,-,0,0
670.0,7.13,0.71,3.4,"0.6 M 1,2-dimethyl-3-n-propylimidazolium iodide, 0.1 M LiI, 0.05 M I2, and 0.5 M 4-tert-butylpyridine in dry acetonitrile",TiO2 film (6 um thick + 4 um scattering layer),0.2304,26 nmol/cm2,-,-,0,0
770.0,11.25,0.76,6.6,"0.6 M 1,2-dimethyl-3-n-propylimidazolium iodide, 0.1 M LiI, 0.05 M I2, and 0.5 M 4-tert-butylpyridine in dry acetonitrile",TiO2 film (6 um thick + 4 um scattering layer),0.2304,28 nmol/cm2,-,-,0,0
571.0,10.4,0.69,4.11,"0.1 M LiI, 0.6 M DMPII, 0.05 M I2, and 0.5 M TBP in 3-methoxypropionitrile (MPN)/ACN (volume ratio of 1:1)",TiO2 film (14 um thick + 4.5 um scattering layer),0.16,-,-,-,0,0
595.0,10.5,0.7,4.36,"0.1 M LiI, 0.6 M DMPII, 0.05 M I2, and 0.5 M TBP in 3-methoxypropionitrile (MPN)/ACN (volume ratio of 1:1)",TiO2 film (14 um thick + 4.5 um scattering layer),0.16,-,-,-,0,0
605.0,5.46,0.7,2.3,"0.1 M LiI, 0.6 M DMPII, 0.05 M I2, and 0.5 M TBP in 3-methoxypropionitrile (MPN)/ACN (volume ratio of 1:1)",TiO2 film (14 um thick + 4.5 um scattering layer),0.16,-,-,-,0,0
603.0,8.73,0.69,3.6,"0.1 M LiI, 0.6 M DMPII, 0.05 M I2, and 0.5 M TBP in 3-methoxypropionitrile (MPN)/ACN (volume ratio of 1:1)",TiO2 film (14 um thick + 4.5 um scattering layer),0.16,-,-,-,0,0
740.0,2.63,0.61,1.19,Iodide-triiodide,TiO2 film,,-,-,-,0,0
630.0,2.55,0.6,0.96,Iodide-triiodide,TiO2 film,,-,-,-,0,0
660.0,11.9,0.68,5.34,"1.0 M tetrapropylammonium iodide and 0.1 M iodine in acetonitrile-ethylene carbonate (v/v, 1:4) mixture",ZnO film (12 um thick),0.2,52.4 nmol/cm2,1 mM cholic acid,-,1,0
643.0,6.6,0.738,3.1,"0.04 M I 2 , 0.06 M LiI, 0.4 M 4-tert-butylpyridine (4-TBP), and 0.6 M 3-propyl-1,2-dimethylimidazolium iodide (DMPII) in MeCN",TiO2 thin film (12 um thick with 4 um scattering layer),0.159,25 nmol/cm2,-,-,0,0
662.0,7.9,0.728,3.8,"0.04 M I 2 , 0.06 M LiI, 0.4 M 4-tert-butylpyridine (4-TBP), and 0.6 M 3-propyl-1,2-dimethylimidazolium iodide (DMPII) in MeCN",TiO2 thin film (12 um thick with 4 um scattering layer),0.159,-,1 mM CDCA,-,1,0
670.0,7.6,0.751,3.8,"0.04 M I 2 , 0.06 M LiI, 0.4 M 4-tert-butylpyridine (4-TBP), and 0.6 M 3-propyl-1,2-dimethylimidazolium iodide (DMPII) in MeCN",TiO2 thin film (12 um thick with 4 um scattering layer),0.159,-,2 mM CDCA,-,1,0
673.0,7.2,0.749,3.6,"0.04 M I 2 , 0.06 M LiI, 0.4 M 4-tert-butylpyridine (4-TBP), and 0.6 M 3-propyl-1,2-dimethylimidazolium iodide (DMPII) in MeCN",TiO2 thin film (12 um thick with 4 um scattering layer),0.159,-,saturated CDCA,-,1,0
681.0,11.3,0.732,5.6,"0.04 M I 2 , 0.06 M LiI, 0.4 M 4-tert-butylpyridine (4-TBP), and 0.6 M 3-propyl-1,2-dimethylimidazolium iodide (DMPII) in MeCN",TiO2 thin film (12 um thick with 4 um scattering layer),0.159,-,2 mM CDCA,-,1,0
660.0,8.6,0.727,4.2,"0.04 M I 2 , 0.06 M LiI, 0.4 M 4-tert-butylpyridine (4-TBP), and 0.6 M 3-propyl-1,2-dimethylimidazolium iodide (DMPII) in MeCN",TiO2 thin film (12 um thick with 4 um scattering layer),0.159,-,2 mM CDCA,-,1,0
666.0,8.1,0.731,3.9,"0.04 M I 2 , 0.06 M LiI, 0.4 M 4-tert-butylpyridine (4-TBP), and 0.6 M 3-propyl-1,2-dimethylimidazolium iodide (DMPII) in MeCN",TiO2 thin film (12 um thick with 4 um scattering layer),0.159,-,saturated CDCA,-,1,0
700.0,6.37,0.74,3.31,"0.6 M 1-hexyl-2,3-dimethyl-imidiazolium iodide, 0.05 M iodine, 0.1 M LiI, and 0.5 M tert-butylpyridine in acetonitrile",TiO2 film (10 um thick + 4 um scattering layer),,63 nmol/cm2,-,-,0,0
710.0,7.52,0.75,4.01,"0.6 M 1-hexyl-2,3-dimethyl-imidiazolium iodide, 0.05 M iodine, 0.1 M LiI, and 0.5 M tert-butylpyridine in acetonitrile",TiO2 film (10 um thick + 4 um scattering layer),,72 nmol/cm2,-,-,0,0
750.0,14.0,0.77,8.01,"0.6 M 1-hexyl-2,3-dimethyl-imidiazolium iodide, 0.05 M iodine, 0.1 M LiI, and 0.5 M tert-butylpyridine in acetonitrile",TiO2 film (10 um thick + 4 um scattering layer),,212 nmol/cm2,-,-,0,0
640.0,8.23,0.6,3.1,0.5 M lithium iodide (LiI) and 0.05 M iodine (I2) in acetonitrile,TiO2 film (11 um thick + 4 um scattering layer),0.283,6 nmol/cm2,30 mM CDCA,-,1,0
680.0,10.77,0.63,4.6,0.5 M lithium iodide (LiI) and 0.05 M iodine (I2) in acetonitrile,TiO2 film (11 um thick + 4 um scattering layer),0.283,6.4 nmol/cm2,30 mM CDCA,-,1,0
690.0,14.33,0.56,5.6,0.5 M lithium iodide (LiI) and 0.05 M iodine (I2) in acetonitrile,TiO2 film (11 um thick + 4 um scattering layer),0.283,10.3 nmol/cm2,30 mM CDCA,-,1,0
680.0,12.55,0.63,5.4,0.5 M lithium iodide (LiI) and 0.05 M iodine (I2) in acetonitrile,TiO2 film (11 um thick + 4 um scattering layer),0.283,3.3 nmol/cm2,30 mM CDCA,-,1,0
670.0,13.97,0.62,5.8,0.5 M lithium iodide (LiI) and 0.05 M iodine (I2) in acetonitrile,TiO2 film (11 um thick + 4 um scattering layer),0.283,11.8 nmol/cm2,30 mM CDCA,-,1,0
610.0,12.66,0.56,4.4,0.5 M lithium iodide (LiI) and 0.05 M iodine (I2) in acetonitrile,TiO2 film (11 um thick + 4 um scattering layer),0.283,16.5 nmol/cm2,30 mM CDCA,-,1,0
640.0,13.7,0.56,4.9,0.5 M lithium iodide (LiI) and 0.05 M iodine (I2) in acetonitrile,TiO2 film (11 um thick + 4 um scattering layer),0.283,7.7 nmol/cm2,30 mM CDCA,-,1,0
650.0,14.6,0.66,6.2,"0.05 m I2, 0.5 m LiI, 0.5 m tert-butylpyridine in an acetonitrile",TiO2 film (12 um thick + 6 um scattering layer),0.25,329 nmol/cm2,-,-,0,0
600.0,14.1,0.67,5.66,"0.05 m I2, 0.5 m LiI, 0.5 m tert-butylpyridine in an acetonitrile",TiO2 film (12 um thick + 6 um scattering layer),0.25,419 nmol/cm2,-,-,0,0
690.0,13.1,0.65,5.89,"0.05 m I2, 0.5 m LiI, 0.5 m tert-butylpyridine in an acetonitrile",TiO2 film (12 um thick + 6 um scattering layer),0.25,183 nmol/cm2,-,-,0,0
680.0,13.2,0.67,6.01,"0.05 m I2, 0.5 m LiI, 0.5 m tert-butylpyridine in an acetonitrile",TiO2 film (12 um thick + 6 um scattering layer),0.25,372 nmol/cm2,-,-,0,0
625.0,6.85,0.7,2.98,"0.5 M lithium iodide (LiI), 0.05 M iodine (I2), and 0.5 M 4-tert-butylpyridine dissolved in acetonitrile",TiO2 film (12 um transparent + 6 um scat­tering layer),0.25,-,-,-,0,0
625.0,6.85,0.7,2.98,"0.5 M lithium iodide (LiI), 0.05 M iodine (I2), and 0.5 M 4-tert-butylpyridine dissolved in acetonitrile",TiO2 film (12 um thick + 5 um scattering layer),0.25,-,-,-,0,0
764.0,12.2,0.77,7.2,"0.6 M M-methyl-N-butyl imidiazolium iodide, 0.04 M iodine, 0.025 M LiI, 0.05 M guanidinium thiocyanate, and 0.28 M tert-butylpyridine in a 15/85 (v/v) mixture of valeronitrile and acetonitrile",TiO2 film (10 um transparent + 4 um scat­tering layer),0.158,-,1 mM CDCA,-,1,0
753.0,14.0,0.77,8.01,"0.6 M M-methyl-N-butyl imidiazolium iodide, 0.04 M iodine, 0.025 M LiI, 0.05 M guanidinium thiocyanate, and 0.28 M tert-butylpyridine in a 15/85 (v/v) mixture of valeronitrile and acetonitrile",TiO2 film (10 um transparent + 4 um scat­tering layer),0.158,-,1 mM CDCA,-,1,0
672.0,11.9,0.731,5.9,"0.04 M I 2 , 0.06 M LiI, 0.4 M 4-tert-butylpyridine (4-TBP), and 0.6 M 3-propyl-1,2-dimethylimidazolium iodide (DMPII) in MeCN",TiO2 thin film (12 um thick with 4 um scattering layer),0.159,-,2 mM CDCA,-,1,0
650.0,10.99,0.69,4.92,"1.0 M tetrapropylammonium iodide and 0.1 M iodine in acetonitrile-ethylene carbonate (v/v, 1:4) mixture",ZnO film (12 um thick),0.2,55.0 nmol/cm2,1 mM cholic acid,-,1,0
845.0,12.3,0.68,7.06,"0.25 M [Co(II)(phen)3](PF6)2, 0.05 M [Co(III)(phen)3](PF6)3, 0.5 M TBP and 0.1 M LiTFSI in acetonitrile",TiO2 film (3 um thick + 4 um scattering layer),0.158,-,-,-,0,0
830.0,12.0,0.68,6.77,"0.25 M [Co(II)(phen)3](PF6)2, 0.05 M [Co(III)(phen)3](PF6)3, 0.5 M TBP and 0.1 M LiTFSI in acetonitrile",TiO2 film (3 um thick + 4 um scattering layer),0.158,-,-,-,0,0
754.0,15.0,0.69,7.8,"0.6 M 1,2-dimethyl-3-n-propylimidazolium iodide (DMPImI), 0.1 M LiI, 0.05 M I2 and 0.5 M tertbutylpyridine in acetonitrile",TiO2 film (9 um thick + 4 um scattering layer),0.158,-,-,-,0,0
650.0,12.3,0.68,5.43,"0.6 M 1,2-dimethyl-3-n-propylimidazolium iodide (DMPImI), 0.1 M LiI, 0.05 M I2 and 0.5 M tertbutylpyridine in acetonitrile",TiO2 film (9 um thick + 4 um scattering layer),0.158,-,-,-,0,0
465.0,14.32,0.66,4.37,"1,2-dimethyl-3-propylimidazolium iodide (DMPII), 0.1M LiI, 0.1M I2 in acetonitrile",TiO2 film (10-12 um thick),0.25,-,-,-,0,0
500.0,13.08,0.69,4.54,"1,2-dimethyl-3-propylimidazolium iodide (DMPII), 0.1M LiI, 0.1M I2 in acetonitrile",TiO2 film (10-12 um thick),0.25,-,-,-,0,0
405.0,11.86,0.65,3.13,"1,2-dimethyl-3-propylimidazolium iodide (DMPII), 0.1M LiI, 0.1M I2 in acetonitrile",TiO2 film (10-12 um thick),0.25,-,-,-,0,0
640.0,11.04,0.749,5.29,"0.5 M LiI, 0.05M I2, and 0.5 M 4-tert-butylpyridine (TBP) in 3-methoxypropionitrile",TiO2 film (14 um thick + 5 um scattering layer),0.196,-,-,-,0,0
660.0,10.2,0.698,4.7,"0.5 M LiI, 0.05M I2, and 0.5 M 4-tert-butylpyridine (TBP) in 3-methoxypropionitrile",TiO2 film (14 um thick + 5 um scattering layer),0.196,-,-,-,0,0
620.0,10.44,0.649,4.2,"0.5 M LiI, 0.05M I2, and 0.5 M 4-tert-butylpyridine (TBP) in 3-methoxypropionitrile",TiO2 film (14 um thick + 5 um scattering layer),0.196,-,-,-,0,0
650.0,12.69,0.707,5.83,"0.5 M LiI, 0.05M I2, and 0.5 M 4-tert-butylpyridine (TBP) in 3-methoxypropionitrile",TiO2 film (14 um thick + 5 um scattering layer),0.196,-,-,-,0,0
494.0,5.8,0.7,2.0,"0.6 M 1, 2-dimethyl-3-propylimidazolium iodide (DMPII), 0.1 M LiI and 0.1 M I2 in acetonitrile or 0.6 M DMPII, 0.1 M LiI, 0.1 M I2 and 0.5 M 4-tert-butylpyridine (TBP) in acetonitrile",TiO2 film (10 um thick),0.25,-,-,-,0,0
497.0,4.54,0.69,1.6,"0.6 M 1, 2-dimethyl-3-propylimidazolium iodide (DMPII), 0.1 M LiI and 0.1 M I2 in acetonitrile or 0.6 M DMPII, 0.1 M LiI, 0.1 M I2 and 0.5 M 4-tert-butylpyridine (TBP) in acetonitrile",TiO2 film (10 um thick),0.25,-,-,-,0,0
509.0,9.3,0.68,3.2,"0.6 M 1, 2-dimethyl-3-propylimidazolium iodide (DMPII), 0.1 M LiI and 0.1 M I2 in acetonitrile or 0.6 M DMPII, 0.1 M LiI, 0.1 M I2 and 0.5 M 4-tert-butylpyridine (TBP) in acetonitrile",TiO2 film (10 um thick),0.25,-,-,-,0,0
870.0,14.3,0.67,8.33,"0.25 M [Co(II)(bpy)3](PF6)2, 0.05 M [Co(III)(bpy)3](PF6)3, 0.5 M TBP and 0.1 M LiTFSI in acetonitrile",TiO2 film (3 um thick),0.2,45.1 nmol/cm2,-,-,0,0
780.0,12.5,0.67,6.52,"0.25 M [Co(II)(bpy)3](PF6)2, 0.05 M [Co(III)(bpy)3](PF6)3, 0.5 M TBP and 0.1 M LiTFSI in acetonitrile",TiO2 film (3 um thick),0.2,74.3 nmol/cm2,-,-,0,0
830.0,13.9,0.66,7.61,"0.25 M [Co(II)(bpy)3](PF6)2, 0.05 M [Co(III)(bpy)3](PF6)3, 0.5 M TBP and 0.1 M LiTFSI in acetonitrile",TiO2 film (3 um thick),0.2,48.6 nmol/cm2,-,-,0,0
839.0,13.5,0.66,7.47,"0.25 M [Co(II)(bpy)3](PF6)2, 0.05 M [Co(III)(bpy)3](PF6)3, 0.5 M TBP and 0.1 M LiTFSI in acetonitrile",TiO2 film (3 um thick),0.2,44.6 nmol/cm2,-,-,0,0
830.0,13.0,0.66,7.12,"0.25 M [Co(II)(bpy)3](PF6)2, 0.05 M [Co(III)(bpy)3](PF6)3, 0.5 M TBP and 0.1 M LiTFSI in acetonitrile",TiO2 film (3 um thick),0.2,66.7 nmol/cm2,-,-,0,0
855.0,15.0,0.67,8.59,"0.25 M [Co(II)(bpy)3](PF6)2, 0.05 M [Co(III)(bpy)3](PF6)3, 0.5 M TBP and 0.1 M LiTFSI in acetonitrile",TiO2 film (3 um thick),0.2,43.2 nmol/cm2,-,-,0,0
900.0,12.0,0.69,7.2,"0.25 M [Co(II)(phen)3](PF6)2, 0.05 M [Co(III)(phen)3](PF6)3, 0.5 M TBP and 0.1M LiTFSI in acetonitrile",TiO2 film,0.25,-,-,-,0,0
920.0,15.5,0.68,9.69,"0.25 M [Co(II)(phen)3](PF6)2, 0.05 M [Co(III)(phen)3](PF6)3, 0.5 M TBP and 0.1M LiTFSI in acetonitrile",TiO2 film,0.25,-,-,-,0,0
660.0,11.02,0.68,4.92,"1.0 M tetrapropylammonium iodide and 0.1 M iodine in acetonitrile-ethylene carbonate (v/v, 1:4) mixture",ZnO film (12 um thick),0.2,61.0 nmol/cm2,1 mM cholic acid,-,1,0
660.0,11.69,0.67,5.15,"1.0 M tetrapropylammonium iodide and 0.1 M iodine in acetonitrile-ethylene carbonate (v/v, 1:4) mixture",ZnO film (12 um thick),0.2,62.5 nmol/cm2,1 mM cholic acid,-,1,0
660.0,11.12,0.68,4.98,"acetonitrile solution containing LiI (0.5 M), I2 (0.05 M), and 4-tert-butylpyridine (0.5 M)",TiO2 film (16-18 um thick),0.25,-,-,-,0,0
621.0,14.9,0.7,7.63,"0.6 M DMPImI, 0.05 M I2, 0.1 M LiI, and 0.5 M tert-butylpyridine in CH3CN",TiO2 4 um thickness,0.18,-,-,-,0,0
670.0,10.67,0.65,4.66,"0.1 M lithium iodide, 0.6 M butyl-methylimidazolium iodide (BMII), 0.05 M I2 and 0.5 M 4-tert-butylpyridine (4-TBP) in the mixed solvent of acetonitrile and 3-methoxypropionitrile (7:3, v/v)",TiO2 13 um thick,0.28,-,-,-,0,0
740.0,7.95,0.7,4.12,"0.1 M lithium iodide, 0.6 M butyl-methylimidazolium iodide (BMII), 0.05 M I2 and 0.5 M 4-tert-butylpyridine (4-TBP) in the mixed solvent of acetonitrile and 3-methoxypropionitrile (7:3, v/v)",TiO2 13 um thick,0.28,-,-,-,0,0
674.0,10.89,0.65,4.74,"0.1 M lithium iodide, 0.6 M butyl-methylimidazolium iodide (BMII), 0.05 M I2 and 0.5 M 4-tert-butylpyridine (4-TBP) in the mixed solvent of acetonitrile and 3-methoxypropionitrile (7:3, v/v)",TiO2 13 um thick,0.28,-,5 mM CDCA,-,1,0
670.0,11.04,0.65,4.83,"0.1 M lithium iodide, 0.6 M butyl-methylimidazolium iodide (BMII), 0.05 M I2 and 0.5 M 4-tert-butylpyridine (4-TBP) in the mixed solvent of acetonitrile and 3-methoxypropionitrile (7:3, v/v)",TiO2 13 um thick,0.28,-,10 mM CDCA,-,1,0
690.0,10.56,0.66,4.78,"0.1 M lithium iodide, 0.6 M butyl-methylimidazolium iodide (BMII), 0.05 M I2 and 0.5 M 4-tert-butylpyridine (4-TBP) in the mixed solvent of acetonitrile and 3-methoxypropionitrile (7:3, v/v)",TiO2 13 um thick,0.28,-,20 mM CDCA,-,1,0
690.0,11.33,0.65,5.08,"0.1 M lithium iodide, 0.6 M butyl-methylimidazolium iodide (BMII), 0.05 M I2 and 0.5 M 4-tert-butylpyridine (4-TBP) in the mixed solvent of acetonitrile and 3-methoxypropionitrile (7:3, v/v)",TiO2 13 um thick,0.28,-,-,-,0,0
710.0,11.29,0.65,5.22,"0.1 M lithium iodide, 0.6 M butyl-methylimidazolium iodide (BMII), 0.05 M I2 and 0.5 M 4-tert-butylpyridine (4-TBP) in the mixed solvent of acetonitrile and 3-methoxypropionitrile (7:3, v/v)",TiO2 13 um thick,0.28,-,-,-,0,0
672.0,9.97,0.67,4.52,"0.1 M lithium iodide, 0.6 M butyl-methylimidazolium iodide (BMII), 0.05 M I2 and 0.5 M 4-tert-butylpyridine (4-TBP) in the mixed solvent of acetonitrile and 3-methoxypropionitrile (7:3, v/v)",TiO2 13 um thick,0.28,-,5 mM CDCA,-,1,0
664.0,11.5,0.65,4.94,"0.1 M lithium iodide, 0.6 M butyl-methylimidazolium iodide (BMII), 0.05 M I2 and 0.5 M 4-tert-butylpyridine (4-TBP) in the mixed solvent of acetonitrile and 3-methoxypropionitrile (7:3, v/v)",TiO2 13 um thick,0.28,-,10 mM CDCA,-,1,0
676.0,10.88,0.68,5.01,"0.1 M lithium iodide, 0.6 M butyl-methylimidazolium iodide (BMII), 0.05 M I2 and 0.5 M 4-tert-butylpyridine (4-TBP) in the mixed solvent of acetonitrile and 3-methoxypropionitrile (7:3, v/v)",TiO2 13 um thick,0.28,-,20 mM CDCA,-,1,0
680.0,9.44,0.66,4.2,"0.1 M lithium iodide, 0.6 M butyl-methylimidazolium iodide (BMII), 0.05 M I2 and 0.5 M 4-tert-butylpyridine (4-TBP) in the mixed solvent of acetonitrile and 3-methoxypropionitrile (7:3, v/v)",TiO2 13 um thick,0.28,-,-,-,0,0
700.0,10.75,0.67,5.04,"0.1 M lithium iodide, 0.6 M butyl-methylimidazolium iodide (BMII), 0.05 M I2 and 0.5 M 4-tert-butylpyridine (4-TBP) in the mixed solvent of acetonitrile and 3-methoxypropionitrile (7:3, v/v)",TiO2 13 um thick,0.28,-,-,-,0,0
688.0,9.27,0.65,4.13,"0.1 M lithium iodide, 0.6 M butyl-methylimidazolium iodide (BMII), 0.05 M I2 and 0.5 M 4-tert-butylpyridine (4-TBP) in the mixed solvent of acetonitrile and 3-methoxypropionitrile (7:3, v/v)",TiO2 13 um thick,0.28,-,5 mM CDCA,-,1,0
620.0,11.77,0.68,4.96,"0.5 M LiI, 0.05 M I2, and 0.1 M 4-tert-butylpyridine in 1:1 acetonitrile-propylene carbonate",TiO2 film,,-,-,-,0,0
673.0,9.33,0.65,4.07,"0.1 M lithium iodide, 0.6 M butyl-methylimidazolium iodide (BMII), 0.05 M I2 and 0.5 M 4-tert-butylpyridine (4-TBP) in the mixed solvent of acetonitrile and 3-methoxypropionitrile (7:3, v/v)",TiO2 13 um thick,0.28,-,10 mM CDCA,-,1,0
692.0,10.65,0.6,4.44,"0.1 M lithium iodide, 0.6 M butyl-methylimidazolium iodide (BMII), 0.05 M I2 and 0.5 M 4-tert-butylpyridine (4-TBP) in the mixed solvent of acetonitrile and 3-methoxypropionitrile (7:3, v/v)",TiO2 13 um thick,0.28,-,20 mM CDCA,-,1,0
680.0,6.8,0.72,3.33,"0.5 M LiI, 0.05 M I2, and 0.5 M 4-tert-butylpytidine (TPB) in 3-methoxypropionitrile",TiO2 film (10 um thick + 4 um scattering layer),,-,-,-,0,0
432.0,12.0,0.69,3.58,"0.6 M 1-methyl-3-propylimidazolium iodide (MPImI), 0.1 M LiI, 0.05 M I2, and 0.5 M tert-butylpyridine in acetonitrile",TiO2 film (12 um thick + 4 um scattering layer),0.25,-,-,-,0,0
462.0,14.19,0.64,4.2,"0.6 M 1-methyl-3-propylimidazolium iodide (MPImI), 0.1 M LiI, 0.05 M I2, and 0.5 M tert-butylpyridine in acetonitrile",TiO2 film (12 um thick + 4 um scattering layer),0.25,-,-,-,0,0
762.0,10.6,0.75,6.1,"1.0 M 1,3-dimethylimidazolium iodide, 0.03 M iodine, 0.1 M guanidinium thiocyanate, 0.5 M tert-butylpyridine, 0.05 M lithium iodide in acetonitrile and valeronitrile (85:15, v/v)",TiO2 film (6 um thick + 6 um scattering layer),0.16,-,5 mM CDCA,-,1,0
619.0,14.3,0.587,5.19,"1,2-dimethyl-3-propylimidazolium iodide (0.6 M), I 2 (0.05 M), LiI (0.1 M), and 4-t-butylpyridine (0.05 M) in 3-methoxypropionitrile",TiO2 film (8 um transparent + 5 um scat­tering layer),0.2,0.625 nmol/cm2,-,-,0,0
610.0,8.89,0.67,3.62,"acetonitrile solution containing LiI (0.5 M), I2 (0.05 M), and 4-tert-butylpyridine (0.5 M)",TiO2 film (16-18 um thick),0.25,-,-,-,0,0
741.0,11.4,0.74,6.2,"1.0 M 1,3-dimethylimidazolium iodide, 0.03 M iodine, 0.1 M guanidinium thiocyanate, 0.5 M tert-butylpyridine, 0.05 M lithium iodide in acetonitrile and valeronitrile (85:15, v/v)",TiO2 film (6 um thick + 6 um scattering layer),0.16,-,5 mM CDCA,-,1,0
704.0,8.8,0.78,4.9,"1.0 M 1,3-dimethylimidazolium iodide, 0.03 M iodine, 0.1 M guanidinium thiocyanate, 0.5 M tert-butylpyridine, 0.05 M lithium iodide in acetonitrile and valeronitrile (85:15, v/v)",TiO2 film (6 um thick + 6 um scattering layer),0.16,-,5 mM CDCA,-,1,0
724.0,10.0,0.75,5.5,"1-ethyl-3-methylimidazolium iodide/1,3-dimethylimidazolium iodide/1-ethyl-3-methylimidazolium tetracyanoborate/lithium iodide/iodine/N-methylbenzimidazole in molar ratio 12:12:16:1:1.67:4",TiO2 film (6 um thick + 6 um scattering layer),0.16,-,5 mM CDCA,-,1,0
701.0,10.5,0.7,5.1,"1-ethyl-3-methylimidazolium iodide/1,3-dimethylimidazolium iodide/1-ethyl-3-methylimidazolium tetracyanoborate/lithium iodide/iodine/N-methylbenzimidazole in molar ratio 12:12:16:1:1.67:4",TiO2 film (6 um thick + 6 um scattering layer),0.16,-,5 mM CDCA,-,1,0
665.0,9.1,0.74,4.5,"1-ethyl-3-methylimidazolium iodide/1,3-dimethylimidazolium iodide/1-ethyl-3-methylimidazolium tetracyanoborate/lithium iodide/iodine/N-methylbenzimidazole in molar ratio 12:12:16:1:1.67:4",TiO2 film (6 um thick + 6 um scattering layer),0.16,-,5 mM CDCA,-,1,0
640.0,6.4,0.72,2.93,"0.5 M LiI, 0.05 M I2, and 0.1 M 4-tert-butylpyridine in 1:1 acetonitrile-propylene carbonate",TiO2 film,,-,-,-,0,0
596.0,6.1,0.68,2.47,"0.6 M DMPImI, 0.1 M LiI, and 0.05 M I2 in acetonitrile",TiO2 15 um thick,,119 nmol/cm2,-,-,0,0
609.0,7.3,0.64,2.86,"0.6 M DMPImI, 0.1 M LiI, and 0.05 M I2 in acetonitrile",TiO2 15 um thick,,149 nmol/cm2,-,-,0,0
656.0,7.1,0.65,3.01,"0.6 M DMPImI, 0.1 M LiI, and 0.05 M I2 in acetonitrile",TiO2 15 um thick,,99 nmol/cm2,-,-,0,0
652.0,11.5,0.64,4.82,"0.6 M DMPImI, 0.1 M LiI, and 0.05 M I2 in acetonitrile",TiO2 15 um thick,,71 nmol/cm2,-,-,0,0
570.0,4.4,0.67,1.7,"LiI (500 mM), iodine (50 mM), 4-tert-butyl pyridine (580 mM) and ethyl-methyl-imidazolium dicyanoimide (600 mM) in MeCN",TiO2 film 12 um thick,0.25,-,5 mM CDCA,-,1,0
700.0,11.7,0.68,5.6,"LiI (500 mM), iodine (50 mM), 4-tert-butyl pyridine (580 mM) and ethyl-methyl-imidazolium dicyanoimide (600 mM) in MeCN",TiO2 film 12 um thick,0.25,-,5 mM CDCA,-,1,0
720.0,12.9,0.53,4.9,"LiI (500 mM), iodine (50 mM), 4-tert-butyl pyridine (580 mM) and ethyl-methyl-imidazolium dicyanoimide (600 mM) in MeCN",TiO2 film 12 um thick,0.25,-,5 mM CDCA,-,1,0
630.0,11.9,0.57,4.3,"LiI (500 mM), iodine (50 mM), 4-tert-butyl pyridine (580 mM) and ethyl-methyl-imidazolium dicyanoimide (600 mM) in MeCN",TiO2 film 12 um thick,0.25,-,5 mM CDCA,-,1,0
680.0,12.0,0.64,5.2,"LiI (500 mM), iodine (50 mM), 4-tert-butyl pyridine (580 mM) and ethyl-methyl-imidazolium dicyanoimide (600 mM) in MeCN",TiO2 film 12 um thick,0.25,-,5 mM CDCA,-,1,0
735.0,11.34,0.73,6.05,"1.0 M 1,3-dimethylimidazolium iodide, 0.03 M iodine, 0.1 M guanidinium thiocyanate, 0.5 M tert-butylpyridine, 0.05 M lithium iodide in a mixture of acetonitrile and valeronitrile (85/15, v/v)",TiO2 film,0.16,-,10 mM DCA,-,1,0
614.0,11.81,0.72,5.17,"1-ethyl-3-methylimidazolium iodide/1,3-dimethylimidazolium iodide/1-ethyl-3-methylimidazolium tetracyanoborate/lithium iodide/Iodine/N-methyl-benzimidazole in molar ratio (12/12/16/1/1.67/4)",TiO2 film,0.16,-,10 mM DCA,-,1,0
724.0,10.01,0.75,5.5,"0.20 M (tris(2,2'-bipyridyl)cobalt(II) bis(trifluoromethane-sulfonyl)imide ([Co(bpy)3](TFSI)2), 0.06 M [Co(bpy)3](TFSI)3, 0.05 M LiTFSI, 1 M tert-butylpyridine (tBP) in acetonitrile",TiO2 film,0.16,-,10 mM DCA,-,1,0
750.0,8.22,0.65,4.0,"0.5 M LiI, 0.05 M I2, and 0.1 M 4-tert-butylpyridine in 1:1 acetonitrile-propylene carbonate",TiO2 film,,-,-,-,0,0
660.0,12.96,0.68,5.78,"0.5 M LiI, 0.05 M I2, and 0.1 M 4-tert-butylpyridine in 1:1 acetonitrile-propylene carbonate",TiO2 film,,-,-,-,0,0
630.0,13.38,0.7,5.86,"0.5 M LiI, 0.05 M I2, and 0.1 M 4-tert-butylpyridine in 1:1 acetonitrile-propylene carbonate",TiO2 film,,-,-,-,0,0
565.0,11.71,0.71,4.71,"0.6 M dimethylpropylimidazolium iodide, 0.05 M I2, 0.1 M LiI and 0.5 M tert-butyl pyridine in acetonitrile",TiO2 film (10 um thick + 5 um scattering layer),0.25,-,20 mM DCA,-,1,0
565.0,11.71,0.71,4.71,"0.6 M dimethylpropylimidazolium iodide, 0.05 M I2, 0.1 M LiI and 0.5 M tert-butyl pyridine in acetonitrile",TiO2 film (10 um thick + 5 um scattering layer),0.25,-,-,-,0,0
752.0,10.13,0.75,5.45,"0.6 M 1-methyl-3-propylimidazolium iodide, 0.10 M guanidinium thiocyanate, 0.03 M I2, 0.5 M tert-butylpyridine in acetonitrile and valeronitrile (85 : 15, v/v)",TiO2 15 um thick,0.16,-,-,-,0,0
706.0,10.52,0.74,5.48,"0.6 M 1-propyl-3-methylimidazolium iodide (PMII), 0.03 M I2, 0.05 M LiI, 0.1 M guanidinium thiocyanate (GuSCN), and 0.5 M 4-tert-butylpyridine (TBP) in acetonitrile and valeronitrile (85:15 v/v)",TiO2 15 um thick,,336 nmol/cm2,-,-,0,0
728.0,10.51,0.73,5.55,"0.6 M 1-propyl-3-methylimidazolium iodide (PMII), 0.03 M I2, 0.05 M LiI, 0.1 M guanidinium thiocyanate (GuSCN), and 0.5 M 4-tert-butylpyridine (TBP) in acetonitrile and valeronitrile (85:15 v/v)",TiO2 15 um thick,,306 nmol/cm2,-,-,0,0
731.0,10.65,0.6818,5.31,Solarnix Iodolyte HL-30,TiO2 film 8-12 um thick,0.18,-,20 mM DCA,-,1,0
731.0,10.65,0.6818,5.31,Iodolyte HL-30,TiO2 film (8-12 um thick + 5 um scattering layer),0.18,-,20 mM DCA,-,1,0
758.0,9.4,0.6645,4.7,Solarnix Iodolyte HL-30,TiO2 film 8-12 um thick,0.18,-,20 mM DCA,-,1,0
758.0,9.4,0.6645,4.7,Iodolyte HL-30,TiO2 film (8-12 um thick + 5 um scattering layer),0.18,-,20 mM DCA,-,1,0
770.0,10.41,0.78,6.24,"0.20 M (tris(2,2'-bipyridyl)cobalt(II) bis(trifluoromethane-sulfonyl)imide ([Co(bpy)3](TFSI)2), 0.06 M [Co(bpy)3](TFSI)3, 0.05 M LiTFSI, 1 M tert-butylpyridine (tBP) in acetonitrile",TiO2 film,0.16,-,10 mM DCA,-,1,0
704.0,8.85,0.78,4.9,"1.0 M 1,3-dimethylimidazolium iodide, 0.03 M iodine, 0.1 M guanidinium thiocyanate, 0.5 M tert-butylpyridine, 0.05 M lithium iodide in a mixture of acetonitrile and valeronitrile (85/15, v/v)",TiO2 film,0.16,-,10 mM DCA,-,1,0
665.0,9.08,0.74,4.49,"1-ethyl-3-methylimidazolium iodide/1,3-dimethylimidazolium iodide/1-ethyl-3-methylimidazolium tetracyanoborate/lithium iodide/Iodine/N-methyl-benzimidazole in molar ratio (12/12/16/1/1.67/4)",TiO2 film,0.16,-,10 mM DCA,-,1,0
600.0,7.39,0.7,3.1,"0.03 M iodine (I2), 0.01 M guanidinium thiocyanate (GuNCS), 0.5 M tert-butylpyridine 0.6 M 1-butyl-3-methyl-imidazolium iodide (BMII) in acetonitrile:valeronitrile (MeCN:VN) 85:15",TiO2 film (8 um transparent + 4 um scat­tering layer),0.1256,-,-,-,0,0
450.0,1.77,0.7,0.56,"0.03 M iodine (I2), 0.01 M guanidinium thiocyanate (GuNCS), 0.5 M tert-butylpyridine 0.6 M 1-butyl-3-methyl-imidazolium iodide (BMII) in acetonitrile:valeronitrile (MeCN:VN) 85:15",TiO2 film (8 um transparent + 4 um scat­tering layer),0.1256,-,-,-,0,0
610.0,9.71,0.68,4.02,"0.03 M iodine (I2), 0.01 M guanidinium thiocyanate (GuNCS), 0.5 M tert-butylpyridine 0.6 M 1-butyl-3-methyl-imidazolium iodide (BMII) in acetonitrile:valeronitrile (MeCN:VN) 85:15",TiO2 film (8 um transparent + 4 um scat­tering layer),0.1256,-,6 mM CDCA,SQ2,1,1
690.0,12.48,0.73,6.29,"0.5 M lithium iodide (LiI), 0.05 M I2, and 0.5 M 4-tert-butylpyridine (TBP) in solvent of THF/C2H5OH",TiO2 film,0.196,-,-,-,0,0
710.0,14.86,0.75,7.91,"0.5 M lithium iodide (LiI), 0.05 M I2, and 0.5 M 4-tert-butylpyridine (TBP) in solvent of THF/C2H5OH",TiO2 film,0.196,-,-,-,0,0
730.0,7.19,0.67,3.52,"0.6 M LiI, 0.03 M I2, 0.1 M guanidinium thiocyanate, and 0.5 M tert-butylpyridine in a 15/85 (v/v) mixture of benzonitrile and acetonitrile",TiO2 film 11 um thick,0.25,-,-,-,0,0
700.0,8.88,0.66,4.1,"0.6 M LiI, 0.03 M I2, 0.1 M guanidinium thiocyanate, and 0.5 M tert-butylpyridine in a 15/85 (v/v) mixture of benzonitrile and acetonitrile",TiO2 film 11 um thick,0.25,-,-,-,0,0
700.0,10.89,0.67,5.12,"0.6 M LiI, 0.03 M I2, 0.1 M guanidinium thiocyanate, and 0.5 M tert-butylpyridine in a 15/85 (v/v) mixture of benzonitrile and acetonitrile",TiO2 film 11 um thick,0.25,-,-,-,0,0
600.0,11.2,0.75,5.0,"0.1 M LiI, 0.05 M I2, 0.6 M 1, 2-dimethyl-3- N-propylimidazolium iodide and 0.5 M TBP in dehydrated acetonitrile",TiO2 film (16 um thick),0.2304,-,-,-,0,0
770.0,8.5,0.65,4.25,"0.6 M 1,2-dimethyl-3-n-propylimidazolium iodide (DMPImI), 0.1 M LiI, 0.05 M I2, and 0.5 M 4-tert-butylpyridine (TBP) and 0.1 M guanidinium thiocyanate (GNCS) in acetonitrile",TiO2 film (12 um thick),0.158,398 nmol/cm2,-,-,0,0
697.0,11.3,0.66,5.19,"0.6 M 1,2-dimethyl-3-n-propylimidazolium iodide (DMPImI), 0.1 M LiI, 0.05 M I2, and 0.5 M 4-tert-butylpyridine (TBP) and 0.1 M guanidinium thiocyanate (GNCS) in acetonitrile",TiO2 film (12 um thick),0.158,589 nmol/cm2,-,-,0,0
734.0,14.33,0.76,8.0,"1.0 M 1,3-dimethylimidazolium iodide, 0.05 M LiI, 0.1 M guanidinium thiocyanate, 0.03 M I2, and 0.5 M tert-butylpyridine in the mixture of acetonitrile and valeronitrile (85/15, V/V)",TiO2 film (7+4 um),0.159,-,0.3 mM CDCA,-,1,0
676.0,14.06,0.74,7.0,"1,3-dimethylimidazolium iodide/1-ethyl-3-methylimidazoliumiodide/1-ethyl-3-methylimidazoliumtetracyanoborate/iodine/N-butylbenzoimidazole/guannidinium thiocyanate (molar ratio, 12/12/16/1.67/3.33/0.67)",TiO2 film (7+4 um),0.159,-,0.3 mM CDCA,-,1,0
790.0,15.35,0.64,7.74,"0.22 M [Co(II)(bpy)3]TFSI2, 0.06 M [Co(III)(bpy)3]TFSI3, 0.1 M LiTFSI, and 0.5 M tert-butylpyridine in acetonitrile",TiO2 film,0.25,-,-,-,0,0
788.0,11.87,0.68,8.04,"0.22 M [Co(II)(bpy)3]TFSI2, 0.06 M [Co(III)(bpy)3]TFSI3, 0.1 M LiTFSI, and 0.5 M tert-butylpyridine in acetonitrile",TiO2 film,0.25,-,-,-,0,0
778.0,8.74,0.71,7.6,"0.22 M [Co(II)(bpy)3]TFSI2, 0.06 M [Co(III)(bpy)3]TFSI3, 0.1 M LiTFSI, and 0.5 M tert-butylpyridine in acetonitrile",TiO2 film,0.25,-,-,-,0,0
768.0,6.73,0.72,7.4,"0.22 M [Co(II)(bpy)3]TFSI2, 0.06 M [Co(III)(bpy)3]TFSI3, 0.1 M LiTFSI, and 0.5 M tert-butylpyridine in acetonitrile",TiO2 film,0.25,-,-,-,0,0
752.0,4.54,0.73,7.89,"0.22 M [Co(II)(bpy)3]TFSI2, 0.06 M [Co(III)(bpy)3]TFSI3, 0.1 M LiTFSI, and 0.5 M tert-butylpyridine in acetonitrile",TiO2 film,0.25,-,-,-,0,0
700.0,1.31,0.74,6.79,"0.22 M [Co(II)(bpy)3]TFSI2, 0.06 M [Co(III)(bpy)3]TFSI3, 0.1 M LiTFSI, and 0.5 M tert-butylpyridine in acetonitrile",TiO2 film,0.25,-,-,-,0,0
770.0,12.41,0.5719,5.44,Solarnix Iodolyte HL-30,TiO2 film 8-12 um thick,0.18,-,20 mM DCA,-,1,0
770.0,12.41,0.5719,5.44,Iodolyte HL-30,TiO2 film (8-12 um thick + 5 um scattering layer),0.18,-,20 mM DCA,-,1,0
670.0,13.5,0.72,6.67,"0.6 M DMPII, 0.5 M LiI, 0.05 M I2, 0.5 M TBP in an acetonitrrile",TiO2 14 um thick,,-,40 mM DCA,-,1,0
640.0,9.21,0.68,4.01,"acetonitrile solution containing LiI (0.5 M), I2 (0.05 M), and 4-tert-butylpyridine (0.5 M)",TiO2 film (16-18 um thick),0.25,-,-,-,0,0
670.0,9.38,0.7,4.32,"0.1 M LiI, 0.6 M DMPII, 0.05 M I2 and 0.5 M TBP in a mixture of ACN/MPN (volume ratio of 1:1)",TiO2 film (6 um thick),0.16,-,-,-,0,0
660.0,11.35,0.72,5.28,"0.1 M LiI, 0.6 M DMPII, 0.05 M I2 and 0.5 M TBP in a mixture of ACN/MPN (volume ratio of 1:1)",TiO2 film (12 um thick),0.16,-,-,-,0,0
640.0,9.75,0.69,4.38,"0.1 M LiI, 0.6 M DMPII, 0.05 M I2 and 0.5 M TBP in a mixture of ACN/MPN (volume ratio of 1:1)",TiO2 film (18 um thick),0.16,-,-,-,0,0
620.0,9.74,0.63,3.81,"0.1 M LiI, 0.6 M DMPII, 0.05 M I2 and 0.5 M TBP in a mixture of ACN/MPN (volume ratio of 1:1)",TiO2 film (24 um thick),0.16,-,-,-,0,0
600.0,12.13,0.67,4.85,0.7 M LiI and 0.5 M TBP in a mixture of ACN/MPN (volume ratio of 1:1),TiO2 film (12 um thick),0.16,-,-,-,0,0
680.0,11.62,0.71,5.05,"0.6 M LiI, 0.1 M DMPII, and 0.5 M TBP in a mixture of ACN/MPN (volume ratio of 1:1)",TiO2 film (12 um thick),0.16,-,-,-,0,0
695.0,12.21,0.72,6.15,"0.6 M 1-propyl-3-methylimidazolium iodide (PMII), 0.03 M I2, 0.05 M LiI, 0.1 M guanidinium thiocyanate (GuSCN), and 0.5 M 4-tert-butylpyridine (TBP) in acetonitrile and valeronitrile (85:15 v/v)",TiO2 15 um thick,,272 nmol/cm2,-,-,0,0
915.0,11.2,0.68,6.97,"0.25 M [Co(II)(phen)3](PF6)2, 0.05 M [Co(III)(phen)3](PF6)3, 0.5 M TBP and 0.1 M LiTFSI in acetonitrile",TiO2 film (3 um thick + 4 um scattering layer),0.19,27 nmol/cm2,-,-,0,0
765.0,5.6,0.69,2.95,"0.25 M [Co(II)(phen)3](PF6)2, 0.05 M [Co(III)(phen)3](PF6)3, 0.5 M TBP and 0.1 M LiTFSI in acetonitrile",TiO2 film (3 um thick + 4 um scattering layer),0.19,34 nmol/cm2,-,-,0,0
867.0,15.3,0.68,9.02,"0.25 M [Co(II)(phen)3](PF6)2, 0.05 M [Co(III)(phen)3](PF6)3, 0.5 M TBP and 0.1 M LiTFSI in acetonitrile",TiO2 film (3 um thick + 4 um scattering layer),0.19,37 nmol/cm2,-,-,0,0
760.0,7.97,0.71,4.3,"0.25 M [Co(II)(phen)3](PF6)2, 0.05 M [Co(III)(phen)3](PF6)3, 0.5 M TBP and 0.1 M LiTFSI in acetonitrile",TiO2 film (3 um thick + 4 um scattering layer),0.19,39 nmol/cm2,-,-,0,0
830.0,13.0,0.69,7.44,"0.25 M [Co(II)(phen)3](PF6)2, 0.05 M [Co(III)(phen)3](PF6)3, 0.5 M TBP and 0.1 M LiTFSI in acetonitrile",TiO2 film (3 um thick + 4 um scattering layer),0.19,-,-,-,0,0
883.0,12.8,0.67,7.57,Co-bpy,TiO2 film (3 um thick + 4 um scattering layer),0.19,-,-,-,0,0
721.0,14.2,0.67,6.86,Co-dmbpy,TiO2 film (3 um thick + 4 um scattering layer),0.19,-,-,-,0,0
738.0,9.4,0.69,4.79,Co-bpy,TiO2 film (3 um thick + 4 um scattering layer),0.19,-,-,-,0,0
626.0,12.5,0.68,5.32,Co-dmbpy,TiO2 film (3 um thick + 4 um scattering layer),0.19,-,-,-,0,0
827.0,14.8,0.68,8.32,Co-bpy,TiO2 film (3 um thick + 4 um scattering layer),0.19,-,-,-,0,0
670.0,15.8,0.68,7.2,Co-dmbpy,TiO2 film (3 um thick + 4 um scattering layer),0.19,-,-,-,0,0
783.0,10.2,0.7,5.59,Co-bpy,TiO2 film (3 um thick + 4 um scattering layer),0.19,-,-,-,0,0
658.0,13.8,0.69,6.27,Co-dmbpy,TiO2 film (3 um thick + 4 um scattering layer),0.19,-,-,-,0,0
648.0,9.49,0.66,4.03,"0.30 M [Co(II)(Me2bpy)3]TFSI2, 0.06 M [Co(III)(Me2bpy)3]TFSI3, 0.1 M LiClO4, and 0.33 M tert-butylpyridine in acetonitrile",TiO2 film (4 um thick + 4 um scattering layer),0.12,-,5 mM CDCA,-,1,0
651.0,12.97,0.65,5.49,"0.30 M [Co(II)(Me2bpy)3]TFSI2, 0.06 M [Co(III)(Me2bpy)3]TFSI3, 0.1 M LiClO4, and 0.33 M tert-butylpyridine in acetonitrile",TiO2 film (4 um thick + 4 um scattering layer),0.12,-,5 mM CDCA,-,1,0
667.0,16.73,0.65,7.23,"0.30 M [Co(II)(Me2bpy)3]TFSI2, 0.06 M [Co(III)(Me2bpy)3]TFSI3, 0.1 M LiClO4, and 0.33 M tert-butylpyridine in acetonitrile",TiO2 film (4 um thick + 4 um scattering layer),0.12,-,5 mM CDCA,-,1,0
604.0,8.37,0.72,3.65,"0.05 M I2, 0.1 M LiI, 0.5 M GuSCN, 0.5 M TPB, 0.6 M BMII, 0.1 M DMPII",TiO2 film (4 um thick + 4 um scattering layer),0.12,-,5 mM CDCA,-,1,0
621.0,12.26,0.7,5.32,"0.05 M I2, 0.1 M LiI, 0.5 M GuSCN, 0.5 M TPB, 0.6 M BMII, 0.1 M DMPII",TiO2 film (4 um thick + 4 um scattering layer),0.12,-,5 mM CDCA,-,1,0
647.0,14.19,0.69,6.29,"0.05 M I2, 0.1 M LiI, 0.5 M GuSCN, 0.5 M TPB, 0.6 M BMII, 0.1 M DMPII",TiO2 film (4 um thick + 4 um scattering layer),0.12,-,5 mM CDCA,-,1,0
690.0,10.81,0.72,5.36,"0.1 M LiI, 0.6 M DMPII, and 0.5 M TBP in a mixture of ACN/MPN (volume ratio of 1:1)",TiO2 film (12 um thick),0.16,-,-,-,0,0
800.0,8.0,0.75,3.79,0.7 M DMPII and 0.5 M TBP in a mixture of ACN/MPN (volume ratio of 1:1),TiO2 film (12 um thick),0.16,-,-,-,0,0
630.0,16.94,0.66,7.01,"0.1 M LiI, 0.6 M DMPII, 0.03 M I2 , and 0.5 M TBP in a mixture of ACN/MPN (volume ratio of 1:1)",TiO2 film (12 um thick),0.16,-,DINHOP,-,1,0
640.0,7.4,0.71,3.34,"0.6 M BMII (1-butyl-3-methylimidazolium iodide), 0.05 M LiI, 0.03 MI2, 0.5 M 4-tert-butylpyridine, and 0.1 M guanidinium thiocyanate in a mixture of acetonitrile-valeronitrile (85:15, v/v)",TiO2 film (10 um thick),0.16,120 nmol/cm2,-,-,0,0
610.0,7.1,0.59,2.6,"LiI (100 mM), iodine (30 mM), 4-tert-butyl pyridine (500 mM) and 1-butyl-3-methyl-imidazolium iodide (600 mM) in mixed solvent of acetonitrile and varelonitrile (volume ratio of 85:15)",TiO2 film (8 um transparent + 11 um scat­tering layer),0.16,-,-,-,0,0
660.0,11.19,0.7,5.22,"0.6 M 1-butyl-3-methylimidazolium iodide (BMII), 0.05 M LiI, 0.03 M I2, 0.5 M 4-tert-butylpyridine, and 0.1 M guanidinium thiocyanate in a mixture of acetonitrile-valeronitrile (85:15, v/v)]",TiO2 film (12 um thick + 4 um scattering layer),0.125,250 nmol/cm2,0.5 mM DCA,-,1,0
670.0,11.2,0.69,5.19,"acetonitrile solution containing LiI (0.5 M), I2 (0.05 M), and 4-tert-butylpyridine (0.5 M)",TiO2 film (16-18 um thick),0.25,-,-,-,0,0
680.0,9.99,0.68,4.58,"acetonitrile solution containing LiI (0.5 M), I2 (0.05 M), and 4-tert-butylpyridine (0.5 M)",TiO2 film (16-18 um thick),0.25,-,-,-,0,0
670.0,10.84,0.65,4.73,"acetonitrile solution containing LiI (0.5 M), I2 (0.05 M), and 4-tert-butylpyridine (0.5 M)",TiO2 film (16-18 um thick),0.25,-,-,-,0,0
710.0,13.0,0.69,6.31,"0.1 M LiI, 0.6 M DMPII, 0.03 M I2 , and 0.5 M TBP in a mixture of ACN/MPN (volume ratio of 1:1)",TiO2 film (12 um thick),0.16,-,DINHOP,-,1,0
671.0,10.48,0.67,4.71,"0.6 M BMII (1-butyl-3-methylimidazolium iodide), 0.05 M LiI, 0.03 MI2, 0.5 M 4-tert-butylpyridine, and 0.1 M guanidinium thiocyanate in a mixture of acetonitrile-valeronitrile (85:15, v/v)",TiO2 film (10 um thick),0.16,86 nmol/cm2,-,-,0,0
695.0,10.78,0.68,5.06,"0.6 M BMII (1-butyl-3-methylimidazolium iodide), 0.05 M LiI, 0.03 MI2, 0.5 M 4-tert-butylpyridine, and 0.1 M guanidinium thiocyanate in a mixture of acetonitrile-valeronitrile (85:15, v/v)",TiO2 film (10 um thick),0.16,42.6 nmol/cm2,-,-,0,0
769.0,13.7,0.59,6.24,"0.6 M BMII (1-butyl-3-methylimidazolium iodide), 0.05 M LiI, 0.03 MI2, 0.5 M 4-tert-butylpyridine, and 0.1 M guanidinium thiocyanate in a mixture of acetonitrile-valeronitrile (85:15, v/v)",TiO2 film (10 um thick),0.16,48.5 nmol/cm2,-,-,0,0
692.0,16.3,0.68,7.67,"0.6 M 1,2-dimethyl-3-n-propylimidazolium iodide (DMPImI), 0.1 M LiI, 0.05 M I2, and 0.5 M tertbutylpyridine in acetonitrile",TiO2 film (9 + 4 um thick),0.19,116 nmol/cm2,-,-,0,0
690.0,9.5,0.75,4.9,"0.1 M LiI, 0.05 M I2, 0.6 M 1, 2-dimethyl-3- N-propylimidazolium iodide and 0.5 M TBP in dehydrated acetonitrile",TiO2 film (16 um thick),0.2304,-,-,-,0,0
633.0,8.96,0.69,3.91,"0.03 M I2, 0.05 M LiI, 0.5 M TBP, 0.1 M guandine thiocyanate, 1.0 M 1,3-dimethylimidazolium (DMII) DMII in acetonitrile and valeronitrile (v/v, 85/15)",TiO2 film,0.25,-,-,-,0,0
699.0,14.99,0.69,7.21,"0.03 M I2, 0.05 M LiI, 0.5 M TBP, 0.1 M guandine thiocyanate, 1.0 M 1,3-dimethylimidazolium (DMII) DMII in acetonitrile and valeronitrile (v/v, 85/15)",TiO2 film,0.25,-,5 mM CDCA,-,1,0
572.0,6.11,0.585,2.05,"3-propyl-1-methyl-imidazolium iodide (PMII, 0.7 M), LiI (0.2 M), I2 (0.05 M), and t-butylpyridine (TBP, 0.5 M) in acetonitrile/valeronitrile (85:15 v/v)",TiO2 film,0.41,-,-,-,0,0
587.0,7.89,0.722,3.34,"3-propyl-1-methyl-imidazolium iodide (PMII, 0.7 M), LiI (0.2 M), I2 (0.05 M), and t-butylpyridine (TBP, 0.5 M) in acetonitrile/valeronitrile (85:15 v/v)",TiO2 film,0.41,-,-,-,0,0
810.0,17.54,0.72,10.21,"0.1 M GuSCN, 1.2 M DMPII, 0.035 M I2, and 0.5 M tBP in ACN/MPN (volume ratio of 8:2)",TiO2 film (12 um transparent + 4 um scat­tering layer),,-,-,-,0,0
780.0,16.86,0.69,9.02,"0.1 M GuSCN, 1.2 M DMPII, 0.035 M I2, and 0.5 M tBP in ACN/MPN (volume ratio of 8:2)",TiO2 film (12 um transparent + 4 um scat­tering layer),,-,-,-,0,0
780.0,15.54,0.62,7.6,"0.1 M GuSCN, 1.2 M DMPII, 0.035 M I2, and 0.5 M tBP in ACN/MPN (volume ratio of 8:2)",TiO2 film (12 um transparent + 4 um scat­tering layer),,-,-,-,0,0
800.0,16.97,0.72,9.83,"0.1 M GuSCN, 1.2 M DMPII, 0.035 M I2, and 0.5 M tBP in ACN/MPN (volume ratio of 8:2)",TiO2 film (12 um transparent + 4 um scat­tering layer),,-,1 mM CDCA,-,1,0
800.0,16.4,0.71,9.37,"0.1 M GuSCN, 1.2 M DMPII, 0.035 M I2, and 0.5 M tBP in ACN/MPN (volume ratio of 8:2)",TiO2 film (12 um transparent + 4 um scat­tering layer),,-,10 mM CDCA,-,1,0
810.0,15.98,0.7,9.13,"0.1 M GuSCN, 1.2 M DMPII, 0.035 M I2, and 0.5 M tBP in ACN/MPN (volume ratio of 8:2)",TiO2 film (12 um transparent + 4 um scat­tering layer),,-,20 mM CDCA,-,1,0
810.0,15.39,0.65,8.12,"0.1 M GuSCN, 1.2 M DMPII, 0.035 M I2, and 0.5 M tBP in ACN/MPN (volume ratio of 8:2)",TiO2 film (12 um transparent + 4 um scat­tering layer),,-,30 mM CDCA,-,1,0
811.0,18.79,0.7331,11.18,"0.1 M GuSCN, 1.2 M DMPII, 0.035 M I2, and 0.5 M tBP in ACN/MPN (volume ratio of 8:2)",TiO2 film + 3D photonic crystal layer,,-,-,-,0,0
650.0,8.2,0.85,4.52,"0.3 M 1-methyl-3-propylimidazolium iodide (MPII), 0.03 M I2, 0.07 M LiI, 0.1 M guandine thiocyanate and 0.4 M 4-tert-butylpyridine (TBP)",TiO2 film (18 um thick),0.16,211 nmol/cm2,-,-,0,0
640.0,9.21,0.75,4.4,"0.3 M 1-methyl-3-propylimidazolium iodide (MPII), 0.03 M I2, 0.07 M LiI, 0.1 M guandine thiocyanate and 0.4 M 4-tert-butylpyridine (TBP)",TiO2 film (18 um thick),0.16,392 nmol/cm2,-,-,0,0
700.0,9.17,0.78,4.99,"0.3 M 1-methyl-3-propylimidazolium iodide (MPII), 0.03 M I2, 0.07 M LiI, 0.1 M guandine thiocyanate and 0.4 M 4-tert-butylpyridine (TBP)",TiO2 film (18 um thick),0.16,292 nmol/cm2,-,-,0,0
582.0,10.6,0.68,4.19,"0.6 M 1,2-dimethyl-3-n-propylimidazolium iodide (DMPImI), 0.1 M LiI, 0.05 M I2, and 0.5 M tertbutylpyridine in acetonitrile",TiO2 film (9 + 4 um thick),0.19,93 nmol/cm2,-,-,0,0
580.0,7.3,0.62,2.6,"LiI (100 mM), iodine (30 mM), 4-tert-butyl pyridine (500 mM) and 1-butyl-3-methyl-imidazolium iodide (600 mM) in mixed solvent of acetonitrile and varelonitrile (volume ratio of 85:15)",TiO2 film (8 um transparent + 11 um scat­tering layer),0.16,-,-,-,0,0
900.0,13.5,0.68,8.26,"0.25 M [Co(II)(phen)3](PF6)2, 0.05 M [Co(III)(phen)3](PF6)3, 0.5 M TBP and 0.1M LiTFSI in acetonitrile",TiO2 film,0.25,-,-,-,0,0
741.0,13.11,0.65,6.37,"0.6 M 1-methyl-3-propylimidazolium iodide (PMII), 0.1 M guanidinium thiocyanate, 0.07 M I2, 0.05 M LiI, and 0.5 M tert-butylpyridine in acetonitrile/valeronitrile (85:15)",TiO2 film (12 um thick + 4 um scattering layer),0.16,499 nmol/cm2,-,-,0,0
662.0,9.31,0.65,4.03,"0.6 M 1-methyl-3-propylimidazolium iodide (PMII), 0.1 M guanidinium thiocyanate, 0.07 M I2, 0.05 M LiI, and 0.5 M tert-butylpyridine in acetonitrile/valeronitrile (85:15)",TiO2 film (12 um thick + 4 um scattering layer),0.16,413 nmol/cm2,-,-,0,0
655.0,9.01,0.68,4.01,"0.6 M 1-methyl-3-propylimidazolium iodide (PMII), 0.1 M guanidinium thiocyanate, 0.07 M I2, 0.05 M LiI, and 0.5 M tert-butylpyridine in acetonitrile/valeronitrile (85:15)",TiO2 film (12 um thick + 4 um scattering layer),0.16,344 nmol/cm2,-,-,0,0
721.0,14.51,0.65,6.78,"0.6 M 1-methyl-3-propylimidazolium iodide (PMII), 0.1 M guanidinium thiocyanate, 0.07 M I2, 0.05 M LiI, and 0.5 M tert-butylpyridine in acetonitrile/valeronitrile (85:15)",TiO2 film (12 um thick + 4 um scattering layer),0.16,370 nmol/cm2,-,-,0,0
685.0,17.61,0.59,7.12,"0.6 M 1-methyl-3-propylimidazolium iodide (PMII), 0.1 M guanidinium thiocyanate, 0.07 M I2, 0.05 M LiI, and 0.5 M tert-butylpyridine in acetonitrile/valeronitrile (85:15)",TiO2 film (12 um thick + 4 um scattering layer),0.16,466 nmol/cm2,-,-,0,0
710.0,11.75,0.72,6.0,"0.6 M 1-methyl-3-propylimidazolium iodide (PMII), 0.1 M guanidinium thiocyanate, 0.07 M I2, 0.05 M LiI, and 0.5 M tert-butylpyridine in acetonitrile/valeronitrile (85:15)",TiO2 film (12 um thick + 4 um scattering layer),0.16,-,1 mM CDCA,-,1,0
707.0,11.71,0.69,5.75,"0.6 M 1-methyl-3-propylimidazolium iodide (PMII), 0.1 M guanidinium thiocyanate, 0.07 M I2, 0.05 M LiI, and 0.5 M tert-butylpyridine in acetonitrile/valeronitrile (85:15)",TiO2 film (12 um thick + 4 um scattering layer),0.16,-,10 mM CDCA,-,1,0
601.0,7.83,0.74,3.49,"0.6 M 1-methyl-3-propylimidazolium iodide (PMII), 0.1 M guanidinium thiocyanate, 0.07 M I2, 0.05 M LiI, and 0.5 M tert-butylpyridine in acetonitrile/valeronitrile (85:15)",TiO2 film (12 um thick + 4 um scattering layer),0.16,-,1 mM CDCA,-,1,0
619.0,6.68,0.71,2.94,"0.6 M 1-methyl-3-propylimidazolium iodide (PMII), 0.1 M guanidinium thiocyanate, 0.07 M I2, 0.05 M LiI, and 0.5 M tert-butylpyridine in acetonitrile/valeronitrile (85:15)",TiO2 film (12 um thick + 4 um scattering layer),0.16,-,10 mM CDCA,-,1,0
631.0,7.47,0.74,3.5,"0.6 M 1-methyl-3-propylimidazolium iodide (PMII), 0.1 M guanidinium thiocyanate, 0.07 M I2, 0.05 M LiI, and 0.5 M tert-butylpyridine in acetonitrile/valeronitrile (85:15)",TiO2 film (12 um thick + 4 um scattering layer),0.16,-,1 mM CDCA,-,1,0
615.0,6.46,0.67,2.66,"0.6 M 1-methyl-3-propylimidazolium iodide (PMII), 0.1 M guanidinium thiocyanate, 0.07 M I2, 0.05 M LiI, and 0.5 M tert-butylpyridine in acetonitrile/valeronitrile (85:15)",TiO2 film (12 um thick + 4 um scattering layer),0.16,-,10 mM CDCA,-,1,0
702.0,14.28,0.64,6.45,"0.6 M 1-methyl-3-propylimidazolium iodide (PMII), 0.1 M guanidinium thiocyanate, 0.07 M I2, 0.05 M LiI, and 0.5 M tert-butylpyridine in acetonitrile/valeronitrile (85:15)",TiO2 film (12 um thick + 4 um scattering layer),0.16,-,1 mM CDCA,-,1,0
698.0,12.63,0.66,5.8,"0.6 M 1-methyl-3-propylimidazolium iodide (PMII), 0.1 M guanidinium thiocyanate, 0.07 M I2, 0.05 M LiI, and 0.5 M tert-butylpyridine in acetonitrile/valeronitrile (85:15)",TiO2 film (12 um thick + 4 um scattering layer),0.16,-,10 mM CDCA,-,1,0
658.0,16.47,0.64,6.94,"0.6 M 1-methyl-3-propylimidazolium iodide (PMII), 0.1 M guanidinium thiocyanate, 0.07 M I2, 0.05 M LiI, and 0.5 M tert-butylpyridine in acetonitrile/valeronitrile (85:15)",TiO2 film (12 um thick + 4 um scattering layer),0.16,-,1 mM CDCA,-,1,0
648.0,12.89,0.68,5.71,"0.6 M 1-methyl-3-propylimidazolium iodide (PMII), 0.1 M guanidinium thiocyanate, 0.07 M I2, 0.05 M LiI, and 0.5 M tert-butylpyridine in acetonitrile/valeronitrile (85:15)",TiO2 film (12 um thick + 4 um scattering layer),0.16,-,10 mM CDCA,-,1,0
765.0,11.85,0.69,6.25,"0.1 M LiI, 0.03 M I2, 0.6 M 1-methyl-3-propylimidazolium iodide, and 0.5 M tert-butylpyridine in dry acetonitrile",TiO2 film (10 um thick),0.16,240 nmol/cm2,10 mM CDCA,-,1,0
700.0,10.35,0.69,5.06,iodide/triiodide,TiO2 film,,-,-,-,0,0
620.0,7.38,0.74,3.38,iodide/triiodide,TiO2 film,,-,-,-,0,0
730.0,4.82,0.74,2.6,iodide/triiodide,TiO2 film,,-,-,-,0,0
610.0,10.5,0.68,4.4,"LiI (100 mM), iodine (30 mM), 4-tert-butyl pyridine (500 mM) and 1-butyl-3-methyl-imidazolium iodide (600 mM) in mixed solvent of acetonitrile and varelonitrile (volume ratio of 85:15)",TiO2 film (8 um transparent + 11 um scat­tering layer),0.16,-,-,-,0,0
752.0,10.46,0.785,6.21,"0.6 M 1,2-dimethyl-3-propylimidazole iodide (DMPII), 0.5 M 4-tert-butylpyridine (TBP), 0.05 M I2 and 0.1 M LiI in acetonitrile",TiO2 film (12-13 um thick + 3.5 um scattering layer),0.14,-,20 mM CDCA,-,1,0
742.0,12.79,0.7467,7.09,"0.6 M 1,2-dimethyl-3-propylimidazole iodide (DMPII), 0.5 M 4-tert-butylpyridine (TBP), 0.05 M I2 and 0.1 M LiI in acetonitrile",TiO2 film (12-13 um thick + 3.5 um scattering layer),0.14,-,20 mM CDCA,-,1,0
694.0,14.38,0.7429,7.4,"0.6 M 1,2-dimethyl-3-propylimidazole iodide (DMPII), 0.5 M 4-tert-butylpyridine (TBP), 0.05 M I2 and 0.1 M LiI in acetonitrile",TiO2 film (12-13 um thick + 3.5 um scattering layer),0.14,-,20 mM CDCA,-,1,0
564.0,12.4,0.68,5.0,"0.1 M GuNCS, 1.0 M DMII, 30 mM I2, 0.5 M TBP, 1.0 M LiI, and 85:15 MeCN:valeronitrile",TiO2 film (10 um transparent + 5 um scat­tering layer),0.15,-,4 mM CDCA,-,1,0
555.0,8.4,0.76,3.7,"0.1 M GuNCS, 1.0 M DMII, 30 mM I2, 0.5 M TBP, 1.0 M LiI, and 85:15 MeCN:valeronitrile",TiO2 film (10 um transparent + 5 um scat­tering layer),0.15,-,12 mM CDCA,-,1,0
609.0,12.0,0.72,5.5,"0.1 M GuNCS, 1.0 M DMII, 30 mM I2, 0.5 M TBP, 1.0 M LiI, and 85:15 MeCN:valeronitrile",TiO2 film (10 um transparent + 5 um scat­tering layer),0.15,-,"fluorinated carbon self-assembled monolayers (FSAM; trimethoxy (3,3,4,4,5,5,6,6,7,7,8,8,8-tri-decafluorooctyl)silane), 4 mM CDCA",-,1,0
679.0,12.5,0.75,6.6,"0.1 M GuNCS, 1.0 M DMII, 30 mM I2, 0.5 M TBP, 1.0 M LiI, and 85:15 MeCN:valeronitrile",TiO2 film (10 um thick),0.15,-,8 mM CDCA,-,1,0
558.0,8.7,0.75,3.8,"0.1 M GuNCS, 1.0 M DMII, 30 mM I2, 0.5 M TBP, 1.0 M LiI, and 85:15 MeCN:valeronitrile",TiO2 film (10 um thick),0.15,-,12 mM CDCA,-,1,0
612.0,17.6,0.67,7.5,"0.1 M GuNCS, 1.0 M DMII, 30 mM I2, 0.5 M TBP, 1.0 M LiI, and 85:15 MeCN:valeronitrile",TiO2 film (10 um transparent + 5 um scat­tering layer),0.15,-,12 mM CDCA,D35,1,1
598.0,9.7,0.71,8.5,"0.1 M GuNCS, 1.0 M DMII, 30 mM I2, 0.5 M TBP, 1.0 M LiI, and 85:15 MeCN:valeronitrile",TiO2 film (10 um transparent + 5 um scat­tering layer),0.15,-,12 mM CDCA,D35,1,1
568.0,2.4,0.75,10.4,"0.1 M GuNCS, 1.0 M DMII, 30 mM I2, 0.5 M TBP, 1.0 M LiI, and 85:15 MeCN:valeronitrile",TiO2 film (10 um transparent + 5 um scat­tering layer),0.15,-,12 mM CDCA,D35,1,1
606.0,14.8,0.68,7.7,"0.1 M GuNCS, 1.0 M DMII, 30 mM I2, 0.5 M TBP, 1.0 M LiI, and 85:15 MeCN:valeronitrile",TiO2 film (10 um transparent + 5 um scat­tering layer),0.15,-,12 mM CDCA,D35,1,1
591.0,6.7,0.73,9.0,"0.1 M GuNCS, 1.0 M DMII, 30 mM I2, 0.5 M TBP, 1.0 M LiI, and 85:15 MeCN:valeronitrile",TiO2 film (10 um transparent + 5 um scat­tering layer),0.15,-,12 mM CDCA,D35,1,1
621.0,18.9,0.69,8.6,"0.1 M GuNCS, 1.0 M DMII, 30 mM I2, 0.5 M TBP, 1.0 M LiI, and 85:15 MeCN:valeronitrile",TiO2 film (10 um transparent + 5 um scat­tering layer),0.15,-,12 mM CDCA,D35+HD2-mono,1,1
680.0,15.6,0.73,7.67,"0.6 M DMII, 0.05 M LiI, 0.03 M I2, 0.25 M TBP, 0.05 M GuSCN in acetonitrile:valeronitrile (85:15)",TiO2 film (7.5 um transparent + 5 um scat­tering layer),0.2,-,-,-,0,0
680.0,15.6,0.73,7.67,"0.6 M 1,3-dimethylimidazolium iodide, 0.03 M I2, 0.05 M LiI, 0.05 M guanidinium thiocyanate and 0.25 M 4-tert-butylpyridine in 15/85 (v/v) mixture of valeronitrile and acetonitrile",TiO2 film (3.5 um thick + 4 um scattering layer),0.2,-,1.25 mM CDCA,-,1,0
690.0,16.9,0.71,8.31,"0.6 M DMII, 0.05 M LiI, 0.03 M I2, 0.25 M TBP, 0.05 M GuSCN in acetonitrile:valeronitrile (85:15)",TiO2 film (7.5 um transparent + 5 um scat­tering layer),0.2,-,2.5 mM CDCA,0.025 mM NT35,1,1
720.0,17.0,0.7,8.6,"0.6 M DMII, 0.05 M LiI, 0.03 M I2, 0.25 M TBP, 0.05 M GuSCN in acetonitrile:valeronitrile (85:15)",TiO2 film (7.5 um transparent + 5 um scat­tering layer),0.2,-,2.5 mM CDCA,0.025 mM D35,1,1
790.0,8.7,0.74,5.05,"0.6 M DMII, 0.05 M LiI, 0.03 M I2, 0.25 M TBP, 0.05 M GuSCN in acetonitrile:valeronitrile (85:15)",TiO2 film (7.5 um transparent + 5 um scat­tering layer),0.2,-,-,-,0,0
500.0,7.53,0.63,2.38,"0.6 M 1,2-dimethyl-3-propylimidazolium iodide (DMPII), 0.1 M LiI, and 0.1 M I2 in CH3CN",TiO2 film (10.5 um thick),0.25,-,-,-,0,0
760.0,12.2,0.71,6.56,"0.6 M DMII, 0.05 M LiI, 0.03 M I2, 0.25 M TBP, 0.05 M GuSCN in acetonitrile:valeronitrile (85:15)",TiO2 film (7.5 um transparent + 5 um scat­tering layer),0.2,-,-,-,0,0
694.0,7.44,0.697,3.59,"0.6 M 1,2-dimethyl-3-propylimidazolium iodide (DMPII), 0.1 M LiI, 0.05 M I2 in acetonitrile and 4-tert-butylpyridine (volume ratio, 1:1)",TiO2 film (12 um transparent + 6 um scat­tering layer),0.196,-,-,-,0,0
694.0,7.44,0.697,3.59,"0.6 M 1,2-dimethyl-3-propylimidazolium iodide (DMPII), 0.1 M LiI, 0.05 M I2 in a mixture of acetonitrile and 4-tert-butylpyridine (volume ratio 1:1)",TiO2 film (12 um transparent + 6 um scat­tering layer),0.24,254 nmol/cm2,-,-,0,0
704.0,8.61,0.717,4.35,"0.6 M 1,2-dimethyl-3-propylimidazolium iodide (DMPII), 0.1 M LiI, 0.05 M I2 in acetonitrile and 4-tert-butylpyridine (volume ratio, 1:1)",TiO2 film (12 um transparent + 6 um scat­tering layer),0.196,-,-,-,0,0
704.0,7.69,0.701,3.79,"0.6 M 1,2-dimethyl-3-propylimidazolium iodide (DMPII), 0.1 M LiI, 0.05 M I2 in acetonitrile and 4-tert-butylpyridine (volume ratio, 1:1)",TiO2 film (12 um transparent + 6 um scat­tering layer),0.196,-,-,-,0,0
734.0,5.57,0.725,2.96,"0.6 M 1,2-dimethyl-3-propylimidazolium iodide (DMPII), 0.1 M LiI, 0.05 M I2 in acetonitrile and 4-tert-butylpyridine (volume ratio, 1:1)",TiO2 film (12 um transparent + 6 um scat­tering layer),0.196,-,-,-,0,0
734.0,5.57,0.725,2.96,"0.6 M 1,2-dimethyl-3-propylimidazolium iodide (DMPII), 0.1 M LiI, 0.05 M I2 in a mixture of acetonitrile and 4-tert-butylpyridine (volume ratio 1:1)",TiO2 film (12 um transparent + 6 um scat­tering layer),0.24,-,-,-,0,0
590.0,10.1,0.71,4.2,"LiI (100 mM), iodine (30 mM), 4-tert-butyl pyridine (500 mM) and 1-butyl-3-methyl-imidazolium iodide (600 mM) in mixed solvent of acetonitrile and varelonitrile (volume ratio of 85:15)",TiO2 film (8 um transparent + 11 um scat­tering layer),0.16,-,-,-,0,0
618.0,3.7,0.75,1.8,"0.1 M GuNCS, 1.0 M DMII, 30 mM I2, 0.5 M TBP, 0.05 M LiI, and 85:15 MeCN:valeronitrile",TiO2 film (10 um transparent + 5 um scat­tering layer),0.15,-,4 mM CDCA,-,1,0
736.0,5.81,0.706,3.01,"0.6 M 1,2-dimethyl-3-propylimidazolium iodide (DMPII), 0.1 M LiI, 0.05 M I2 in a mixture of acetonitrile and 4-tert-butylpyridine (volume ratio 1:1)",TiO2 film (12 um transparent + 6 um scat­tering layer),0.24,251 nmol/cm2,-,-,0,0
725.0,7.54,0.698,3.81,"0.6 M 1,2-dimethyl-3-propylimidazolium iodide (DMPII), 0.1 M LiI, 0.05 M I2 in a mixture of acetonitrile and 4-tert-butylpyridine (volume ratio 1:1)",TiO2 film (12 um transparent + 6 um scat­tering layer),0.24,290 nmol/cm2,-,-,0,0
685.0,4.68,0.7,2.24,"0.6 mol/L 1,2-dimethyl-3-propylimidazolium iodide (DMPII), 0.1 mol/L LiI, 0.05 mol/L I2 in  acetonitrile and 4-tert-butylpyridine (volume ratio, 1:1)",TiO2 film (12 um transparent + 6 um scat­tering layer),0.196,193 nmol/cm2,-,-,0,0
729.0,5.09,0.711,2.64,"0.6 mol/L 1,2-dimethyl-3-propylimidazolium iodide (DMPII), 0.1 mol/L LiI, 0.05 mol/L I2 in  acetonitrile and 4-tert-butylpyridine (volume ratio, 1:1)",TiO2 film (12 um transparent + 6 um scat­tering layer),0.196,185 nmol/cm2,-,-,0,0
580.0,3.15,0.632,1.15,"0.6 mol/L 1,2-dimethyl-3-propylimidazolium iodide (DMPII), 0.1 mol/L LiI, 0.05 mol/L I2 in  acetonitrile and 4-tert-butylpyridine (volume ratio, 1:1)",TiO2 film (12 um transparent + 6 um scat­tering layer),0.196,114 nmol/cm2,-,-,0,0
731.0,10.0,0.584,4.4,"EL-HSE, Dyesol",TiO2 film (8 um thick),0.25,-,-,-,0,0
630.0,8.6,0.75,4.11,"0.6 M 1,2-dimethyl-3-propylimidazolium iodide (DMPII), 0.0653MLiI, 0.03MI2, 0.28M4-tertbutylpyridine (TBP) and 0.05M guanidium thiocyanate (GuSCN) in acetonitrile",TiO2 film (14 um thick),0.16,-,-,-,0,0
510.0,5.33,0.55,1.51,"0.6 M 1,2-dimethyl-3-propylimidazolium iodide (DMPII), 0.0653MLiI, 0.03MI2, 0.28M4-tertbutylpyridine (TBP) and 0.05M guanidium thiocyanate (GuSCN) in acetonitrile",TiO2 film (14 um thick),0.16,-,-,-,0,0
640.0,7.99,0.66,3.36,"0.6 M 1,2-dimethyl-3-propylimidazolium iodide (DMPII), 0.0653MLiI, 0.03MI2, 0.28M4-tertbutylpyridine (TBP) and 0.05M guanidium thiocyanate (GuSCN) in acetonitrile",TiO2 film (14 um thick),0.16,-,CDCA 5mM,-,1,0
530.0,6.26,0.61,2.02,"0.6 M 1,2-dimethyl-3-propylimidazolium iodide (DMPII), 0.0653MLiI, 0.03MI2, 0.28M4-tertbutylpyridine (TBP) and 0.05M guanidium thiocyanate (GuSCN) in acetonitrile",TiO2 film (14 um thick),0.16,-,CDCA 5mM,-,1,0
640.0,4.96,0.72,2.28,OPV-AN-I,TiO2 film (18 um thick),0.16,-,-,-,0,0
680.0,9.99,0.71,4.83,OPV-AN-I,TiO2 film (18 um thick),0.16,-,-,-,0,0
750.0,11.36,0.68,5.81,OPV-AN-I,TiO2 film (18 um thick),0.16,-,-,-,0,0
708.2,12.03,0.65,5.52,"1-propyl-2,3-dimethylimidazolium iodide (1.2 M),  iodine (0.035 M), tert-butylpyridine (0.5 M) and guanidine thiocyanate (0.1 M) dissolved in acetonitrile/3-methoxypropionitrile mixture (8:2)",TiO2 film (12 um thick + 4 um scattering layer),0.16,-,-,-,0,0
738.1,14.01,0.66,6.81,"1-propyl-2,3-dimethylimidazolium iodide (1.2 M),  iodine (0.035 M), tert-butylpyridine (0.5 M) and guanidine thiocyanate (0.1 M) dissolved in acetonitrile/3-methoxypropionitrile mixture (8:2)",TiO2 film (12 um thick + 4 um scattering layer),0.16,-,-,-,0,0
796.0,10.91,0.74,6.36,"0.5 M 1,3-dimethyl-imidazolium iodide (DMII), 0.1 M lithium iodide, 0.03 M iodine, 0.5 M tert-butyl-pyridine and 0.1 M guanidinium thiocyanate in acetonitrile",TiO2 film (16 um thick),0.16,-,2 mM CDCA,-,1,0
728.0,12.16,0.71,6.29,"0.5 M 1,3-dimethyl-imidazolium iodide (DMII), 0.1 M lithium iodide, 0.03 M iodine, 0.5 M tert-butyl-pyridine and 0.1 M guanidinium thiocyanate in acetonitrile",TiO2 film (17 um thick),0.16,-,2 mM CDCA,-,1,0
828.0,14.11,0.74,8.65,"0.5 M 1,3-dimethyl-imidazolium iodide (DMII), 0.1 M lithium iodide, 0.03 M iodine, 0.5 M tert-butyl-pyridine and 0.1 M guanidinium thiocyanate in acetonitrile",TiO2 film (16 um thick),0.16,-,2 mM CDCA,-,1,0
765.0,12.34,0.76,7.17,"0.5 M 1,3-dimethyl-imidazolium iodide (DMII), 0.1 M lithium iodide, 0.03 M iodine, 0.5 M tert-butyl-pyridine and 0.1 M guanidinium thiocyanate in acetonitrile",TiO2 film (14 um thick),0.16,-,2 mM CDCA,-,1,0
623.0,5.71,0.78,2.78,"0.5 M 1,3-dimethyl-imidazolium iodide (DMII), 0.1 M lithium iodide, 0.03 M iodine, 0.5 M tert-butyl-pyridine and 0.1 M guanidinium thiocyanate in acetonitrile",TiO2 film (16 um thick),0.16,-,2 mM CDCA,-,1,0
537.0,15.49,0.64,5.31,"0.5 M 1,3-dimethyl-imidazolium iodide (DMII), 0.1 M lithium iodide, 0.03 M iodine, 1.0 M tert-butyl-pyridine and 0.1 M guanidinium thiocyanate in acetonitrile",TiO2 film (15 um thick),0.16,-,2 mM CDCA,-,1,0
660.0,9.03,0.71,4.22,"0.5 M lithium iodide (LiI), 0.05 M I2, and 0.5 M 4-tert-butylpyridine (TBP) in solvent of THF/C2H5OH (¼)",TiO2 film,0.2,-,-,-,0,0
640.0,6.5,0.52,2.2,"LiI (100 mM), iodine (30 mM), 4-tert-butyl pyridine (500 mM) and 1-butyl-3-methyl-imidazolium iodide (600 mM) in mixed solvent of acetonitrile and varelonitrile (volume ratio of 85:15)",TiO2 film (8 um transparent + 11 um scat­tering layer),0.16,-,-,-,0,0
600.0,7.9,0.72,3.4,"LiI (100 mM), iodine (30 mM), 4-tert-butyl pyridine (500 mM) and 1-butyl-3-methyl-imidazolium iodide (600 mM) in mixed solvent of acetonitrile and varelonitrile (volume ratio of 85:15)",TiO2 film (8 um transparent + 11 um scat­tering layer),0.16,-,-,-,0,0
640.0,7.6,0.68,3.3,"LiI (100 mM), iodine (30 mM), 4-tert-butyl pyridine (500 mM) and 1-butyl-3-methyl-imidazolium iodide (600 mM) in mixed solvent of acetonitrile and varelonitrile (volume ratio of 85:15)",TiO2 film (8 um transparent + 11 um scat­tering layer),0.16,-,-,-,0,0
633.0,11.19,0.688,4.88,"0.6MBMII (1-butyl-3-methylimidiazolium iodide), 0.1 M LiI, 0.05 M I2, and 0.6 M tert-TBP in acetonitrile",TiO2 film (8 um thick + 4 um scattering layer),0.142,-,-,-,0,0
680.0,9.93,0.71,4.76,"0.5 M lithium iodide (LiI), 0.05 M I2, and 0.5 M 4-tert-butylpyridine (TBP) in solvent of THF/C2H5OH (¼)",TiO2 film,0.2,-,-,-,0,0
700.0,10.13,0.71,5.04,"0.5 M lithium iodide (LiI), 0.05 M I2, and 0.5 M 4-tert-butylpyridine (TBP) in solvent of THF/C2H5OH (¼)",TiO2 film,0.2,1950 nmol/cm2,-,-,0,0
750.0,11.01,0.71,5.81,"0.5 M lithium iodide (LiI), 0.05 M I2, and 0.5 M 4-tert-butylpyridine (TBP) in solvent of THF/C2H5OH (¼)",TiO2 film,0.2,426 nmol/cm2,1 mM CDCA,-,1,0
580.0,11.88,0.66,4.53,"0.5 M lithium iodide (LiI), 0.05 M I2, and 0.5 M 4-tert-butylpyridine (TBP) in solvent of THF/C2H5OH (¼)",TiO2 film,0.2,-,-,-,0,0
630.0,10.98,0.69,4.77,"0.5 M lithium iodide (LiI), 0.05 M I2, and 0.5 M 4-tert-butylpyridine (TBP) in solvent of THF/C2H5OH (¼)",TiO2 film,0.2,-,-,-,0,0
580.0,14.12,0.6,4.9,"0.5 M lithium iodide (LiI), 0.05 M I2, and 0.5 M 4-tert-butylpyridine (TBP) in solvent of THF/C2H5OH (¼)",TiO2 film,0.2,2260 nmol/cm2,-,-,0,0
670.0,14.21,0.64,6.14,"0.5 M lithium iodide (LiI), 0.05 M I2, and 0.5 M 4-tert-butylpyridine (TBP) in solvent of THF/C2H5OH (¼)",TiO2 film,0.2,1030 nmol/cm2,1 mM CDCA,-,1,0
625.0,2.59,0.53,0.86,"0.1 M iodine in methoxypropionitrile, 0.3 M benzimidazole, 0.05 M guanidine thiocyanate, and 0.8 M methyl propyl imidazolium iodide",TiO2 film,1.0,-,-,-,0,0
664.0,10.79,0.691,4.95,"0.6 M 1-methyl-3-propylimidazoliumiodide (PMII), 0.05 M LiI, 0.10 M guanidinium thiocyanate, 0.03 M I2 and 0.5 M tert-butylpyridine) in acetonitrile/valeronitrile (85:15)",TiO2 film 16 um thick,0.16,124 nmol/cm2,-,-,0,0
590.0,9.69,0.63,3.62,"0.6 M tetrabutylammonium iodide, 0.5 M tert-butylpyridine, 0.1 M lithium iodide, and 100 mM iodine in 3-methoxypropionitrile",TiO2 film 10 um thick + 4 um scattering layer),,-,-,-,0,0
700.0,10.2,0.55,3.9,"LiI (0.1 g), I2 (0.019 g), propylene carbonate (5 mL), P25 TiO2 (0.0383 g), PEO (0.2648 g), and 4-tert-butylpyridine (0.044 mL) into acetonitrile (5 mL) solvent",zinc titanium oxide film,,-,-,-,0,0
760.0,15.6,0.59,6.3,"LiI (0.1 g), I2 (0.019 g), propylene carbonate (5 mL), P25 TiO2 (0.0383 g), PEO (0.2648 g), and 4-tert-butylpyridine (0.044 mL) into acetonitrile (5 mL) solvent",zinc titanium oxide film,,-,-,-,0,0
638.0,11.68,0.696,5.15,"0.6MBMII (1-butyl-3-methylimidiazolium iodide), 0.1 M LiI, 0.05 M I2, and 0.6 M tert-TBP in acetonitrile",TiO2 film (8 um thick + 4 um scattering layer),0.142,-,2 mM CDCA,-,1,0
632.0,8.99,0.683,3.88,"0.6MBMII (1-butyl-3-methylimidiazolium iodide), 0.1 M LiI, 0.05 M I2, and 0.6 M tert-TBP in acetonitrile",TiO2 film (8 um thick + 4 um scattering layer),0.142,-,5 mM CDCA,-,1,0
635.0,8.33,0.685,3.62,"0.6MBMII (1-butyl-3-methylimidiazolium iodide), 0.1 M LiI, 0.05 M I2, and 0.6 M tert-TBP in acetonitrile",TiO2 film (8 um thick + 4 um scattering layer),0.142,-,10 mM CDCA,-,1,0
670.0,15.23,0.758,7.69,"0.6 M 3-hexyl-1,2-dimethyl imidazolium iodide, 0.05 M iodine, 0.1 M LiI, and 0.5 M tert-butylpyridine in acetonitrile",TiO2 film 13 um thick + scattering layer,0.18,-,10 mM DCA,-,1,0
640.0,12.72,0.767,6.23,"0.6 M 3-hexyl-1,2-dimethyl imidazolium iodide, 0.05 M iodine, 0.1 M LiI, and 0.5 M tert-butylpyridine in acetonitrile",TiO2 film 13 um thick + scattering layer,0.18,-,10 mM DCA,-,1,0
744.0,9.2,0.7559,5.18,"0.6 M 1,2-dimethyl-3-propylimidazole iodide (DMPII), 0.5 M 4-tert-butylpyridine (TBP), 0.05 M I2 and 0.1 M LiI in acetonitrile",TiO2 film (12-13 um thick + 3.5 um scattering layer),0.14,-,20 mM CDCA,-,1,0
653.0,14.7,0.7417,7.12,"0.6 M 1,2-dimethyl-3-propylimidazole iodide (DMPII), 0.5 M 4-tert-butylpyridine (TBP), 0.05 M I2 and 0.1 M LiI in acetonitrile",TiO2 film (12-13 um thick + 3.5 um scattering layer),0.14,-,20 mM CDCA,-,1,0
710.0,17.83,0.65,8.2,"0.6 M 1-methyl-3-propylimidazolium iodide (PMII), 0.1 M guanidiniumthiocyanate, 0.07 M I2, 0.05 M LiI, and 0.5 M tert-butylpyridine in acetonitrile/valeronitrile (85:15)",TiO2 film (12 um thick + 4 um scattering layer),0.16,-,-,-,0,0
736.0,11.5,0.68,5.76,"0.1 M LiI, 0.03 M I2, 0.6 M 1-methyl-3-propylimidazolium iodide, and 0.5 M tert-butylpyridine in dry acetonitrile",TiO2 film (10 um thick),0.16,300 nmol/cm2,-,-,0,0
660.0,10.56,0.774,5.42,"0.6 M 3-hexyl-1,2-dimethyl imidazolium iodide, 0.05 M iodine, 0.1 M LiI, and 0.5 M tert-butylpyridine in acetonitrile",TiO2 film 13 um thick + scattering layer,0.18,-,10 mM DCA,-,1,0
880.0,14.5,0.68,8.67,"0.25 M [Co(II)(phen)3](PF6)2, 0.05 M [Co(III)(phen)3](PF6)3, 0.5 M TBP and 0.1 M LiTFSI in acetonitrile",TiO2 film (3 um thick + 4 um scattering layer),0.158,-,-,-,0,0
669.5,11.51,0.7314,5.67,"0.5 mM in CHCl3 and 0.6 M tetrabutylammonium iodide (TBAI), 0.1 M LiI, 0.05 M I2, and 0.5 M 4-tert-butylpyridine (TBP) in acetonitrile",TiO2 film (10 um thick + 5 um scattering layer),0.45,550 nmol/cm2,-,-,0,0
731.8,13.26,0.723,7.0,"0.5 mM in CHCl3 and 0.6 M tetrabutylammonium iodide (TBAI), 0.1 M LiI, 0.05 M I2, and 0.5 M 4-tert-butylpyridine (TBP) in acetonitrile",TiO2 film (10 um thick + 5 um scattering layer),0.45,480 nmol/cm2,-,-,0,0
763.0,8.8,0.69,4.65,"0.25 M [Co(II)(phen)3](PF6)2, 0.05 M [Co(III)(phen)3](PF6)3, 0.5 M TBP and 0.1 M LiTFSI in acetonitrile",TiO2 film (3 um thick + 4 um scattering layer),0.158,-,-,-,0,0
730.0,8.51,0.69,4.26,"0.06 M LiI, 0.03 M I2, 0.1 M guanidinium thiocyanate, 0.6 M1-propyl-3-methylimidazolium iodide (PMII), and 0.5 M tertbutylpyridine in acetonitrile",TiO2 film (12 um thick),0.16,-,-,-,0,0
740.0,8.62,0.71,4.55,"0.06 M LiI, 0.03 M I2, 0.1 M guanidinium thiocyanate, 0.6 M1-propyl-3-methylimidazolium iodide (PMII), and 0.5 M tertbutylpyridine in acetonitrile",TiO2 film (12 um thick),0.16,-,0.8 mM CDCA,-,1,0
770.0,9.69,0.7,5.15,"0.06 M LiI, 0.03 M I2, 0.1 M guanidinium thiocyanate, 0.6 M1-propyl-3-methylimidazolium iodide (PMII), and 0.5 M tertbutylpyridine in acetonitrile",TiO2 film (12 um thick),0.16,-,-,-,0,0
720.0,9.17,0.66,4.39,"0.06 M LiI, 0.03 M I2, 0.1 M guanidinium thiocyanate, 0.6 M1-propyl-3-methylimidazolium iodide (PMII), and 0.5 M tertbutylpyridine in acetonitrile",TiO2 film (12 um thick),0.16,-,0.8 mM CDCA,-,1,0
690.0,8.65,0.66,3.95,"LiI (0.5 M), I2 (0.05 M), and TBP (4-tert-butylpyridine) (0.5 M) in MeCN",TiO2 film,0.25,-,-,-,0,0
720.0,8.02,0.69,3.97,"3-dimethylimidazolium iodide (DMII)(1.0 M) and guanidinium thiocyanate (0.1 M), in addition to LiI (0.05 M), I2 (0.03 M), and TBP (0.5 M) in a mixed solvent of MeCN and valeronitrile (85:15, v/v)",TiO2 film,0.25,-,-,-,0,0
700.0,9.28,0.65,4.2,"LiI (0.5 M), I2 (0.05 M), and TBP (4-tert-butylpyridine) (0.5 M) in MeCN",TiO2 film,0.25,-,-,-,0,0
740.0,8.8,0.65,4.24,"3-dimethylimidazolium iodide (DMII)(1.0 M) and guanidinium thiocyanate (0.1 M), in addition to LiI (0.05 M), I2 (0.03 M), and TBP (0.5 M) in a mixed solvent of MeCN and valeronitrile (85:15, v/v)",TiO2 film,0.25,-,-,-,0,0
690.0,7.88,0.7,3.83,"LiI (0.5 M), I2 (0.05 M), and TBP (4-tert-butylpyridine) (0.5 M) in MeCN",TiO2 film,0.25,-,-,-,0,0
653.0,14.5,0.742,7.1,"1.0 M 1,3-dimethylimidazolium iodide, 30 mM I2, 0.5 M tertbutylpyridine, 0.1 M lithium iodide, and 0.1 M guanidinium thiocyanate in a mixture of acetonitrile and valeronitrile (85/15, v/v)",TiO2 film (6.6 um thick + 6.7 um scattering layer),0.16,-,-,-,0,0
678.0,16.0,0.732,8.0,"1.0 M 1,3-dimethylimidazolium iodide, 30 mM I2, 0.5 M tertbutylpyridine, 0.1 M lithium iodide, and 0.1 M guanidinium thiocyanate in a mixture of acetonitrile and valeronitrile (85/15, v/v)",TiO2 film (6.6 um thick + 6.7 um scattering layer),0.16,-,-,-,0,0
609.0,6.4,0.717,2.8,"0.6 M DMPII (1,2-dimethyl-3-n-propylimidazolium iodide), 0.1 M LiI, 0.05 M I2 in anhydrous acetonitrile",TiO2 film (12 um thick + 6 um scattering layer),0.2,-,1 mM DCA,-,1,0
555.0,5.06,0.709,1.99,"0.6 M DMPII (1,2-dimethyl-3-n-propylimidazolium iodide), 0.1 M LiI, 0.05 M I2 in anhydrous acetonitrile",TiO2 film (12 um thick + 6 um scattering layer),0.2,-,1 mM DCA,-,1,0
627.0,6.89,0.715,3.09,"0.6 M DMPII (1,2-dimethyl-3-n-propylimidazolium iodide), 0.1 M LiI, 0.05 M I2 in anhydrous acetonitrile",TiO2 film (12 um thick + 6 um scattering layer),0.2,-,1 mM DCA,-,1,0
618.0,2.85,0.724,1.3,"1.0 M DMII (1,3-dimethylimidazolium iodide), 0.03 M iodine, 0.025 M NaI, 0.5 TBP, 0.1 M guanidinium thiocyanide, and acetonitrile solvent",TiO2 film (8 um thick + 5 um scattering layer),0.16,-,-,-,0,0
593.0,1.02,0.78,0.77,"1.0 M DMII (1,3-dimethylimidazolium iodide), 0.03 M iodine, 0.025 M NaI, 0.5 TBP, 0.1 M guanidinium thiocyanide, and acetonitrile solvent",TiO2 film (8 um thick + 5 um scattering layer),0.16,-,-,-,0,0
637.0,6.81,0.732,3.23,"1.0 M DMII (1,3-dimethylimidazolium iodide), 0.03 M iodine, 0.025 M NaI, 0.5 TBP, 0.1 M guanidinium thiocyanide, and acetonitrile solvent",TiO2 film (8 um thick + 5 um scattering layer),0.16,-,-,-,0,0
600.0,7.61,0.662,3.08,"1.0 M DMII (1,3-dimethylimidazolium iodide), 0.03 M iodine, 0.025 M NaI, 0.5 TBP, 0.1 M guanidinium thiocyanide, and acetonitrile solvent",TiO2 film (8 um thick + 5 um scattering layer),0.16,-,-,-,0,0
670.0,11.43,0.62,4.7,"0.6 M 3-hexyl-1,2-dimethylimidazolium iodide, 0.04 M iodine, 0.025 M LiI, 0.05 M guanidium thiocyanate, and 0.28 M tertbutylpyridine in acetonitrile",TiO2 film (13 um thick + 10 um scattering layer),0.18,-,10 mM CDCA,-,1,0
700.0,14.39,0.66,6.65,"0.6 M 3-hexyl-1,2-dimethylimidazolium iodide, 0.04 M iodine, 0.025 M LiI, 0.05 M guanidium thiocyanate, and 0.28 M tertbutylpyridine in acetonitrile",TiO2 film (13 um thick + 10 um scattering layer),0.18,-,10 mM CDCA,-,1,0
670.0,5.88,0.71,2.79,"0.5 M lithium iodide (LiI), 0.05 M iodine (I2), and 0.5 M 4-tert-butylpyridine (TBP) in acetonitrile",TiO2 film (12 um thick),0.25,-,-,-,0,0
670.0,6.6,0.7,3.11,"0.5 M lithium iodide (LiI), 0.05 M iodine (I2), and 0.5 M 4-tert-butylpyridine (TBP) in acetonitrile",TiO2 film (12 um thick),0.25,-,-,-,0,0
723.0,13.5,0.69,6.73,"0.6 M 1,2-dimethyl-3-n-propylimidazolium iodide (DMPImI), 0.1 M LiI, 0.05 M I2 and 0.5 M tertbutylpyridine in acetonitrile",TiO2 film (9 um thick + 4 um scattering layer),0.158,-,-,-,0,0
730.0,9.4,0.67,4.62,"0.06 M LiI, 0.03 M I2, 0.1 M guanidinium thiocyanate, 0.6 M1-propyl-3-methylimidazolium iodide (PMII), and 0.5 M tertbutylpyridine in acetonitrile",TiO2 film (12 um thick),0.16,-,-,-,0,0
750.0,9.78,0.69,5.11,"0.06 M LiI, 0.03 M I2, 0.1 M guanidinium thiocyanate, 0.6 M1-propyl-3-methylimidazolium iodide (PMII), and 0.5 M tertbutylpyridine in acetonitrile",TiO2 film (12 um thick),0.16,-,0.8 mM CDCA,-,1,0
650.0,6.68,0.71,3.08,"0.5 M lithium iodide (LiI), 0.05 M iodine (I2), and 0.5 M 4-tert-butylpyridine (TBP) in acetonitrile",TiO2 film (12 um thick),0.25,-,-,-,0,0
630.0,6.15,0.74,2.85,"0.5 M lithium iodide (LiI), 0.05 M iodine (I2), and 0.5 M 4-tert-butylpyridine (TBP) in acetonitrile",TiO2 film (12 um thick),0.25,-,-,-,0,0
709.0,13.2,0.67,6.27,"0.6 M 1,2-dimethyl-3-n-propylimidazolium iodide (DMPImI), 0.1 M LiI, 0.05 M I2 and 0.5 M tertbutylpyridine in acetonitrile",TiO2 film (9 um thick + 4 um scattering layer),0.158,-,-,-,0,0
584.0,12.7,0.605,4.49,"1,2-dimethyl-3-propylimidazolium iodide (0.6 M), I 2 (0.05 M), LiI (0.1 M), and 4-t-butylpyridine (0.05 M) in 3-methoxypropionitrile",TiO2 film (8 um transparent + 5 um scat­tering layer),0.2,0.714 nmol/cm2,-,-,0,0
465.0,12.3,0.593,3.39,"1,2-dimethyl-3-propylimidazolium iodide (0.6 M), I 2 (0.05 M), LiI (0.1 M), and 4-t-butylpyridine (0.05 M) in 3-methoxypropionitrile",TiO2 film (8 um transparent + 5 um scat­tering layer),0.2,-,-,-,0,0
642.0,14.5,0.586,5.46,"1,2-dimethyl-3-propylimidazolium iodide (0.6 M), I 2 (0.05 M), LiI (0.1 M), and 4-t-butylpyridine (0.05 M) in 3-methoxypropionitrile",TiO2 film (8 um transparent + 5 um scat­tering layer),0.2,1.04 nmol/cm2,-,-,0,0
628.0,12.06,0.65,5.0,"1 M 1,3-dimethylimidazolium iodide (DMII), 0.03 M I2, 0.05 M LiI, 0.1 M guanidinium thiocyanate (GuSCN), and 0.5 M tert-butypyridine (TBP) in 85/15 mixture of acetonitrile and valeronitrile",TiO2 film (12 um transparent + 4 um scat­tering layer),,119 nmol/cm2,-,-,0,0
686.0,16.63,0.64,7.53,"1 M 1,3-dimethylimidazolium iodide (DMII), 0.03 M I2, 0.05 M LiI, 0.1 M guanidinium thiocyanate (GuSCN), and 0.5 M tert-butypyridine (TBP) in 85/15 mixture of acetonitrile and valeronitrile",TiO2 film (12 um transparent + 4 um scat­tering layer),,-,-,-,0,0
685.0,16.36,0.63,7.2,"1 M 1,3-dimethylimidazolium iodide (DMII), 0.03 M I2, 0.05 M LiI, 0.1 M guanidinium thiocyanate (GuSCN), and 0.5 M tert-butypyridine (TBP) in 85/15 mixture of acetonitrile and valeronitrile",TiO2 film (12 um transparent + 4 um scat­tering layer),,-,5 mM CDCA,-,1,0
707.0,18.55,0.67,9.05,"1 M 1,3-dimethylimidazolium iodide (DMII), 0.03 M I2, 0.05 M LiI, 0.1 M guanidinium thiocyanate (GuSCN), and 0.5 M tert-butypyridine (TBP) in 85/15 mixture of acetonitrile and valeronitrile",TiO2 film (12 um transparent + 4 um scat­tering layer),,-,-,S2,0,1
653.0,18.19,0.72,8.55,"1 M 1,3-dimethylimidazolium iodide (DMII), 0.03 M I2, 0.05 M LiI, 0.1 M guanidinium thiocyanate (GuSCN), and 0.5 M tert-butypyridine (TBP) in 85/15 mixture of acetonitrile and valeronitrile",TiO2 film (12 um transparent + 4 um scat­tering layer),,-,-,-,0,0
664.0,17.01,0.71,8.07,"1 M 1,3-dimethylimidazolium iodide (DMII), 0.03 M I2, 0.05 M LiI, 0.1 M guanidinium thiocyanate (GuSCN), and 0.5 M tert-butypyridine (TBP) in 85/15 mixture of acetonitrile and valeronitrile",TiO2 film (12 um transparent + 4 um scat­tering layer),,-,-,S2,0,1
784.0,13.02,0.66,8.43,"0.22 M [Co(II)(bpy)3]TFSI2, 0.06 M [Co(III)(bpy)3]TFSI3, 0.1 M LiTFSI, and 0.5 M tert-butylpyridine in acetonitrile",TiO2 film,0.25,-,-,-,0,0
774.0,9.87,0.68,8.22,"0.22 M [Co(II)(bpy)3]TFSI2, 0.06 M [Co(III)(bpy)3]TFSI3, 0.1 M LiTFSI, and 0.5 M tert-butylpyridine in acetonitrile",TiO2 film,0.25,-,-,-,0,0
760.0,7.27,0.68,7.5,"0.22 M [Co(II)(bpy)3]TFSI2, 0.06 M [Co(III)(bpy)3]TFSI3, 0.1 M LiTFSI, and 0.5 M tert-butylpyridine in acetonitrile",TiO2 film,0.25,-,-,-,0,0
748.0,5.23,0.7,8.59,"0.22 M [Co(II)(bpy)3]TFSI2, 0.06 M [Co(III)(bpy)3]TFSI3, 0.1 M LiTFSI, and 0.5 M tert-butylpyridine in acetonitrile",TiO2 film,0.25,-,-,-,0,0
693.0,1.48,0.71,7.26,"0.22 M [Co(II)(bpy)3]TFSI2, 0.06 M [Co(III)(bpy)3]TFSI3, 0.1 M LiTFSI, and 0.5 M tert-butylpyridine in acetonitrile",TiO2 film,0.25,-,-,-,0,0
649.0,15.89,0.66,6.84,"0.03 M I2, 0.05 M LiI, 0.5 M TBP, 0.1 M guandine thiocyanate, 1.0 M 1,3-dimethylimidazolium (DMII) DMII in acetonitrile and valeronitrile (v/v, 85/15)",TiO2 film,0.25,-,-,-,0,0
640.0,5.28,0.69,2.4,cobalt (II/III) redox,TiO2 film,0.25,-,-,-,0,0
693.0,16.48,0.71,8.13,"0.03 M I2, 0.05 M LiI, 0.5 M TBP, 0.1 M guandine thiocyanate, 1.0 M 1,3-dimethylimidazolium (DMII) DMII in acetonitrile and valeronitrile (v/v, 85/15)",TiO2 film,0.25,-,5 mM CDCA,-,1,0
723.0,10.3,0.517,3.85,"LiI (100 mM), iodine (30 mM), 4-tert-butyl pyridine (500 mM) and 1-butyl-3-methyl-imidazolium iodide (600 mM) in mixed solvent of acetonitrile and varelonitrile (volume ratio of 85:15)",TiO2 film (8 um transparent + 11 um scat­tering layer),0.16,-,-,-,0,0
722.0,11.2,0.571,4.62,"LiI (100 mM), iodine (30 mM), 4-tert-butyl pyridine (500 mM) and 1-butyl-3-methyl-imidazolium iodide (600 mM) in mixed solvent of acetonitrile and varelonitrile (volume ratio of 85:15)",TiO2 film (8 um transparent + 11 um scat­tering layer),0.16,-,-,-,0,0
750.0,10.91,0.74,6.04,"LiI (0.1 M), I2 (0.1 M), 4-tert-butylpyridine (1.0 M) and 1,2-dimethyl-3-propy-limidazolium iodide (0.6 M) in acetonitrile",TiO2 film (15 um thick + 5 um scattering layer),0.16,217 nmol/cm2,-,-,0,0
720.0,8.16,0.72,4.23,"0.5 M lithium iodide (LiI), 0.05 M I2, and 0.5 M 4-tert-butylpyridine (TBP) in solvent of THF/C2H5OH(1:4)",TiO2 film,0.196,-,0.5 mM CDCA,-,1,0
830.0,16.16,0.7209,9.69,"0.22 M [CoII(bpy)3](B(CN)4)2, 0.05 M [CoIII(bpy)3](B(CN)4)3, 0.1 M LiClO4 and 0.8 M TBP in acetonitrile (ACN)",TiO2 film (5.5 um thick + 3.5 um scattering layer),0.141,148 nmol/cm2,20 mM CDCA,-,1,0
773.0,14.74,0.7186,8.2,"0.22 M [CoII(bpy)3](B(CN)4)2, 0.05 M [CoIII(bpy)3](B(CN)4)3, 0.1 M LiClO4 and 0.8 M TBP in acetonitrile (ACN)",TiO2 film (5.5 um thick + 3.5 um scattering layer),0.141,132 nmol/cm2,20 mM CDCA,-,1,0
707.0,8.67,0.7045,4.32,"0.22 M [CoII(bpy)3](B(CN)4)2, 0.05 M [CoIII(bpy)3](B(CN)4)3, 0.1 M LiClO4 and 0.8 M TBP in acetonitrile (ACN)",TiO2 film (5.5 um thick + 3.5 um scattering layer),0.141,91 nmol/cm2,20 mM CDCA,-,1,0
735.0,13.4,0.66,6.53,"0.3 M 1,2-dimethyl-3-propylimidazolium iodide (DMPII), 0.1 M LiI, 0.05 M I2, and 0.5 M 4-tert-butylpyridine in acetonitrile",TiO2 film (10 um thick + 4 um scattering layer),0.196,120 nmol/cm2,-,-,0,0
739.0,12.8,0.66,6.25,"0.3 M 1,2-dimethyl-3-propylimidazolium iodide (DMPII), 0.1 M LiI, 0.05 M I2, and 0.5 M 4-tert-butylpyridine in acetonitrile",TiO2 film (10 um thick + 4 um scattering layer),0.196,105 nmol/cm2,10 mM CDCA,-,1,0
580.0,9.2,0.65,3.47,"0.3 M 1,2-dimethyl-3-propylimidazolium iodide (DMPII), 0.1 M LiI, 0.05 M I2, and 0.5 M 4-tert-butylpyridine in acetonitrile",TiO2 film (10 um thick + 4 um scattering layer),0.196,345 nmol/cm2,-,-,0,0
583.0,8.0,0.66,3.09,"0.3 M 1,2-dimethyl-3-propylimidazolium iodide (DMPII), 0.1 M LiI, 0.05 M I2, and 0.5 M 4-tert-butylpyridine in acetonitrile",TiO2 film (10 um thick + 4 um scattering layer),0.196,181 nmol/cm2,10 mM CDCA,-,1,0
660.0,8.98,0.68,4.01,"0.5 M lithium iodide (LiI), 0.05 M I2, and 0.5 M 4-tert-butylpyridine (TBP) in solvent of THF/C2H5OH(1:4)",TiO2 film,0.196,43.3 nmol/cm2,-,-,0,0
600.0,12.07,0.64,4.69,"0.5 M lithium iodide (LiI), 0.05 M I2, and 0.5 M 4-tert-butylpyridine (TBP) in solvent of THF/C2H5OH(1:4)",TiO2 film,0.196,76.3 nmol/cm2,-,-,0,0
620.0,12.22,0.69,5.19,"0.5 M lithium iodide (LiI), 0.05 M I2, and 0.5 M 4-tert-butylpyridine (TBP) in solvent of THF/C2H5OH(1:4)",TiO2 film,0.196,-,0.5 mM CDCA,-,1,0
733.0,9.68,0.65,4.74,"0.5 M LiI, 0.05 M I2, 0.6 M PMII, 0.5 M TBP and 0.1 M GuSCN in acetonitrile",TiO2 film (12 um thick + 6 um scattering layer),0.16,1000 nmol/cm2,-,-,0,0
764.0,11.73,0.54,4.81,"0.5 M LiI, 0.05 M I2, 0.6 M PMII, 0.5 M TBP and 0.1 M GuSCN in acetonitrile",TiO2 film (12 um thick + 6 um scattering layer),0.16,-,3 mM CDCA,-,1,0
711.0,9.11,0.66,4.49,"0.5 M LiI, 0.05 M I2, 0.6 M PMII, 0.5 M TBP and 0.1 M GuSCN in acetonitrile",TiO2 film (12 um thick + 6 um scattering layer),0.16,600 nmol/cm2,-,-,0,0
721.0,9.82,0.67,4.57,"0.5 M LiI, 0.05 M I2, 0.6 M PMII, 0.5 M TBP and 0.1 M GuSCN in acetonitrile",TiO2 film (12 um thick + 6 um scattering layer),0.16,-,3 mM CDCA,-,1,0
752.0,12.53,0.66,6.45,"0.5 M LiI, 0.05 M I2, 0.6 M PMII, 0.5 M TBP and 0.1 M GuSCN in acetonitrile",TiO2 film (12 um thick + 6 um scattering layer),0.16,1500 nmol/cm2,-,-,0,0
774.0,14.21,0.65,6.69,"0.5 M LiI, 0.05 M I2, 0.6 M PMII, 0.5 M TBP and 0.1 M GuSCN in acetonitrile",TiO2 film (12 um thick + 6 um scattering layer),0.16,-,3 mM CDCA,-,1,0
755.0,11.32,0.69,6.02,"0.5 M LiI, 0.05 M I2, 0.6 M PMII, 0.5 M TBP and 0.1 M GuSCN in acetonitrile",TiO2 film (12 um thick + 6 um scattering layer),0.16,1300 nmol/cm2,-,-,0,0
743.0,11.54,0.7,6.11,"0.5 M LiI, 0.05 M I2, 0.6 M PMII, 0.5 M TBP and 0.1 M GuSCN in acetonitrile",TiO2 film (12 um thick + 6 um scattering layer),0.16,-,3 mM CDCA,-,1,0
698.0,12.79,0.66,5.9,"0.6 M DMII, 50 mM LiI, 30 mM I2, 0.5 M tert-butylpyridine and 0.1 M GuNCS in aceto­nitrile and valeronitrile (85:15)",TiO2 film (17 um thick),,-,-,-,0,0
557.0,13.95,0.61,4.76,"0.6 M 1,2-dimethyl-3-propylimidazolium iodide (DMPII), 0.1 M LiI, and 0.1 M I2 in CH3CN",TiO2 film (10.5 um thick),0.25,271 nmol/cm2,-,-,0,0
604.0,6.73,0.71,2.9,"0.6 M 1,2-dimethyl-3-propylimidazolium iodide (DMPII), 0.1 M LiI, 0.1 M TBP and 0.1 M I2 in CH3CN",TiO2 film (10.5 um thick),0.25,-,-,-,0,0
616.0,2.81,0.74,1.29,"0.6 M 1,2-dimethyl-3-propylimidazolium iodide (DMPII), 0.1 M LiI, 0.5 M TBP and 0.1 M I2 in CH3CN",TiO2 film (10.5 um thick),0.25,-,-,-,0,0
653.0,17.85,0.64,7.5,"0.1 M LiI, 0.03 M I2, 0.6 M 1-methyl-3-propylimidazolium iodide, and 0.5 M tert-butylpyridine in dry acetonitrile",TiO2 film (15 um thick + 5 um scattering layer),,190 nmol/cm2,-,-,0,0
663.0,17.19,0.69,7.8,"0.1 M LiI, 0.03 M I2, 0.6 M 1-methyl-3-propylimidazolium iodide, and 0.5 M tert-butylpyridine in dry acetonitrile",TiO2 film (15 um thick + 5 um scattering layer),,160 nmol/cm2,-,-,0,0
570.0,7.65,0.7,3.05,"0.1 M LiI, 0.03 M I2, 0.6 M 1-methyl-3-propylimidazolium iodide, and 0.5 M tert-butylpyridine in dry acetonitrile",TiO2 film (15 um thick + 5 um scattering layer),,200 nmol/cm2,-,-,0,0
650.0,12.84,0.65,5.42,"0.1 M LiI, 0.03 M I2, 0.6 M 1-methyl-3-propylimidazolium iodide, and 0.5 M tert-butylpyridine in dry acetonitrile",TiO2 film (15 um thick + 5 um scattering layer),,170 nmol/cm2,5 mM CDCA,-,1,0
670.0,10.88,0.67,4.88,"0.1 M LiI, 0.03 M I2, 0.6 M 1-methyl-3-propylimidazolium iodide, and 0.5 M tert-butylpyridine in dry acetonitrile",TiO2 film (15 um thick + 5 um scattering layer),,150 nmol/cm2,10 mM CDCA,-,1,0
663.0,17.19,0.69,7.81,"0.1 M LiI, 0.03 M I2, 0.6 M 1-methyl-3-propylimidazolium iodide, and 0.5 M tert-butylpyridine in dry acetonitrile",TiO2 film (15 um thick + 5 um scattering layer),,160 nmol/cm2,5 mM CDCA,-,1,0
625.0,17.41,0.6,6.57,"0.1 M LiI, 0.03 M I2, 0.6 M 1-methyl-3-propylimidazolium iodide, and 0.5 M tert-butylpyridine in dry acetonitrile",TiO2 film (15 um thick + 5 um scattering layer),,140 nmol/cm2,10 mM CDCA,-,1,0
667.0,12.61,0.64,5.39,"0.1 M LiI, 0.03 M I2, 0.6 M 1-methyl-3-propylimidazolium iodide, and 0.5 M tert-butylpyridine in dry acetonitrile",TiO2 film (15 um thick + 5 um scattering layer),,220 nmol/cm2,5 mM CDCA,-,1,0
672.0,14.69,0.65,6.41,"0.1 M LiI, 0.03 M I2, 0.6 M 1-methyl-3-propylimidazolium iodide, and 0.5 M tert-butylpyridine in dry acetonitrile",TiO2 film (15 um thick + 5 um scattering layer),,200 nmol/cm2,10 mM CDCA,-,1,0
681.0,17.29,0.61,7.19,"0.1 M LiI, 0.03 M I2, 0.6 M 1-methyl-3-propylimidazolium iodide, and 0.5 M tert-butylpyridine in dry acetonitrile",TiO2 film (15 um thick + 5 um scattering layer),,180 nmol/cm2,15 mM CDCA,-,1,0
706.0,13.04,0.71,6.55,"0.1 M LiI, 0.03 M I2, 0.6 M 1-methyl-3-propylimidazolium iodide, and 0.5 M tert-butylpyridine in dry acetonitrile",TiO2 film (15 um thick + 5 um scattering layer),,170 nmol/cm2,20 mM CDCA,-,1,0
690.0,12.89,0.69,6.09,"0.1 M LiI, 0.03 M I2, 0.6 M 1-methyl-3-propylimidazolium iodide, and 0.5 M tert-butylpyridine in dry acetonitrile",TiO2 film (15 um thick + 5 um scattering layer),,230 nmol/cm2,5 mM CDCA,-,1,0
653.0,17.85,0.64,7.49,"0.1 M LiI, 0.03 M I2, 0.6 M 1-methyl-3-propylimidazolium iodide, and 0.5 M tert-butylpyridine in dry acetonitrile",TiO2 film (15 um thick + 5 um scattering layer),,190 nmol/cm2,15 mM CDCA,-,1,0
590.0,5.3,0.63,1.97,"0.1 M LiI, 0.03 M I2, 0.6 M 1-methyl-3-propylimidazolium iodide, and 0.5 M tert-butylpyridine in dry acetonitrile",TiO2 film (15 um thick + 5 um scattering layer),,250 nmol/cm2,-,-,0,0
660.0,11.77,0.68,5.28,"0.1 M LiI, 0.03 M I2, 0.6 M 1-methyl-3-propylimidazolium iodide, and 0.5 M tert-butylpyridine in dry acetonitrile",TiO2 film (15 um thick + 5 um scattering layer),,230 nmol/cm2,5 mM CDCA,-,1,0
650.0,12.36,0.69,5.54,"0.1 M LiI, 0.03 M I2, 0.6 M 1-methyl-3-propylimidazolium iodide, and 0.5 M tert-butylpyridine in dry acetonitrile",TiO2 film (15 um thick + 5 um scattering layer),,210 nmol/cm2,10 mM CDCA,-,1,0
667.0,13.29,0.67,5.94,"0.1 M LiI, 0.03 M I2, 0.6 M 1-methyl-3-propylimidazolium iodide, and 0.5 M tert-butylpyridine in dry acetonitrile",TiO2 film (15 um thick + 5 um scattering layer),,200 nmol/cm2,15 mM CDCA,-,1,0
671.0,13.26,0.65,5.81,"0.1 M LiI, 0.03 M I2, 0.6 M 1-methyl-3-propylimidazolium iodide, and 0.5 M tert-butylpyridine in dry acetonitrile",TiO2 film (15 um thick + 5 um scattering layer),,210 nmol/cm2,15 mM CDCA,-,1,0
659.0,12.4,0.709,5.72,"0.05 M I2, 0.1 M LiI, 0.6 M tetrapropyl ammonium iodide (TPAI) and 0.4 M tert-butylpyridine (4-TBP) in a mixed solvent of acetonitrile and valeronitrile (85/15, v/v)",TiO2 film (9 um thick + 5 um scattering layer),0.25,9.69e16 mol/cm2,-,-,0,0
746.0,16.17,0.67,8.08,"0.05 M I2, 0.1 M LiI, 0.6 M tetrapropyl ammonium iodide (TPAI) and 0.4 M tert-butylpyridine (4-TBP) in a mixed solvent of acetonitrile and valeronitrile (85/15, v/v)",TiO2 film (9 um thick + 5 um scattering layer),0.25,5.58e16 mol/cm2,-,-,0,0
763.0,14.07,0.671,7.21,"0.05 M I2, 0.1 M LiI, 0.6 M tetrapropyl ammonium iodide (TPAI) and 0.4 M tert-butylpyridine (4-TBP) in a mixed solvent of acetonitrile and valeronitrile (85/15, v/v)",TiO2 film (9 um thick + 5 um scattering layer),0.25,4.47e16 mol/cm2,-,-,0,0
728.0,10.81,0.736,5.79,"0.05 M I2, 0.1 M LiI, 0.6 M tetrapropyl ammonium iodide (TPAI) and 0.4 M tert-butylpyridine (4-TBP) in a mixed solvent of acetonitrile and valeronitrile (85/15, v/v)",TiO2 film (9 um thick + 5 um scattering layer),0.25,2.17e16 mol/cm2,-,-,0,0
661.0,14.49,0.723,6.94,"0.05 M I2, 0.1 M LiI, 0.6 M tetrapropyl ammonium iodide (TPAI) and 0.4 M tert-butylpyridine (4-TBP) in a mixed solvent of acetonitrile and valeronitrile (85/15, v/v)",TiO2 film (9 um thick + 5 um scattering layer),0.25,7.49e16 mol/cm2,CDCA,-,1,0
751.0,17.05,0.706,9.02,"0.05 M I2, 0.1 M LiI, 0.6 M tetrapropyl ammonium iodide (TPAI) and 0.4 M tert-butylpyridine (4-TBP) in a mixed solvent of acetonitrile and valeronitrile (85/15, v/v)",TiO2 film (9 um thick + 5 um scattering layer),0.25,4.02e16 mol/cm2,CDCA,-,1,0
809.0,14.0,0.7271,8.24,"0.22 M [CoII(bpy)3](B(CN)4)2, 0.05 M [CoIII(bpy)3](B(CN)4)3, 0.1 M LiClO4 and 0.8 M TBP in acetonitrile (ACN)",TiO2 film (5.5 um thick + 3.5 um scattering layer),0.141,99 nmol/cm2,20 mM CDCA,-,1,0
667.0,13.29,0.67,5.9,"0.1 M LiI, 0.03 M I2, 0.6 M 1-methyl-3-propylimidazolium iodide, and 0.5 M tert-butylpyridine in dry acetonitrile",TiO2 film (15 um thick + 5 um scattering layer),,200 nmol/cm2,-,-,0,0
767.0,15.11,0.707,8.19,"0.05 M I2, 0.1 M LiI, 0.6 M tetrapropyl ammonium iodide (TPAI) and 0.4 M tert-butylpyridine (4-TBP) in a mixed solvent of acetonitrile and valeronitrile (85/15, v/v)",TiO2 film (9 um thick + 5 um scattering layer),0.25,3.17e16 mol/cm2,CDCA,-,1,0
731.0,12.22,0.745,6.67,"0.05 M I2, 0.1 M LiI, 0.6 M tetrapropyl ammonium iodide (TPAI) and 0.4 M tert-butylpyridine (4-TBP) in a mixed solvent of acetonitrile and valeronitrile (85/15, v/v)",TiO2 film (9 um thick + 5 um scattering layer),0.25,1.35e16 mol/cm2,CDCA,-,1,0
670.0,17.82,0.67,7.88,"0.1 M LiI, 0.03 M I2, 0.6 M 1-methyl-3-propylimidazolium iodide, and 0.5 M tert-butylpyridine in dry acetonitrile",TiO2 film (15 um thick),,230 nmol/cm2,5 mM CDCA,-,1,0
660.0,14.33,0.66,6.35,"0.1 M LiI, 0.03 M I2, 0.6 M 1-methyl-3-propylimidazolium iodide, and 0.5 M tert-butylpyridine in dry acetonitrile",TiO2 film (15 um thick),,210 nmol/cm2,5 mM CDCA,-,1,0
680.0,13.48,0.68,6.14,"0.1 M LiI, 0.03 M I2, 0.6 M 1-methyl-3-propylimidazolium iodide, and 0.5 M tert-butylpyridine in dry acetonitrile",TiO2 film (15 um thick),,170 nmol/cm2,5 mM CDCA,-,1,0
620.0,9.98,0.74,4.59,"0.1 M 1-propyl-2,3-dimethylimidazolium iodide (DMPII), 0.5 M 1-butyl-3-methylimidazolium iodide (BMII), 0.05 M I2, 0.1 M LiI, 0.1 M guanidine thiocyanate (GuSCN), and 0.5 M tert-butylpyridine (TBP) in an 85/15 mixture of acetonitrile and valteronitrile",TiO2 film (8 um thick + 4 um scattering layer),0.159,-,20 mM CDCA,-,1,0
598.0,7.84,0.74,3.46,"0.1 M 1-propyl-2,3-dimethylimidazolium iodide (DMPII), 0.5 M 1-butyl-3-methylimidazolium iodide (BMII), 0.05 M I2, 0.1 M LiI, 0.1 M guanidine thiocyanate (GuSCN), and 0.5 M tert-butylpyridine (TBP) in an 85/15 mixture of acetonitrile and valteronitrile",TiO2 film (8 um thick + 4 um scattering layer),0.159,82 nmol/cm2,-,-,0,0
628.0,10.82,0.73,4.99,"0.1 M 1-propyl-2,3-dimethylimidazolium iodide (DMPII), 0.5 M 1-butyl-3-methylimidazolium iodide (BMII), 0.05 M I2, 0.1 M LiI, 0.1 M guanidine thiocyanate (GuSCN), and 0.5 M tert-butylpyridine (TBP) in an 85/15 mixture of acetonitrile and valteronitrile",TiO2 film (8 um thick + 4 um scattering layer),0.159,-,20 mM CDCA,-,1,0
687.0,8.59,0.69,4.11,"0.1 M 1-propyl-2,3-dimethylimidazolium iodide (DMPII), 0.5 M 1-butyl-3-methylimidazolium iodide (BMII), 0.05 M I2, 0.1 M LiI, 0.1 M guanidine thiocyanate (GuSCN), and 0.5 M tert-butylpyridine (TBP) in an 85/15 mixture of acetonitrile and valteronitrile",TiO2 film (8 um thick + 4 um scattering layer),0.159,-,-,-,0,0
734.0,13.21,0.69,6.72,"0.1 M 1-propyl-2,3-dimethylimidazolium iodide (DMPII), 0.5 M 1-butyl-3-methylimidazolium iodide (BMII), 0.05 M I2, 0.1 M LiI, 0.1 M guanidine thiocyanate (GuSCN), and 0.5 M tert-butylpyridine (TBP) in an 85/15 mixture of acetonitrile and valteronitrile",TiO2 film (8 um thick + 4 um scattering layer),0.159,88 nmol/cm2,20 mM CDCA,-,1,0
722.0,10.0,0.66,4.8,"1.0 M 1,3-dimethylimidazolium iodide, 0.03 M I2, 0.05 M LiI, 0.10 M guanidinium thiocyanate, and 0.50 M 4-tert-butylpyridine in acetonitrile/valeronitrile, 85:15",TiO2 film (10 um thick + 4 um scattering layer),,-,0.2 mM CDCA,-,1,0
687.0,10.9,0.65,4.9,"1.0 M 1,3-dimethylimidazolium iodide, 0.03 M I2, 0.05 M LiI, 0.10 M guanidinium thiocyanate, and 0.50 M 4-tert-butylpyridine in acetonitrile/valeronitrile, 85:15",TiO2 film (10 um thick + 4 um scattering layer),,-,0.2 mM CDCA,-,1,0
708.0,11.7,0.66,5.4,"1.0 M 1,3-dimethylimidazolium iodide, 0.03 M I2, 0.05 M LiI, 0.10 M guanidinium thiocyanate, and 0.50 M 4-tert-butylpyridine in acetonitrile/valeronitrile, 85:15",TiO2 film (10 um thick + 4 um scattering layer),,-,0.2 mM CDCA,-,1,0
641.0,10.9,0.725,5.05,"0.6 M N-methyl-N-butyl imid-azolium iodide, 0.04 M iodine, 0.05 m LiI, 0.05 M guanidinium thiocyanate, and 0.28 M tert-butylpyridine in 15:85 (v/v) mixture of valeronitrile and acetonitrile",TiO2 film (6 um thick + 5 um scattering layer),0.2,-,-,-,0,0
616.0,5.45,0.745,5.01,"0.6 M N-methyl-N-butyl imid-azolium iodide, 0.04 M iodine, 0.05 m LiI, 0.05 M guanidinium thiocyanate, and 0.28 M tert-butylpyridine in 15:85 (v/v) mixture of valeronitrile and acetonitrile",TiO2 film (6 um thick + 5 um scattering layer),0.2,-,-,-,0,0
558.0,1.1,0.766,4.75,"0.6 M N-methyl-N-butyl imid-azolium iodide, 0.04 M iodine, 0.05 m LiI, 0.05 M guanidinium thiocyanate, and 0.28 M tert-butylpyridine in 15:85 (v/v) mixture of valeronitrile and acetonitrile",TiO2 film (6 um thick + 5 um scattering layer),0.2,-,-,-,0,0
662.0,9.65,0.706,4.51,"0.6 M N-methyl-N-butyl imid-azolium iodide, 0.04 M iodine, 0.05 m LiI, 0.05 M guanidinium thiocyanate, and 0.28 M tert-butylpyridine in 15:85 (v/v) mixture of valeronitrile and acetonitrile",TiO2 film (6 um thick + 5 um scattering layer),0.2,-,-,-,0,0
640.0,4.84,0.726,4.5,"0.6 M N-methyl-N-butyl imid-azolium iodide, 0.04 M iodine, 0.05 m LiI, 0.05 M guanidinium thiocyanate, and 0.28 M tert-butylpyridine in 15:85 (v/v) mixture of valeronitrile and acetonitrile",TiO2 film (6 um thick + 5 um scattering layer),0.2,-,-,-,0,0
584.0,0.99,0.736,4.3,"0.6 M N-methyl-N-butyl imid-azolium iodide, 0.04 M iodine, 0.05 m LiI, 0.05 M guanidinium thiocyanate, and 0.28 M tert-butylpyridine in 15:85 (v/v) mixture of valeronitrile and acetonitrile",TiO2 film (6 um thick + 5 um scattering layer),0.2,-,-,-,0,0
690.0,5.99,0.69,2.9,"0.5M LiI, 0.05 M I2, 0.5 M TBP, 0.5M GSCN in 3-methoxy propionitrile",TiO2 film,0.25,-,-,-,0,0
670.0,8.32,0.68,3.82,"0.5 M lithium iodide (LiI), 0.05 M I2, and 0.5 M 4-tert-butylpyridine (TBP) in solvent of THF/C2H5OH(1:4)",TiO2 film,0.196,45.3 nmol/cm2,-,-,0,0
660.0,10.9,0.69,4.99,"0.5 M lithium iodide (LiI), 0.05 M I2, and 0.5 M 4-tert-butylpyridine (TBP) in solvent of THF/C2H5OH(1:4)",TiO2 film,0.196,-,0.5 mM CDCA,-,1,0
585.0,7.87,0.72,3.33,"0.1 M 1-propyl-2,3-dimethylimidazolium iodide (DMPII), 0.5 M 1-butyl-3-methylimidazolium iodide (BMII), 0.05 M I2, 0.1 M LiI, 0.1 M guanidine thiocyanate (GuSCN), and 0.5 M tert-butylpyridine (TBP) in an 85/15 mixture of acetonitrile and valteronitrile",TiO2 film (8 um thick + 4 um scattering layer),0.159,94 nmol/cm2,-,-,0,0
745.0,15.21,0.69,7.82,"0.25 M [Co(dmbpy)3](PF6)2, 0.05 M [Co(dmbpy)3](PF6)3, 0.8 M TBP, and 0.1 M LiTFSI in acetonitrile",TiO2 film (3 um thick + 4 um scattering layer),0.158,-,-,-,0,0
825.0,11.03,0.68,6.19,"0.25 M [Co(phen)3] (PF6)2, 0.05 M [Co(phen)3] (PF6)3, 0.8 M TBP, and 0.1 M LiTFSI in acetonitrile",TiO2 film (3 um thick + 4 um scattering layer),0.158,-,-,-,0,0
805.0,13.34,0.69,7.41,"0.25 M [Co(bpy)3](PF6)2, 0.05 M [Co(bpy)3](PF6)3, 0.8 M TBP, and 0.1 M LiTFSI in acetonitrile",TiO2 film (3 um thick + 4 um scattering layer),0.158,-,-,-,0,0
721.0,13.92,0.69,6.93,"0.25 M [Co(dmbpy)3](PF6)2, 0.05 M [Co(dmbpy)3](PF6)3, 0.8 M TBP, and 0.1 M LiTFSI in acetonitrile",TiO2 film (3 um thick + 4 um scattering layer),0.158,-,-,-,0,0
817.0,14.02,0.7,8.01,"0.25 M [Co(phen)3] (PF6)2, 0.05 M [Co(phen)3] (PF6)3, 0.8 M TBP, and 0.1 M LiTFSI in acetonitrile",TiO2 film (3 um thick + 4 um scattering layer),0.158,-,-,-,0,0
810.0,14.33,0.7,8.11,"0.25 M [Co(bpy)3](PF6)2, 0.05 M [Co(bpy)3](PF6)3, 0.8 M TBP, and 0.1 M LiTFSI in acetonitrile",TiO2 film (3 um thick + 4 um scattering layer),0.158,-,-,-,0,0
679.0,14.51,0.69,6.79,"0.25 M [Co(dmbpy)3](PF6)2, 0.05 M [Co(dmbpy)3](PF6)3, 0.8 M TBP, and 0.1 M LiTFSI in acetonitrile",TiO2 film (3 um thick + 4 um scattering layer),0.158,-,-,-,0,0
690.0,10.5,0.73,5.34,"0.6 M 3-hexyl-1,2-dimethyl imidazolium iodide, 0.05 M iodine, 0.1 M LiI and 0.5 M tert-butylpyridine in acetonitrile",TiO2 film (10 um thick + 4 um scattering layer),0.18,-,-,-,0,0
730.0,13.26,0.71,6.89,"0.6 M 3-hexyl-1,2-dimethyl imidazolium iodide, 0.05 M iodine, 0.1 M LiI and 0.5 M tert-butylpyridine in acetonitrile",TiO2 film (10 um thick + 4 um scattering layer),0.18,-,-,-,0,0
700.0,14.26,0.7,7.02,"0.6 M 3-hexyl-1,2-dimethyl imidazolium iodide, 0.05 M iodine, 0.1 M LiI and 0.5 M tert-butylpyridine in acetonitrile",TiO2 film (10 um thick + 4 um scattering layer),0.18,-,-,-,0,0
600.0,13.47,0.59,4.77,"0.5 M lithium iodide (LiI), 0.05 M iodine (I2), and 0.5 M 4-tert-butylpyridine dissolved in acetonitrile",TiO2 film 18 um thick,0.25,-,-,-,0,0
570.0,14.2,0.6,4.79,"0.5 M lithium iodide (LiI), 0.05 M iodine (I2), and 0.5 M 4-tert-butylpyridine dissolved in acetonitrile",TiO2 film 18 um thick,0.25,-,-,-,0,0
610.0,18.14,0.56,6.16,"0.5 M lithium iodide (LiI), 0.05 M iodine (I2), and 0.5 M 4-tert-butylpyridine dissolved in acetonitrile",TiO2 film 18 um thick,0.25,-,-,-,0,0
640.0,16.79,0.58,6.18,"0.5 M lithium iodide (LiI), 0.05 M iodine (I2), and 0.5 M 4-tert-butylpyridine dissolved in acetonitrile",TiO2 film 18 um thick,0.25,-,-,-,0,0
580.0,12.93,0.64,4.8,"0.5 M lithium iodide (LiI), 0.05 M iodine (I2), and 0.5 M 4-tert-butylpyridine dissolved in acetonitrile",TiO2 film 18 um thick,0.25,-,-,-,0,0
600.0,13.54,0.64,5.25,"0.5 M lithium iodide (LiI), 0.05 M iodine (I2), and 0.5 M 4-tert-butylpyridine dissolved in acetonitrile",TiO2 film 18 um thick,0.25,-,-,-,0,0
670.0,16.48,0.64,6.9,"0.5 M lithium iodide (LiI), 0.05 M iodine (I2), and 0.5 M 4-tert-butylpyridine dissolved in acetonitrile",TiO2 film 18 um thick,0.25,-,-,-,0,0
620.0,13.4,0.62,5.7,"0.5 M lithium iodide (LiI), 0.05 M iodine (I2), and 0.5 M 4-tert-butylpyridine dissolved in acetonitrile",TiO2 film 18 um thick,0.25,-,-,-,0,0
630.0,16.0,0.63,6.15,"0.5 M lithium iodide (LiI), 0.05 M iodine (I2), and 0.5 M 4-tert-butylpyridine dissolved in acetonitrile",TiO2 film 18 um thick,0.25,-,-,-,0,0
410.0,8.8,0.57,2.1,"0.05 M iodine, 0.1 M lithium iodide, and 0.6 M 1,2-dimethyl-3-propylimidazolium iodide (DMPrII) in acetonitrile",TiO2 film 9 um thick,0.25,-,CDCA,-,1,0
410.0,6.2,0.55,1.4,"0.05 M iodine, 0.1 M lithium iodide, and 0.6 M 1,2-dimethyl-3-propylimidazolium iodide (DMPrII) in acetonitrile",TiO2 film 9 um thick,0.25,-,-,-,0,0
430.0,9.0,0.54,2.1,"0.05 M iodine, 0.1 M lithium iodide, and 0.6 M 1,2-dimethyl-3-propylimidazolium iodide (DMPrII) in acetonitrile",TiO2 film 9 um thick,0.25,-,CDCA,-,1,0
658.0,12.7,0.6,4.98,"0.1 M LiI, 0.6 M 1-propyl-2,3-dimethylimidazolium iodide (DMPII), 0.05 M I2 and 0.5 M tert-butylpyridine (TBP) in a mixture of acetonitrile(ACN)/3-methoxypropionitrile (MPN) with a volume ratio of 1:1",TiO2 film (12 um thick + 4 um scattering layer),0.16,-,-,-,0,0
638.0,13.3,0.63,5.29,"0.1 M LiI, 0.6 M 1-propyl-2,3-dimethylimidazolium iodide (DMPII), 0.05 M I2 and 0.5 M tert-butylpyridine (TBP) in a mixture of acetonitrile(ACN)/3-methoxypropionitrile (MPN) with a volume ratio of 1:1",TiO2 film (12 um thick + 4 um scattering layer),0.16,-,-,-,0,0
678.0,10.1,0.61,4.22,"0.1 M LiI, 0.6 M 1-propyl-2,3-dimethylimidazolium iodide (DMPII), 0.05 M I2 and 0.5 M tert-butylpyridine (TBP) in a mixture of acetonitrile(ACN)/3-methoxypropionitrile (MPN) with a volume ratio of 1:1",TiO2 film (12 um thick + 4 um scattering layer),0.16,-,-,-,0,0
646.0,12.5,0.62,4.97,"0.1 M LiI, 0.6 M 1-propyl-2,3-dimethylimidazolium iodide (DMPII), 0.05 M I2 and 0.5 M tert-butylpyridine (TBP) in a mixture of acetonitrile(ACN)/3-methoxypropionitrile (MPN) with a volume ratio of 1:1",TiO2 film (12 um thick + 4 um scattering layer),0.16,-,-,-,0,0
753.0,11.2,0.725,6.11,"0.6 M 1,2-dimethyl-3-propylimidazolium iodide (DMPII), 0.1 M LiI and 0.05 M I2 in acetonitrile and 4-tert-butylpyridine (volume ratio, 1:1)",TiO2 film (12 um thick + 6 um scattering layer),0.2,95 nmol/cm2,-,-,0,0
750.0,9.42,0.713,5.04,"0.6 M 1,2-dimethyl-3-propylimidazolium iodide (DMPII), 0.1 M LiI and 0.05 M I2 in acetonitrile and 4-tert-butylpyridine (volume ratio, 1:1)",TiO2 film (12 um thick + 6 um scattering layer),0.2,-,40 mM DCA,-,1,0
744.0,11.1,0.719,5.94,"0.6 M 1,2-dimethyl-3-propylimidazolium iodide (DMPII), 0.1 M LiI and 0.05 M I2 in acetonitrile and 4-tert-butylpyridine (volume ratio, 1:1)",TiO2 film (12 um thick + 6 um scattering layer),0.2,94 nmol/cm2,-,-,0,0
710.0,12.27,0.695,6.05,"0.6 M 1,2-dimethyl-3-propylimidazolium iodide (DMPII), 0.1 M LiI and 0.05 M I2 in acetonitrile and 4-tert-butylpyridine (volume ratio, 1:1)",TiO2 film (12 um thick + 6 um scattering layer),0.2,80 nmol/cm2,-,-,0,0
716.0,11.51,0.727,5.99,"0.6 M 1,2-dimethyl-3-propylimidazolium iodide (DMPII), 0.1 M LiI and 0.05 M I2 in acetonitrile and 4-tert-butylpyridine (volume ratio, 1:1)",TiO2 film (12 um thick + 6 um scattering layer),0.2,-,40 mM DCA,-,1,0
727.0,11.46,0.705,5.88,"0.6 M 1,2-dimethyl-3-propylimidazolium iodide (DMPII), 0.1 M LiI and 0.05 M I2 in acetonitrile and 4-tert-butylpyridine (volume ratio, 1:1)",TiO2 film (12 um thick + 6 um scattering layer),0.2,80 nmol/cm2,-,-,0,0
672.0,9.63,0.719,4.65,"0.6 M 1,2-dimethyl-3-propylimidazolium iodide (DMPII), 0.1 M LiI and 0.05 M I2 in acetonitrile and 4-tert-butylpyridine (volume ratio, 1:1)",TiO2 film (12 um thick + 6 um scattering layer),0.2,94 nmol/cm2,-,-,0,0
657.0,12.43,0.614,5.01,"0.6 M 1,2-dimethyl-3-propylimidazolium iodide (DMPII), 0.1 M LiI and 0.05 M I2 in acetonitrile and 4-tert-butylpyridine (volume ratio, 1:1)",TiO2 film (12 um thick + 6 um scattering layer),0.2,85 nmol/cm2,-,-,0,0
650.0,10.6,0.71,4.9,"3-propyl-1-methyl-imidazolium iodide (PMII, 0.7 M), lithium iodide (LiI,0.2 M), iodine (I2, 0.05 M), and t-butylpyridine (TBP, 0.5 M) in acetonitrile/valeronitrile (85:15)",TiO2 film,,-,-,-,0,0
548.0,2.37,0.7,0.9,"1,2-dimethyl-3-propylimidazolium iodide (0.6 M), LiI (0.1 M), tert-butylpyridine (0.5 M) and I2 (0.05 M) in acetonitrile",TiO2 film (12 um thick + 3 um scattering layer),0.16,-,20 mM CDCA,-,1,0
512.0,3.72,0.63,1.21,"1,2-dimethyl-3-propylimidazolium iodide (0.6 M), LiI (0.1 M), tert-butylpyridine (0.5 M) and I2 (0.05 M) in acetonitrile",TiO2 film (12 um thick + 3 um scattering layer),0.16,-,-,-,0,0
634.0,8.27,0.72,3.78,"0.3 M HMII, 0.5 M LiI, 0.05 M I2 and 0.5 M TBP in MPN",TiO2 film (12 um thick + 4 um scattering layer),0.2,-,10 mM CDCA,-,1,0
645.0,8.82,0.72,4.09,"0.3 M HMII, 0.5 M LiI, 0.05 M I2 and 0.5 M TBP in MPN",TiO2 film (12 um thick + 4 um scattering layer),0.2,-,10 mM CDCA,-,1,0
470.0,3.26,0.62,0.95,"LiI (0.5 M), I2 (0.05 M), and 4-tert-butylpyridine (TBP, 0.5 M) in MeCN",TiO2 film 16-18 um thick,0.25,527 nmol/cm2,-,-,0,0
520.0,2.62,0.61,0.83,"3-dimethylimidazolium iodide (1.0 M), guanidinium thiocyanate (0.1 M), LiI (0.05 M), I2 (0.03 M), and TBP (0.5 M) in MeCN and valeronitrile (85:15, v/v)",TiO2 film 16-18 um thick,0.25,-,-,-,0,0
490.0,3.56,0.63,1.1,"LiI (0.5 M), I2 (0.05 M), and 4-tert-butylpyridine (TBP, 0.5 M) in MeCN",TiO2 film 16-18 um thick,0.25,264 nmol/cm2,-,-,0,0
540.0,2.73,0.63,0.94,"3-dimethylimidazolium iodide (1.0 M), guanidinium thiocyanate (0.1 M), LiI (0.05 M), I2 (0.03 M), and TBP (0.5 M) in MeCN and valeronitrile (85:15, v/v)",TiO2 film 16-18 um thick,0.25,-,-,-,0,0
490.0,3.0,0.6,0.88,"LiI (0.5 M), I2 (0.05 M), and 4-tert-butylpyridine (TBP, 0.5 M) in MeCN",TiO2 film 16-18 um thick,0.25,-,-,-,0,0
520.0,3.87,0.64,1.28,"LiI (0.5 M), I2 (0.05 M), and 4-tert-butylpyridine (TBP, 0.5 M) in MeCN",TiO2 film 16-18 um thick,0.25,-,50 mM DCA,-,1,0
770.0,10.04,0.73,5.65,"LiI (0.1 M), I2 (0.1 M), 4-tert-butylpyridine (1.0 M) and 1,2-dimethyl-3-propy-limidazolium iodide (0.6 M) in acetonitrile",TiO2 film (15 um thick + 5 um scattering layer),0.16,174 nmol/cm2,-,-,0,0
780.0,9.12,0.73,5.19,"LiI (0.1 M), I2 (0.1 M), 4-tert-butylpyridine (1.0 M) and 1,2-dimethyl-3-propy-limidazolium iodide (0.6 M) in acetonitrile",TiO2 film (15 um thick + 5 um scattering layer),0.16,195 nmol/cm2,-,-,0,0
925.0,15.01,0.69,9.58,"0.25 M [Co(phen)3] (PF6)2, 0.05 M [Co(phen)3] (PF6)3, 0.8 M TBP, and 0.1 M LiTFSI in acetonitrile",TiO2 film (3 um thick + 4 um scattering layer),0.158,-,-,-,0,0
450.0,9.2,0.52,2.2,"0.05 M iodine, 0.1 M lithium iodide, and 0.6 M 1,2-dimethyl-3-propylimidazolium iodide (DMPrII) in acetonitrile",TiO2 film 9 um thick,0.25,-,-,-,0,0
480.0,13.7,0.5,3.3,"0.05 M iodine, 0.1 M lithium iodide, and 0.6 M 1,2-dimethyl-3-propylimidazolium iodide (DMPrII) in acetonitrile",TiO2 film 9 um thick,0.25,-,CDCA,-,1,0
520.0,0.8,0.62,0.8,"0.05 M iodine, 0.1 M lithium iodide, and 0.6 M 1,2-dimethyl-3-propylimidazolium iodide (DMPrII) in acetonitrile + 0.5 M TBP",TiO2 film 9 um thick,0.25,-,-,-,0,0
550.0,4.4,0.64,1.6,"0.05 M iodine, 0.1 M lithium iodide, and 0.6 M 1,2-dimethyl-3-propylimidazolium iodide (DMPrII) in acetonitrile + 0.5 M TBP",TiO2 film 9 um thick,0.25,-,CDCA,-,1,0
370.0,3.3,0.52,0.6,"0.05 M iodine, 0.1 M lithium iodide, and 0.6 M 1,2-dimethyl-3-propylimidazolium iodide (DMPrII) in acetonitrile",TiO2 film 9 um thick,0.25,-,-,-,0,0
682.0,7.83,0.71,3.79,"0.6 M methylhexylimidazolium iodide, 0.05 M iodine, 0.1 M LiI and 0.5 M tert-butylpyridine in 3-methoxypropionitrile",TiO2 film (15 um thick),0.15,-,1 mM cholanic acid,-,1,0
668.0,10.88,0.61,4.41,"0.6 M methylhexylimidazolium iodide, 0.05 M iodine, 0.1 M LiI and 0.5 M tert-butylpyridine in 3-methoxypropionitrile",TiO2 film (15 um thick),0.15,-,1 mM cholanic acid,-,1,0
710.0,9.7,0.66,4.54,"0.6 M methylhexylimidazolium iodide, 0.05 M iodine, 0.1 M LiI and 0.5 M tert-butylpyridine in 3-methoxypropionitrile",TiO2 film (15 um thick),0.15,-,1 mM cholanic acid,-,1,0
600.0,4.29,0.67,1.75,iodide/triiodide,TiO2 film (12 um thick + 6 um scattering layer),,-,-,-,0,0
510.0,2.98,0.65,0.99,iodide/triiodide,TiO2 film (12 um thick + 6 um scattering layer),,-,-,-,0,0
570.0,7.6,0.62,2.7,iodide/triiodide,TiO2 film (12 um thick + 6 um scattering layer),,-,-,-,0,0
500.0,5.19,0.55,1.42,iodide/triiodide,TiO2 film (12 um thick + 6 um scattering layer),,-,-,-,0,0
590.0,5.81,0.68,2.31,iodide/triiodide,TiO2 film (12 um thick + 6 um scattering layer),,-,-,-,0,0
560.0,7.34,0.67,2.73,iodide/triiodide,TiO2 film (12 um thick + 6 um scattering layer),,-,-,-,0,0
670.0,2.8,0.62,1.4,"0.5 M LiI, 0.05 M iodine (I2) and 0.5 M 4-tert-butylpyridine (TBP) in 3-methoxypropionitrile",TiO2 film,1.0,168 nmol/cm2,-,-,0,0
518.0,1.1,0.51,0.6,"0.5 M LiI, 0.05 M iodine (I2) and 0.5 M 4-tert-butylpyridine (TBP) in 3-methoxypropionitrile",TiO2 film,1.0,17.8 nmol/cm2,-,-,0,0
712.0,3.5,0.57,1.7,"0.5 M LiI, 0.05 M iodine (I2) and 0.5 M 4-tert-butylpyridine (TBP) in 3-methoxypropionitrile",TiO2 film,1.0,195 nmol/cm2,-,-,0,0
750.0,8.0,0.55,3.9,"0.5 M LiI, 0.05 M iodine (I2) and 0.5 M 4-tert-butylpyridine (TBP) in 3-methoxypropionitrile",TiO2 film,1.0,217 nmol/cm2,-,-,0,0
576.0,3.0,0.54,1.1,"0.5 M LiI, 0.05 M iodine (I2) and 0.5 M 4-tert-butylpyridine (TBP) in 3-methoxypropionitrile",TiO2 film,1.0,31.5 nmol/cm2,-,-,0,0
580.0,12.08,0.74,5.2,"0.6 M 1-propyl-2,3-dimethylimidazolium iodide (DMPII), 0.1 M lithium iodide, 0.05 M iodine, and 0.5 M 4-tert-butylpyridine (TBP) in 3-methoxypropionitrile (MPN)",TiO2 film (7 um thick),0.25,-,-,-,0,0
680.0,9.4,0.85,5.43,"0.6 M 1-propyl-2,3-dimethylimidazolium iodide (DMPII), 0.1 M lithium iodide, 0.05 M iodine, and 0.5 M 4-tert-butylpyridine (TBP) in 3-methoxypropionitrile (MPN)",TiO2 film (7 um thick),0.25,231 nmol/cm2,-,-,0,0
550.0,9.2,0.75,3.79,"0.6 M 1-propyl-2,3-dimethylimidazolium iodide (DMPII), 0.1 M lithium iodide, 0.05 M iodine, and 0.5 M 4-tert-butylpyridine (TBP) in 3-methoxypropionitrile (MPN)",TiO2 film (7 um thick),0.25,239 nmol/cm2,-,-,0,0
850.0,14.62,0.7,8.69,"0.25 M [Co(bpy)3](PF6)2, 0.05 M [Co(bpy)3](PF6)3, 0.8 M TBP, and 0.1 M LiTFSI in acetonitrile",TiO2 film (3 um thick + 4 um scattering layer),0.158,-,-,-,0,0
420.0,7.8,0.54,1.8,"0.05 M iodine, 0.1 M lithium iodide, and 0.6 M 1,2-dimethyl-3-propylimidazolium iodide (DMPrII) in acetonitrile",TiO2 film 9 um thick,0.25,-,-,-,0,0
440.0,8.9,0.52,2.0,"0.05 M iodine, 0.1 M lithium iodide, and 0.6 M 1,2-dimethyl-3-propylimidazolium iodide (DMPrII) in acetonitrile",TiO2 film 9 um thick,0.25,-,CDCA,-,1,0
660.0,12.9,0.71,6.1,"3-propyl-1-methyl-imidazolium iodide (PMII, 0.7 M), lithium iodide (LiI,0.2 M), iodine (I2, 0.05 M), and t-butylpyridine (TBP, 0.5 M) in acetonitrile/valeronitrile (85:15)",TiO2 film,,-,-,-,0,0
650.0,13.6,0.71,6.3,"3-propyl-1-methyl-imidazolium iodide (PMII, 0.7 M), lithium iodide (LiI,0.2 M), iodine (I2, 0.05 M), and t-butylpyridine (TBP, 0.5 M) in acetonitrile/valeronitrile (85:15)",TiO2 film,,-,-,-,0,0
685.0,16.59,0.65,7.38,"0.6 mol/dm3 1-propyl-3-methylimidazoliumiodide, 0.1 mol/dm3 LiI, 0.05 mol/dm3 I2, and 0.5 mol/dm3 tert-butylpyridine in the mixture of acetonitrile and valeronitrile (1:1, v/v)",TiO2 film (8 um thick + 4 um scattering layer),0.2,-,1 mM DCA,-,1,0
635.0,16.95,0.66,7.1,"0.6 mol/dm3 1-propyl-3-methylimidazoliumiodide, 0.1 mol/dm3 LiI, 0.05 mol/dm3 I2, and 0.5 mol/dm3 tert-butylpyridine in the mixture of acetonitrile and valeronitrile (1:1, v/v)",TiO2 film (8 um thick + 4 um scattering layer),0.2,-,1 mM DCA,-,1,0
620.0,17.3,0.63,6.75,"0.6 mol/dm3 1-propyl-3-methylimidazoliumiodide, 0.1 mol/dm3 LiI, 0.05 mol/dm3 I2, and 0.5 mol/dm3 tert-butylpyridine in the mixture of acetonitrile and valeronitrile (1:1, v/v)",TiO2 film (8 um thick + 4 um scattering layer),0.2,-,1 mM DCA,-,1,0
630.0,16.8,0.63,6.65,"0.6 mol/dm3 1-propyl-3-methylimidazoliumiodide, 0.1 mol/dm3 LiI, 0.05 mol/dm3 I2, and 0.5 mol/dm3 tert-butylpyridine in the mixture of acetonitrile and valeronitrile (1:1, v/v)",TiO2 film (8 um thick + 4 um scattering layer),0.2,229 nmol/cm2,-,-,0,0
570.0,16.53,0.58,5.49,"0.6 mol/dm3 1-propyl-3-methylimidazoliumiodide, 0.1 mol/dm3 LiI, 0.05 mol/dm3 I2, and 0.5 mol/dm3 tert-butylpyridine in the mixture of acetonitrile and valeronitrile (1:1, v/v)",TiO2 film (8 um thick + 4 um scattering layer),0.2,176 nmol/cm2,-,-,0,0
565.0,16.77,0.53,5.34,"0.6 mol/dm3 1-propyl-3-methylimidazoliumiodide, 0.1 mol/dm3 LiI, 0.05 mol/dm3 I2, and 0.5 mol/dm3 tert-butylpyridine in the mixture of acetonitrile and valeronitrile (1:1, v/v)",TiO2 film (8 um thick + 4 um scattering layer),0.2,242 nmol/cm2,-,-,0,0
612.0,12.68,0.73,5.7,"0.6 M N-methyl-N-butyl imidazolium iodide, 0.04 M iodine, 0.02 M LiI, 0.05 M guanidinium thiocyanate, and 0.28 M tert-butylpyridine in 15/85 (v/v) mixture of valeronitrile and acetonitrile",TiO2 film (7.3 um thick + 4 um scattering layer),,-,-,-,0,0
503.0,3.65,0.69,1.3,"0.6 M N-methyl-N-butyl imidazolium iodide, 0.04 M iodine, 0.02 M LiI, 0.05 M guanidinium thiocyanate, and 0.28 M tert-butylpyridine in 15/85 (v/v) mixture of valeronitrile and acetonitrile",TiO2 film (7.3 um thick + 4 um scattering layer),,-,-,-,0,0
550.0,3.71,0.75,1.53,iodide/triiodide,TiO2 film,,-,-,-,0,0
510.0,2.63,0.75,1.0,iodide/triiodide,TiO2 film,,-,-,-,0,0
940.0,9.51,0.73,6.5,"0.3 M tris(1,10-phenanthroline)cobalt di[bis(trifluoromethanesulfonyl)imide] (Co(phen)3[TFSI]2), 0.1 M nitrosonium tetrafluoroborate (NOBF4), 0.5 M 4-tert-butylpyridine (TBP) and 0.1 M lithium bis(trifluoromethanesulfonyl)imide (LiTFSI) in acetonitrile",TiO2 film (2.8 um thick + 3.3 um scattering layer),,-,-,-,0,0
770.0,10.07,0.74,5.8,"0.3 M tris(1,10-phenanthroline)cobalt di[bis(trifluoromethanesulfonyl)imide] (Co(phen)3[TFSI]2), 0.1 M nitrosonium tetrafluoroborate (NOBF4), 0.5 M 4-tert-butylpyridine (TBP) and 0.1 M lithium bis(trifluoromethanesulfonyl)imide (LiTFSI) in acetonitrile",TiO2 film (2.8 um thick + 3.3 um scattering layer),,-,-,-,0,0
900.0,10.72,0.73,7.1,"0.3 M tris(1,10-phenanthroline)cobalt di[bis(trifluoromethanesulfonyl)imide] (Co(phen)3[TFSI]2), 0.1 M nitrosonium tetrafluoroborate (NOBF4), 0.5 M 4-tert-butylpyridine (TBP) and 0.1 M lithium bis(trifluoromethanesulfonyl)imide (LiTFSI) in acetonitrile",TiO2 film (2.8 um thick + 3.3 um scattering layer),,-,-,-,0,0
790.0,10.68,0.75,6.3,"0.3 M tris(1,10-phenanthroline)cobalt di[bis(trifluoromethanesulfonyl)imide] (Co(phen)3[TFSI]2), 0.1 M nitrosonium tetrafluoroborate (NOBF4), 0.5 M 4-tert-butylpyridine (TBP) and 0.1 M lithium bis(trifluoromethanesulfonyl)imide (LiTFSI) in acetonitrile",TiO2 film (2.8 um thick + 3.3 um scattering layer),,-,-,-,0,0
860.0,13.26,0.75,8.6,"0.3 M tris(1,10-phenanthroline)cobalt di[bis(trifluoromethanesulfonyl)imide] (Co(phen)3[TFSI]2), 0.1 M nitrosonium tetrafluoroborate (NOBF4), 0.5 M 4-tert-butylpyridine (TBP) and 0.1 M lithium bis(trifluoromethanesulfonyl)imide (LiTFSI) in acetonitrile",TiO2 film (2.8 um thick + 3.3 um scattering layer),,-,-,-,0,0
810.0,12.24,0.77,7.7,"0.3 M tris(1,10-phenanthroline)cobalt di[bis(trifluoromethanesulfonyl)imide] (Co(phen)3[TFSI]2), 0.1 M nitrosonium tetrafluoroborate (NOBF4), 0.5 M 4-tert-butylpyridine (TBP) and 0.1 M lithium bis(trifluoromethanesulfonyl)imide (LiTFSI) in acetonitrile",TiO2 film (2.8 um thick + 3.3 um scattering layer),,-,-,-,0,0
610.0,9.8,0.68,4.07,Acetonitrileeethylenecarbonate (v/v=1:4) containing tetrabutylammonium iodide (0.5 mol/dm3) and iodine (0.05 mol/dm3),ZnO film,0.2,-,1 mmol/dm3 cholic acid,-,1,0
852.0,14.8,0.66,8.37,"0.25 M [Co(phen)3](PF6)2, 0.05 M [Co(phen)3](PF6)3, 0.5 M TBP, and 0.1 M LiTFSI in acetonitrile",TiO2 film (3 um thick + 4 um scattering layer),0.156,-,-,-,0,0
821.0,14.3,0.7,8.22,"0.25 M [Co(phen)3](PF6)2, 0.05 M [Co(phen)3](PF6)3, 0.5 M TBP, and 0.1 M LiTFSI in acetonitrile",TiO2 film (3 um thick + 4 um scattering layer),0.156,-,-,-,0,0
818.0,14.5,0.69,8.18,"0.25 M [Co(phen)3](PF6)2, 0.05 M [Co(phen)3](PF6)3, 0.5 M TBP, and 0.1 M LiTFSI in acetonitrile",TiO2 film (3 um thick + 4 um scattering layer),0.156,-,-,-,0,0
876.0,14.1,0.78,9.8,"0.25 M [Co(bpy)3](TFSI)2, 0.06 M [Co(bpy)3](TFSI)3, 0.25 M TBP, 0.1 M LiTFSI in acetonitrile",TiO2 film (4 um thick + 4 um scattering layer),0.159,-,CDCA,-,1,0
755.0,14.8,0.77,8.6,"0.25 M [Co(bpy)3](TFSI)2, 0.06 M [Co(bpy)3](TFSI)3, 0.25 M TBP, 0.1 M LiTFSI in acetonitrile",TiO2 film (4 um thick + 4 um scattering layer),0.159,-,CDCA,-,1,0
840.0,16.2,0.76,10.3,"0.25 M [Co(bpy)3](TFSI)2, 0.06 M [Co(bpy)3](TFSI)3, 0.25 M TBP, 0.1 M LiTFSI in acetonitrile",TiO2 film (4 um thick + 4 um scattering layer),0.159,-,CDCA,-,1,0
754.0,1.6,0.78,9.9,"0.25 M [Co(bpy)3](TFSI)2, 0.06 M [Co(bpy)3](TFSI)3, 0.25 M TBP, 0.1 M LiTFSI in acetonitrile",TiO2 film (4 um thick + 4 um scattering layer),0.159,-,CDCA,-,1,0
582.0,13.16,0.73,5.56,"0.05 M I2 and 0.5 M LiI in acetonitrile/3-methoxypropionitrile (7:3, v/v)",TiO2 film,,-,-,-,0,0
741.0,15.41,0.711,8.12,"1.0 M 1,3-dimethylimidazolium iodide, 0.03 M iodine, 0.1 M guanidinium thiocyanate, 0.5 M tert-butylpyridine, 0.05 M lithium iodide in acetonitrile:valeronitrile (85:15, v/v)",TiO2 film (8 uM thick),0.159,-,10 mM CDCA,-,1,0
741.0,14.4,0.682,7.28,"1.0 M 1,3-dimethylimidazolium iodide, 0.03 M iodine, 0.1 M guanidinium thiocyanate, 0.5 M tert-butylpyridine, 0.05 M lithium iodide in acetonitrile:valeronitrile (85:15, v/v)",TiO2 film (8 uM thick),0.159,-,10 mM CDCA,-,1,0
771.0,14.69,0.688,7.79,"0.22 M Co(bpy)3[B(CN)4]2, 0.06 M Co(bpy)3[B(CN)4]3, 0.1 M LiClO4, and 0.5 M 4-tert-butylpyridine in acetonitrile",TiO2 film (8 uM thick),0.159,-,10 mM CDCA,-,1,0
803.0,15.76,0.712,9.0,"0.22 M Co(bpy)3[B(CN)4]2, 0.06 M Co(bpy)3[B(CN)4]3, 0.1 M LiClO4, and 0.5 M 4-tert-butylpyridine in acetonitrile",TiO2 film (8 uM thick),0.159,-,10 mM CDCA,-,1,0
876.0,15.26,0.689,9.22,"0.22 M Co(bpy)3[B(CN)4]2, 0.06 M Co(bpy)3[B(CN)4]3, 0.1 M LiClO4, and 0.5 M 4-tert-butylpyridine in acetonitrile",TiO2 film (8 uM thick),0.159,-,10 mM CDCA,-,1,0
767.0,14.83,0.666,7.57,"0.22 M Co(bpy)3[B(CN)4]2, 0.06 M Co(bpy)3[B(CN)4]3, 0.1 M LiClO4, and 0.5 M 4-tert-butylpyridine in acetonitrile",TiO2 film (8 uM thick),0.159,-,10 mM CDCA,-,1,0
739.0,7.52,0.692,7.7,"0.22 M Co(bpy)3[B(CN)4]2, 0.06 M Co(bpy)3[B(CN)4]3, 0.1 M LiClO4, and 0.5 M 4-tert-butylpyridine in acetonitrile",TiO2 film (8 uM thick),0.159,-,10 mM CDCA,-,1,0
651.0,1.48,0.672,6.45,"0.22 M Co(bpy)3[B(CN)4]2, 0.06 M Co(bpy)3[B(CN)4]3, 0.1 M LiClO4, and 0.5 M 4-tert-butylpyridine in acetonitrile",TiO2 film (8 uM thick),0.159,-,10 mM CDCA,-,1,0
797.0,15.58,0.712,8.84,"0.22 M Co(bpy)3[B(CN)4]2, 0.06 M Co(bpy)3[B(CN)4]3, 0.1 M LiClO4, and 0.5 M 4-tert-butylpyridine in acetonitrile",TiO2 film (8 uM thick),0.159,-,10 mM CDCA,-,1,0
770.0,7.81,0.729,8.77,"0.22 M Co(bpy)3[B(CN)4]2, 0.06 M Co(bpy)3[B(CN)4]3, 0.1 M LiClO4, and 0.5 M 4-tert-butylpyridine in acetonitrile",TiO2 film (8 uM thick),0.159,-,10 mM CDCA,-,1,0
695.0,1.56,0.717,7.78,"0.22 M Co(bpy)3[B(CN)4]2, 0.06 M Co(bpy)3[B(CN)4]3, 0.1 M LiClO4, and 0.5 M 4-tert-butylpyridine in acetonitrile",TiO2 film (8 uM thick),0.159,-,10 mM CDCA,-,1,0
882.0,15.71,0.693,9.6,"0.22 M Co(bpy)3[B(CN)4]2, 0.06 M Co(bpy)3[B(CN)4]3, 0.1 M LiClO4, and 0.5 M 4-tert-butylpyridine in acetonitrile",TiO2 film (8 uM thick),0.159,-,10 mM CDCA,-,1,0
862.0,8.03,0.73,10.11,"0.22 M Co(bpy)3[B(CN)4]2, 0.06 M Co(bpy)3[B(CN)4]3, 0.1 M LiClO4, and 0.5 M 4-tert-butylpyridine in acetonitrile",TiO2 film (8 uM thick),0.159,-,10 mM CDCA,-,1,0
805.0,1.64,0.742,9.86,"0.22 M Co(bpy)3[B(CN)4]2, 0.06 M Co(bpy)3[B(CN)4]3, 0.1 M LiClO4, and 0.5 M 4-tert-butylpyridine in acetonitrile",TiO2 film (8 uM thick),0.159,-,10 mM CDCA,-,1,0
530.0,4.58,0.68,1.64,"LiI (0.5 M), I2 (0.05 M), and 4-tert-butylpyridine (TBP, 0.5 M) in MeCN",TiO2 film 16-18 um thick,0.25,-,100 mM DCA,-,1,0
550.0,5.22,0.66,1.88,"LiI (0.5 M), I2 (0.05 M), and 4-tert-butylpyridine (TBP, 0.5 M) in MeCN",TiO2 film 16-18 um thick,0.25,-,150 mM DCA,-,1,0
500.0,3.55,0.61,1.14,"LiI (0.5 M), I2 (0.05 M), and 4-tert-butylpyridine (TBP, 0.5 M) in MeCN",TiO2 film 16-18 um thick,0.25,-,-,-,0,0
560.0,6.77,0.62,2.34,"LiI (0.5 M), I2 (0.05 M), and 4-tert-butylpyridine (TBP, 0.5 M) in MeCN",TiO2 film 16-18 um thick,0.25,-,50 mM DCA,-,1,0
580.0,6.86,0.63,2.51,"LiI (0.5 M), I2 (0.05 M), and 4-tert-butylpyridine (TBP, 0.5 M) in MeCN",TiO2 film 16-18 um thick,0.25,-,100 mM DCA,-,1,0
540.0,5.16,0.65,1.82,"LiI (0.5 M), I2 (0.05 M), and 4-tert-butylpyridine (TBP, 0.5 M) in MeCN",TiO2 film 16-18 um thick,0.25,-,150 mM DCA,-,1,0
885.0,15.2,0.68,9.22,"0.25 M [Co(phen)3](PF6)2, 0.05 M [Co(phen)3](PF6)3, 0.5 M TBP, and 0.1 M LiTFSI in acetonitrile",TiO2 film (3 um thick + 4 um scattering layer),0.156,-,-,-,0,0
815.0,8.5,0.77,10.4,"0.25 M [Co(bpy)3](TFSI)2, 0.06 M [Co(bpy)3](TFSI)3, 0.25 M TBP, 0.1 M LiTFSI in acetonitrile",TiO2 film (4 um thick + 4 um scattering layer),0.159,-,CDCA,-,1,0
823.0,10.6,0.77,10.4,"0.25 M [Co(bpy)3](TFSI)2, 0.06 M [Co(bpy)3](TFSI)3, 0.25 M TBP, 0.1 M LiTFSI in acetonitrile",TiO2 film (4 um thick + 4 um scattering layer),0.159,-,CDCA,-,1,0
829.0,1.6,0.78,11.1,"0.25 M [Co(bpy)3](TFSI)2, 0.06 M [Co(bpy)3](TFSI)3, 1 M TBP, 0.1 M LiTFSI in acetonitrile",TiO2 film (4 um thick + 4 um scattering layer),0.159,-,CDCA,-,1,0
887.0,8.3,0.75,11.1,"0.25 M [Co(bpy)3](TFSI)2, 0.06 M [Co(bpy)3](TFSI)3, 1 M TBP, 0.1 M LiTFSI in acetonitrile",TiO2 film (4 um thick + 4 um scattering layer),0.159,-,CDCA,-,1,0
893.0,10.2,0.74,10.7,"0.25 M [Co(bpy)3](TFSI)2, 0.06 M [Co(bpy)3](TFSI)3, 1 M TBP, 0.1 M LiTFSI in acetonitrile",TiO2 film (4 um thick + 4 um scattering layer),0.159,-,CDCA,-,1,0
904.0,12.6,0.78,9.0,"0.25 M [Co(bpy)3](TFSI)2, 0.06 M [Co(bpy)3](TFSI)3, 1 M TBP, 0.1 M LiTFSI in acetonitrile",TiO2 film (4 um thick + 4 um scattering layer),0.159,-,CDCA,-,1,0
610.0,8.31,0.66,3.34,Acetonitrileeethylenecarbonate (v/v=1:4) containing tetrabutylammonium iodide (0.5 mol/dm3) and iodine (0.05 mol/dm3),ZnO film,0.2,-,1 mmol/dm3 cholic acid,-,1,0
728.0,12.61,0.667,6.12,"0.6 M dimethylpropyl-imidazolium iodide (DMPII), 0.05 M I2, 0.1 M LiI, and 0.5-1.0 M tert-butylpyridine (TBP) in acetonitrile",TiO2 film (6 um transparent + 8 um scat­tering layer),,155 nmol/cm2,-,-,0,0
695.0,13.22,0.683,6.28,"0.6 M dimethylpropyl-imidazolium iodide (DMPII), 0.05 M I2, 0.1 M LiI, and 0.5-1.0 M tert-butylpyridine (TBP) in acetonitrile",TiO2 film (6 um transparent + 8 um scat­tering layer),,258 nmol/cm2,-,-,0,0
786.0,13.44,0.675,7.13,"0.6 M dimethylpropyl-imidazolium iodide (DMPII), 0.05 M I2, 0.1 M LiI, and 0.5-1.0 M tert-butylpyridine (TBP) in acetonitrile",TiO2 film (6 um transparent + 8 um scat­tering layer),,233 nmol/cm2,-,-,0,0
775.0,15.06,0.704,8.21,"0.6 M dimethylpropyl-imidazolium iodide (DMPII), 0.05 M I2, 0.1 M LiI, and 0.5-1.0 M tert-butylpyridine (TBP) in acetonitrile",TiO2 film (6 um transparent + 8 um scat­tering layer),,232 nmol/cm2,CDCA,-,1,0
737.0,18.3,0.729,9.83,"0.6 M dimethylpropyl-imidazolium iodide (DMPII), 0.05 M I2, 0.1 M LiI, and 0.5-1.0 M tert-butylpyridine (TBP) in acetonitrile",TiO2 film (6 um transparent + 8 um scat­tering layer),,-,-,D3,0,1
649.0,17.51,0.72,8.18,"0.6 M dimethylpropyl-imidazolium iodide (DMPII), 0.05 M I2, 0.1 M LiI, and 0.5-1.0 M tert-butylpyridine (TBP) in acetonitrile",TiO2 film (6 um transparent + 8 um scat­tering layer),,210 nmol/cm2,-,-,0,0
740.0,17.6,0.71,9.2,"0.6 M dimethylpropyl-imidazolium iodide (DMPII), 0.05 M I2, 0.1 M LiI, and 0.5-1.0 M tert-butylpyridine (TBP) in acetonitrile",TiO2 film (12 um transparent + 5 um scat­tering layer),0.12,-,-,-,0,0
711.0,18.3,0.694,9.0,"0.6 M dimethylpropyl-imidazolium iodide (DMPII), 0.05 M I2, 0.1 M LiI, and 0.5-1.0 M tert-butylpyridine (TBP) in acetonitrile",TiO2 film (12 um transparent + 5 um scat­tering layer),0.12,-,-,-,0,0
731.0,19.8,0.72,10.4,"0.6 M dimethylpropyl-imidazolium iodide (DMPII), 0.05 M I2, 0.1 M LiI, and 0.5-1.0 M tert-butylpyridine (TBP) in acetonitrile",TiO2 film (12 um transparent + 5 um scat­tering layer),0.12,-,-,S2,0,1
732.0,13.2,0.7,6.8,"0.6 M dimethylpropyl-imidazolium iodide (DMPII), 0.05 M I2, 0.1 M LiI, and 0.5-1.0 M tert-butylpyridine (TBP) in acetonitrile",TiO2 film (12 um transparent + 5 um scat­tering layer),0.12,-,-,S2,0,1
715.0,18.3,0.686,9.0,"0.6 M dimethylpropyl-imidazolium iodide (DMPII), 0.05 M I2, 0.1 M LiI, and 0.5-1.0 M tert-butylpyridine (TBP) in acetonitrile",TiO2 film (12 um transparent + 5 um scat­tering layer),0.12,-,-,IQ21,0,1
733.0,16.0,0.71,8.3,"0.6 M dimethylpropyl-imidazolium iodide (DMPII), 0.05 M I2, 0.1 M LiI, and 0.5-1.0 M tert-butylpyridine (TBP) in acetonitrile",TiO2 film (12 um transparent + 5 um scat­tering layer),0.12,-,-,IQ21,0,1
510.0,9.7,0.52,3.5,"0.5 M LiI, 0.05 M I2 in the mixture of acetonitrile and 3-methoxypropionitrile (volume ratio 7:3)",TiO2 film,0.15,176 nmol/cm2,-,-,0,0
510.0,9.7,0.52,3.5,Iodide-triiodide,TiO2 film,0.8,176 nmol/cm2,-,-,0,0
755.0,14.83,0.72,8.1,"0.6 M 1,2-dimethyl-3-n-propylimidazolium iodide (DMPImI), 0.1 M LiI, 0.1 M I2 and 0.5 M 4-tert-butylpyridine (TBP) in acetonitrile",TiO2 film 12 um thick,0.2304,-,-,-,0,0
756.0,13.21,0.75,7.5,"0.6 M 1,2-dimethyl-3-n-propylimidazolium iodide (DMPImI), 0.1 M LiI, 0.1 M I2 and 0.5 M 4-tert-butylpyridine (TBP) in acetonitrile",TiO2 film 12 um thick,0.2304,-,-,-,0,0
752.0,12.0,0.73,6.6,"0.6 M 1,2-dimethyl-3-n-propylimidazolium iodide (DMPImI), 0.1 M LiI, 0.1 M I2 and 0.5 M 4-tert-butylpyridine (TBP) in acetonitrile",TiO2 film 12 um thick,0.2304,-,-,-,0,0
705.0,10.27,0.73,5.3,"0.6 M 1,2-dimethyl-3-n-propylimidazolium iodide (DMPImI), 0.1 M LiI, 0.1 M I2 and 0.5 M 4-tert-butylpyridine (TBP) in acetonitrile",TiO2 film 12 um thick,0.2304,-,-,-,0,0
694.0,9.69,0.73,4.9,"0.6 M 1,2-dimethyl-3-n-propylimidazolium iodide (DMPImI), 0.1 M LiI, 0.1 M I2 and 0.5 M 4-tert-butylpyridine (TBP) in acetonitrile",TiO2 film 12 um thick,0.2304,-,-,-,0,0
731.0,11.94,0.7,6.1,"1.0 M DMII (1,3-dimethylimidazolium iodide), 0.03 M iodine, 0.025 M NaI, 0.5 TBP, 0.1 M guanidinium thiocyanide, and acetonitrile",TiO2 film 12 um thick,0.2304,-,-,-,0,0
736.0,11.55,0.68,5.8,"1.0 M DMII (1,3-dimethylimidazolium iodide), 0.03 M iodine, 0.025 M NaI, 0.5 TBP, 0.1 M guanidinium thiocyanide, and acetonitrile",TiO2 film 12 um thick,0.2304,-,-,-,0,0
696.0,9.6,0.68,4.5,"1.0 M DMII (1,3-dimethylimidazolium iodide), 0.03 M iodine, 0.025 M NaI, 0.5 TBP, 0.1 M guanidinium thiocyanide, and acetonitrile",TiO2 film 12 um thick,0.2304,-,-,-,0,0
683.0,8.65,0.68,4.0,"1.0 M DMII (1,3-dimethylimidazolium iodide), 0.03 M iodine, 0.025 M NaI, 0.5 TBP, 0.1 M guanidinium thiocyanide, and acetonitrile",TiO2 film 12 um thick,0.2304,-,-,-,0,0
682.0,7.01,0.69,3.3,"1.0 M DMII (1,3-dimethylimidazolium iodide), 0.03 M iodine, 0.025 M NaI, 0.5 TBP, 0.1 M guanidinium thiocyanide, and acetonitrile",TiO2 film (8 um thick + 5 um scattering layer),0.16,-,-,-,0,0
708.0,8.19,0.67,3.9,"1.0 M DMII (1,3-dimethylimidazolium iodide), 0.03 M iodine, 0.025 M NaI, 0.5 TBP, 0.1 M guanidinium thiocyanide, and acetonitrile",TiO2 film (8 um thick + 5 um scattering layer),0.16,-,-,-,0,0
710.0,12.11,0.62,5.33,"0.6 M 1-butyl-3-methylimidazolium iodide (BMII), 0.05 M LiI, 0.03 M I2, 0.5 M 4-tert-butylpyridine, and 0.1 M guanidinium thiocyanate in acetonitrile–valeronitrile (85:15, v/v)",TiO2 film (12 um thick + 4 um scattering layer),0.125,-,-,-,0,0
740.0,14.42,0.62,6.61,"0.6 M 1-butyl-3-methylimidazolium iodide (BMII), 0.05 M LiI, 0.03 M I2, 0.5 M 4-tert-butylpyridine, and 0.1 M guanidinium thiocyanate in acetonitrile–valeronitrile (85:15, v/v)",TiO2 film (12 um thick + 4 um scattering layer),0.125,-,-,-,0,0
740.0,14.71,0.63,6.86,"0.6 M 1-butyl-3-methylimidazolium iodide (BMII), 0.05 M LiI, 0.03 M I2, 0.5 M 4-tert-butylpyridine, and 0.1 M guanidinium thiocyanate in acetonitrile–valeronitrile (85:15, v/v)",TiO2 film (12 um thick + 4 um scattering layer),0.125,-,-,-,0,0
520.0,2.5,0.78,1.0,"0.6 M 1-butyl-3-methylimidazolium iodide (BMII), 0.05 M LiI, 0.03 M I2, 0.5 M 4-tert-butylpyridine, and 0.1 M guanidinium thiocyanate in acetonitrile–valeronitrile (85:15, v/v)",TiO2 film (12 um thick + 4 um scattering layer),0.125,-,-,-,0,0
630.0,9.25,0.61,3.56,"0.6 M 1-butyl-3-methylimidazolium iodide (BMII), 0.05 M LiI, 0.03 M I2, 0.5 M 4-tert-butylpyridine, and 0.1 M guanidinium thiocyanate in acetonitrile–valeronitrile (85:15, v/v)",TiO2 film (12 um thick + 4 um scattering layer),0.125,-,-,-,0,0
737.0,13.24,0.71,6.9,"1.0 M DMII (1,3-dimethylimidazolium iodide), 0.03 M iodine, 0.025 M NaI, 0.5 TBP, 0.1 M guanidinium thiocyanide, and acetonitrile",TiO2 film 12 um thick,0.2304,-,-,-,0,0
560.0,3.33,0.53,5.0,"0.5 M LiI, 0.05 M I2 in the mixture of acetonitrile and 3-methoxypropionitrile (volume ratio 7:3)",TiO2 film,0.15,-,-,-,0,0
560.0,3.33,0.53,5.0,Iodide-triiodide,TiO2 film,0.8,-,-,-,0,0
560.0,5.83,0.65,2.12,Acetonitrileeethylenecarbonate (v/v=1:4) containing tetrabutylammonium iodide (0.5 mol/dm3) and iodine (0.05 mol/dm3),ZnO film,0.2,-,1 mmol/dm3 cholic acid,-,1,0
610.0,10.29,0.65,4.08,Acetonitrileeethylenecarbonate (v/v=1:4) containing tetrabutylammonium iodide (0.5 mol/dm3) and iodine (0.05 mol/dm3),ZnO film,0.2,-,1 mmol/dm3 cholic acid,-,1,0
416.0,20.04,0.5203,4.34,0.5 M LiI and 0.05 M I2 in CH3CN,TiO2 film 6-8 um thick,0.18,189 nmol/cm2,-,-,0,0
630.0,8.36,0.69,3.58,Acetonitrileeethylenecarbonate (v/v=1:4) containing tetrabutylammonium iodide (0.5 mol/dm3) and iodine (0.05 mol/dm3),ZnO film,0.2,-,1 mmol/dm3 cholic acid,-,1,0
600.0,3.6,0.66,1.4,"0.5 M LiI, 0.01 M I2, 0.6 M dimethylpropyl imidazolium iodide, and 0.5 M 4-t-butylpyridine in acetonitrile",TiO2 film 10 um thick,,-,-,-,0,0
560.0,8.1,0.69,3.1,"1.0 M 1,3-dimethylimidazolium iodide (DMII), 50 mM LiI, 30 mM I2 , 0.5 M tert-butylpyridine, 0.1 M guanidinium thiocyanate (GNCS) in acetonitrile or valeronitrile (v/v 85:15)",TiO2 film (9.5 um transparent + 5 um scat­tering layer),0.16,-,CDCA,-,1,0
668.0,9.8,0.76,5.0,"1.0 M 1,3-dimethylimidazolium iodide (DMII), 50 mM LiI, 30 mM I2 , 0.5 M tert-butylpyridine, 0.1 M guanidinium thiocyanate (GNCS) in acetonitrile or valeronitrile (v/v 85:15)",TiO2 film (9.5 um transparent + 5 um scat­tering layer),0.16,-,CDCA,-,1,0
670.0,10.8,0.74,5.4,"1.0 M 1,3-dimethylimidazolium iodide (DMII), 50 mM LiI, 30 mM I2 , 0.5 M tert-butylpyridine, 0.1 M guanidinium thiocyanate (GNCS) in acetonitrile or valeronitrile (v/v 85:15)",TiO2 film (9.5 um transparent + 5 um scat­tering layer),0.16,-,CDCA,-,1,0
696.0,14.7,0.76,8.0,"1.0 M 1,3-dimethylimidazolium iodide (DMII), 50 mM LiI, 30 mM I2 , 0.5 M tert-butylpyridine, 0.1 M guanidinium thiocyanate (GNCS) in acetonitrile or valeronitrile (v/v 85:15)",TiO2 film (9.5 um transparent + 5 um scat­tering layer),0.16,-,CDCA,-,1,0
456.0,4.3,0.72,1.5,"1.0 M 1,3-dimethylimidazolium iodide (DMII), 100 mM LiI, 30 mM I2 , 0.5 M tert-butylpyridine, 0.1 M guanidinium thiocyanate (GNCS) in acetonitrile or valeronitrile (v/v 85:15)",TiO2 film (9.5 um transparent + 5 um scat­tering layer),0.16,-,CDCA,-,1,0
557.0,7.3,0.76,3.2,"1.0 M 1,3-dimethylimidazolium iodide (DMII), 100 mM LiI, 30 mM I2 , 0.5 M tert-butylpyridine, 0.1 M guanidinium thiocyanate (GNCS) in acetonitrile or valeronitrile (v/v 85:15)",TiO2 film (9.5 um transparent + 5 um scat­tering layer),0.16,-,CDCA,-,1,0
498.0,7.4,0.73,2.8,"1.0 M 1,3-dimethylimidazolium iodide (DMII), 50 mM LiI, 30 mM I2 , 0.5 M tert-butylpyridine, 0.1 M guanidinium thiocyanate (GNCS) in acetonitrile or valeronitrile (v/v 85:15)",TiO2 film (9.5 um transparent + 5 um scat­tering layer),0.16,-,CDCA,-,1,0
579.0,13.39,0.71,5.5,"0.05 M I2 and 0.5 M LiI in acetonitrile/3-methoxypropionitrile (7:3, v/v)",TiO2 film,,-,-,-,0,0
518.0,2.35,0.63,0.77,"0.1 M LiI, 0.6 M DMPII, 0.05 M I2 and 0.5 M TBP in 3-methoxypropionitrile (MPN)/ACN (volume ratio of 1:1)",TiO2 film (11 um transparent + 4 um scat­tering layer),0.18,-,-,-,0,0
500.0,2.66,0.64,0.86,"0.1 M LiI, 0.6 M DMPII, 0.05 M I2 and 0.5 M TBP in 3-methoxypropionitrile (MPN)/ACN (volume ratio of 1:1)",TiO2 film (11 um transparent + 4 um scat­tering layer),0.18,-,-,-,0,0
602.0,7.87,0.65,3.07,"0.1 M LiI, 0.6 M DMPII, 0.05 M I2 and 0.5 M TBP in 3-methoxypropionitrile (MPN)/ACN (volume ratio of 1:1)",TiO2 film (11 um transparent + 4 um scat­tering layer),0.18,-,-,-,0,0
579.0,9.29,0.64,3.45,"0.1 M LiI, 0.6 M DMPII, 0.05 M I2 and 0.5 M TBP in 3-methoxypropionitrile (MPN)/ACN (volume ratio of 1:1)",TiO2 film (11 um transparent + 4 um scat­tering layer),0.18,-,-,-,0,0
454.0,2.5,0.56,0.63,"0.1 M LiI, 0.6 M DMPII, 0.05 M I2 and 0.5 M TBP in 3-methoxypropionitrile (MPN)/ACN (volume ratio of 1:1)",TiO2 film (11 um transparent + 4 um scat­tering layer),0.18,-,-,-,0,0
751.0,10.0,0.586,4.38,"LiI (100 mM), iodine (30 mM), 4-tert-butyl pyridine (500 mM) and 1-butyl-3-methyl-imidazolium iodide (600 mM) in mixed solvent of acetonitrile and varelonitrile (volume ratio of 85:15)",TiO2 film (8 um transparent + 11 um scat­tering layer),0.16,-,-,-,0,0
659.1,4.47,0.783,8.8,DMII/EMII/EMITCB/I2/TBP/GNCS (molar ratio: 12/12/16/1.67/3.33/0.67),TiO2 film (7 um thick + 5 um scattering layer),0.158,-,0.3 mM CDCA,-,1,0
677.5,8.65,0.762,8.4,DMII/EMII/EMITCB/I2/TBP/GNCS (molar ratio: 12/12/16/1.67/3.33/0.67),TiO2 film (7 um thick + 5 um scattering layer),0.158,-,0.3 mM CDCA,-,1,0
693.0,14.96,0.736,7.6,DMII/EMII/EMITCB/I2/TBP/GNCS (molar ratio: 12/12/16/1.67/3.33/0.67),TiO2 film (7 um thick + 5 um scattering layer),0.158,-,0.3 mM CDCA,-,1,0
632.0,6.65,0.738,3.1,triiodide/iodide,TiO2 film,,-,-,-,0,0
699.0,12.89,0.696,6.27,triiodide/iodide,TiO2 film,,-,-,-,0,0
681.0,14.5,0.61,6.02,"LiI (0.5 M), I2 (0.05 M), and TBP (0.5 M) in MeCN",TiO2 film 16-18 um thick,0.28,-,-,-,0,0
681.0,14.5,0.61,6.02,"LiI (0.5 M), I2 (0.05 M), and TBP (0.5 M) in MeCN",TiO2 film 16-18 um thick,0.25,-,-,-,0,0
635.0,14.01,0.6,5.34,"LiI (0.5 M), I2 (0.05 M), and TBP (0.5 M) in MeCN",TiO2 film 16-18 um thick,0.28,-,-,-,0,0
635.0,14.01,0.6,5.34,"LiI (0.5 M), I2 (0.05 M), and TBP (0.5 M) in MeCN",TiO2 film 16-18 um thick,0.25,-,-,-,0,0
663.0,14.67,0.63,6.12,"LiI (0.5 M), I2 (0.05 M), and TBP (0.5 M) in MeCN",TiO2 film 16-18 um thick,0.28,-,-,-,0,0
663.0,14.67,0.63,6.12,"LiI (0.5 M), I2 (0.05 M), and TBP (0.5 M) in MeCN",TiO2 film 16-18 um thick,0.25,-,-,-,0,0
619.0,14.15,0.62,5.43,"LiI (0.5 M), I2 (0.05 M), and TBP (0.5 M) in MeCN",TiO2 film 16-18 um thick,0.28,-,-,-,0,0
642.0,15.14,0.62,6.01,"LiI (0.5 M), I2 (0.05 M), and TBP (0.5 M) in MeCN",TiO2 film 16-18 um thick,0.28,-,-,-,0,0
404.0,14.24,0.5777,3.32,0.5 M LiI and 0.05 M I2 in CH3CN,TiO2 film 6-8 um thick,0.18,77 nmol/cm2,CDCA,-,1,0
690.0,12.33,0.62,5.27,"3-dimethylimidazolium iodide (1.0 M), LiI (0.05 M), I2 (0.03 M), guanidinium thiocyanate (0.1 M), and TBP (0.5 M) in MeCN:valeronitrile (85:15, v/v)",TiO2 film 16-18 um thick,0.28,-,-,-,0,0
640.0,12.17,0.59,4.59,"3-dimethylimidazolium iodide (1.0 M), LiI (0.05 M), I2 (0.03 M), guanidinium thiocyanate (0.1 M), and TBP (0.5 M) in MeCN:valeronitrile (85:15, v/v)",TiO2 film 16-18 um thick,0.28,-,-,-,0,0
630.0,16.97,0.65,7.02,"0.1 M lithium iodide (LiI), 0.05 M iodine (I2), 0.6 M 1,2-dimethyl-3-propylimidazolium iodide (DMPII), and 0.1 M guanidine thiocyanate (GuSCN) in acetonitrile (ACN)",TiO2 film (15 um thick + 5 um scattering layer),0.16,359 nmol/cm2,-,-,0,0
650.0,13.75,0.62,5.56,"0.1 M lithium iodide (LiI), 0.05 M iodine (I2), 0.6 M 1,2-dimethyl-3-propylimidazolium iodide (DMPII), and 0.1 M guanidine thiocyanate (GuSCN) in acetonitrile (ACN)",TiO2 film (15 um thick + 5 um scattering layer),0.16,114 nmol/cm2,-,-,0,0
550.0,7.94,0.59,2.6,"0.1 M lithium iodide (LiI), 0.05 M iodine (I2), 0.6 M 1,2-dimethyl-3-propylimidazolium iodide (DMPII), and 0.1 M guanidine thiocyanate (GuSCN) in acetonitrile (ACN)",TiO2 film (15 um thick + 5 um scattering layer),0.16,88.9 nmol/cm2,-,-,0,0
630.0,16.98,0.68,7.28,"0.1 M lithium iodide (LiI), 0.05 M iodine (I2), 0.6 M 1,2-dimethyl-3-propylimidazolium iodide (DMPII), and 0.1 M guanidine thiocyanate (GuSCN) in acetonitrile (ACN)",TiO2 film (15 um thick + 5 um scattering layer),0.16,374 nmol/cm2,-,-,0,0
590.0,12.43,0.6,4.45,"0.1 M lithium iodide (LiI), 0.05 M iodine (I2), 0.6 M 1,2-dimethyl-3-propylimidazolium iodide (DMPII), and 0.1 M guanidine thiocyanate (GuSCN) in acetonitrile (ACN)",TiO2 film (15 um thick + 5 um scattering layer),0.16,457 nmol/cm2,-,-,0,0
640.0,16.82,0.65,6.95,"0.1 M lithium iodide (LiI), 0.05 M iodine (I2), 0.6 M 1,2-dimethyl-3-propylimidazolium iodide (DMPII), and 0.1 M guanidine thiocyanate (GuSCN) in acetonitrile (ACN)",TiO2 film (15 um thick + 5 um scattering layer),0.16,-,10 mM CDCA,-,1,0
650.0,17.59,0.68,7.87,"0.1 M lithium iodide (LiI), 0.05 M iodine (I2), 0.6 M 1,2-dimethyl-3-propylimidazolium iodide (DMPII), and 0.1 M guanidine thiocyanate (GuSCN) in acetonitrile (ACN)",TiO2 film (15 um thick + 5 um scattering layer),0.16,-,10 mM CDCA,-,1,0
660.0,14.73,0.68,6.67,"0.1 M lithium iodide (LiI), 0.05 M iodine (I2), 0.6 M 1,2-dimethyl-3-propylimidazolium iodide (DMPII), and 0.1 M guanidine thiocyanate (GuSCN) in acetonitrile (ACN)",TiO2 film (15 um thick + 5 um scattering layer),0.16,-,10 mM CDCA,-,1,0
610.0,12.92,0.65,5.1,"0.1 M lithium iodide (LiI), 0.05 M iodine (I2), 0.6 M 1,2-dimethyl-3-propylimidazolium iodide (DMPII), and 0.1 M guanidine thiocyanate (GuSCN) in acetonitrile (ACN)",TiO2 film (15 um thick + 5 um scattering layer),0.16,-,10 mM CDCA,-,1,0
791.0,5.94,0.67,4.51,"lithium iodide (LiI, 0.1 M), iodine (0.01 M), and dendrimer (0.1 mM) additives in 10 mL DMF solvent",TiO2 film,,3300 nmol/cm2,-,N719,0,1
801.0,5.85,0.59,3.97,"lithium iodide (LiI, 0.1 M), iodine (0.01 M), and dendrimer (0.1 mM) additives in 10 mL DMF solvent",TiO2 film,,3100 nmol/cm2,-,N719,0,1
745.0,12.21,0.59,7.63,"lithium iodide (LiI, 0.1 M), iodine (0.01 M), and dendrimer (0.1 mM) additives in 10 mL DMF solvent",TiO2 film,,3400 nmol/cm2,-,N719,0,1
731.0,7.87,0.7,5.8,"lithium iodide (LiI, 0.1 M), iodine (0.01 M), and dendrimer (0.1 mM) additives in 10 mL DMF solvent",TiO2 film,,3000 nmol/cm2,-,N719,0,1
627.0,11.59,0.62,4.51,"3-dimethylimidazolium iodide (1.0 M), LiI (0.05 M), I2 (0.03 M), guanidinium thiocyanate (0.1 M), and TBP (0.5 M) in MeCN:valeronitrile (85:15, v/v)",TiO2 film 16-18 um thick,0.28,-,-,-,0,0
620.0,15.63,0.66,6.33,"0.1 M lithium iodide (LiI), 0.05 M iodine (I2), 0.6 M 1,2-dimethyl-3-propylimidazolium iodide (DMPII), and 0.1 M guanidine thiocyanate (GuSCN) in acetonitrile (ACN)",TiO2 film (15 um thick + 5 um scattering layer),0.16,321 nmol/cm2,-,-,0,0
630.0,17.55,0.68,7.5,"0.1 M lithium iodide (LiI), 0.05 M iodine (I2), 0.6 M 1,2-dimethyl-3-propylimidazolium iodide (DMPII), and 0.1 M guanidine thiocyanate (GuSCN) in acetonitrile (ACN)",TiO2 film (15 um thick + 5 um scattering layer),0.16,-,10 mM CDCA,-,1,0
600.0,12.83,0.69,5.34,"0.1 M lithium iodide (LiI), 0.05 M iodine (I2), 0.6 M 1,2-dimethyl-3-propylimidazolium iodide (DMPII), and 0.1 M guanidine thiocyanate (GuSCN) in acetonitrile (ACN)",TiO2 film (15 um thick + 5 um scattering layer),0.16,-,10 mM CDCA,-,1,0
590.0,9.3,0.68,3.7,"0.5 M LiI, 0.05 M I2, 0.5 M TBP in acetonitrile",TiO2 film (9 um thick + 2 um scattering layer),,-,0.2 mM CDCA,-,1,0
710.0,9.6,0.69,4.6,"0.3 M M Co(bpy)3[B(CN)4]2, 0.15 M Co(bpy)3[B(CN)4]3, 0.2 M TBP in MeCN",TiO2 film (6 um thick + 2 um scattering layer),,-,0.2 mM CDCA,-,1,0
680.0,12.5,0.69,5.8,"0.5 M LiI, 0.05 M I2, 0.5 M TBP in acetonitrile",TiO2 film (9 um thick + 2 um scattering layer),,-,0.2 mM CDCA,-,1,0
810.0,7.0,0.64,3.6,"0.3 M M Co(bpy)3[B(CN)4]2, 0.15 M Co(bpy)3[B(CN)4]3, 0.2 M TBP in MeCN",TiO2 film (6 um thick + 2 um scattering layer),,-,0.2 mM CDCA,-,1,0
592.0,14.64,0.692,5.85,"0.6 M 1-methyl-3-propylimidazolium iodine (PMII), 0.03 M I2 , 0.05 M LiI, 0.1 M guanidinium thiocyanate (GuSCN), and 0.5 M 4-tert-butylpyridine (TBP) in acetonitrile and valeronitrile (85:15, v/v)",TiO2 film 15 um thick,0.16,209 nmol/cm2,-,-,0,0
640.0,6.96,0.72,3.21,"0.05 M I2, 0.5 M LiI, 0.5 M tert-butylpyridine in acetonitrile",TiO2 film (12 um thick + 6 um scattering layer),0.25,223 nmol/cm2,-,-,0,0
650.0,6.8,0.73,3.22,"0.05 M I2, 0.5 M LiI, 0.5 M tert-butylpyridine in acetonitrile",TiO2 film (12 um thick + 6 um scattering layer),0.25,-,10 mM CDCA,-,1,0
670.0,7.1,0.7,3.33,"0.05 M I2, 0.5 M LiI, 0.5 M tert-butylpyridine in acetonitrile",TiO2 film (12 um thick + 6 um scattering layer),0.25,-,30 mM CDCA,-,1,0
670.0,7.33,0.71,3.49,"0.05 M I2, 0.5 M LiI, 0.5 M tert-butylpyridine in acetonitrile",TiO2 film (12 um thick + 6 um scattering layer),0.25,-,50 mM CDCA,-,1,0
670.0,7.15,0.69,3.29,"0.05 M I2, 0.5 M LiI, 0.5 M tert-butylpyridine in acetonitrile",TiO2 film (12 um thick + 6 um scattering layer),0.25,154 nmol/cm2,-,-,0,0
670.0,7.35,0.71,3.5,"0.05 M I2, 0.5 M LiI, 0.5 M tert-butylpyridine in acetonitrile",TiO2 film (12 um thick + 6 um scattering layer),0.25,-,10 mM CDCA,-,1,0
670.0,7.21,0.71,3.43,"0.05 M I2, 0.5 M LiI, 0.5 M tert-butylpyridine in acetonitrile",TiO2 film (12 um thick + 6 um scattering layer),0.25,-,30 mM CDCA,-,1,0
680.0,7.11,0.67,3.23,"0.05 M I2, 0.5 M LiI, 0.5 M tert-butylpyridine in acetonitrile",TiO2 film (12 um thick + 6 um scattering layer),0.25,-,50 mM CDCA,-,1,0
640.0,8.04,0.66,3.34,"0.05 M I2, 0.5 M LiI, 0.5 M tert-butylpyridine in acetonitrile",TiO2 film (12 um thick + 6 um scattering layer),0.25,773 nmol/cm2,-,-,0,0
630.0,7.25,0.72,3.29,"0.05 M I2, 0.5 M LiI, 0.5 M tert-butylpyridine in acetonitrile",TiO2 film (12 um thick + 6 um scattering layer),0.25,-,10 mM CDCA,-,1,0
640.0,9.19,0.7,4.12,"0.05 M I2, 0.5 M LiI, 0.5 M tert-butylpyridine in acetonitrile",TiO2 film (12 um thick + 6 um scattering layer),0.25,-,30 mM CDCA,-,1,0
670.0,9.31,0.7,4.37,"0.05 M I2, 0.5 M LiI, 0.5 M tert-butylpyridine in acetonitrile",TiO2 film (12 um thick + 6 um scattering layer),0.25,-,50 mM CDCA,-,1,0
620.0,8.27,0.69,3.54,"0.05 M I2, 0.5 M LiI, 0.5 M tert-butylpyridine in acetonitrile",TiO2 film (12 um thick + 6 um scattering layer),0.25,295 nmol/cm2,-,-,0,0
640.0,8.78,0.67,3.76,"0.05 M I2, 0.5 M LiI, 0.5 M tert-butylpyridine in acetonitrile",TiO2 film (12 um thick + 6 um scattering layer),0.25,-,10 mM CDCA,-,1,0
650.0,10.1,0.67,4.4,"0.05 M I2, 0.5 M LiI, 0.5 M tert-butylpyridine in acetonitrile",TiO2 film (12 um thick + 6 um scattering layer),0.25,-,30 mM CDCA,-,1,0
660.0,10.6,0.65,4.55,"0.05 M I2, 0.5 M LiI, 0.5 M tert-butylpyridine in acetonitrile",TiO2 film (12 um thick + 6 um scattering layer),0.25,-,50 mM CDCA,-,1,0
650.0,9.03,0.7,4.11,"0.05 M I2, 0.5 M LiI, 0.5 M tert-butylpyridine in acetonitrile",TiO2 film (12 um thick + 6 um scattering layer),0.25,298 nmol/cm2,-,-,0,0
620.0,11.11,0.72,4.97,"0.05 M I2, 0.5 M LiI, 0.5 M tert-butylpyridine in acetonitrile",TiO2 film (12 um thick + 6 um scattering layer),0.25,-,50 mM CDCA,-,1,0
630.0,8.9,0.67,3.75,"0.5 M LiI, 0.05 M I2 in methoxypropionitrile",TiO2 film 7 um thick,,-,-,-,0,0
757.0,7.87,0.67,5.7,"lithium iodide (LiI, 0.1 M), iodine (0.01 M), and dendrimer (0.1 mM) additives in 10 mL DMF solvent",TiO2 film,,3000 nmol/cm2,-,N719,0,1
457.0,6.17,0.5,1.41,"0.05 M iodine, 0.1 M lithium iodide, and 0.6 M 1,2-dimethyl-3-propylimidazolium iodide and 0.05 M guanidine thiocyanate in propylene carbonate",TiO2 film 5 um thick,,297 nmol/cm2,-,-,0,0
650.0,10.3,0.5,3.35,"0.05 M iodine, 0.1 M lithium iodide, and 0.6 M 1,2-dimethyl-3-propylimidazolium iodide and 0.05 M guanidine thiocyanate in propylene carbonate",TiO2 film 5 um thick,,556 nmol/cm2,-,-,0,0
653.0,10.8,0.672,4.7,"1-butyl-3-methylimidazolium iodide (0.53 M), LiI (0.10 M), I2 (0.050 M) and tert-butylpyridine (0.52 M) in acetonitrile",TiO2 film 8 um thick,,526 nmol/cm2,-,-,0,0
662.0,12.57,0.663,5.5,"1-butyl-3-methylimidazolium iodide (0.53 M), LiI (0.10 M), I2 (0.050 M) and tert-butylpyridine (0.52 M) in acetonitrile",TiO2 film 8 um thick,,104 nmol/cm2,-,-,0,0
655.0,15.14,0.64,6.4,"1-butyl-3-methylimidazolium iodide (0.53 M), LiI (0.10 M), I2 (0.050 M) and tert-butylpyridine (0.52 M) in acetonitrile",TiO2 film 8 um thick,,996 nmol/cm2,-,-,0,0
563.0,6.37,0.658,2.4,"1-butyl-3-methylimidazolium iodide (0.53 M), LiI (0.10 M), I2 (0.050 M) and tert-butylpyridine (0.52 M) in acetonitrile",TiO2 film 8 um thick,,180 nmol/cm2,-,-,0,0
630.0,10.26,0.659,4.3,"1-butyl-3-methylimidazolium iodide (0.53 M), LiI (0.10 M), I2 (0.050 M) and tert-butylpyridine (0.52 M) in acetonitrile",TiO2 film 8 um thick,,361 nmol/cm2,-,-,0,0
709.0,16.3,0.64,7.4,"LiI (0.5 M), I2 (0.05 M), and TBP (0.5 M) in MeCN",TiO2 film 16-18 um thick,0.25,-,10 mM DCA,-,1,0
651.0,16.0,0.61,6.36,"LiI (0.5 M), I2 (0.05 M), and TBP (0.5 M) in MeCN",TiO2 film 16-18 um thick,0.25,-,10 mM DCA,-,1,0
705.0,16.96,0.64,7.55,"LiI (0.5 M), I2 (0.05 M), and TBP (0.5 M) in MeCN",TiO2 film 16-18 um thick,0.25,-,10 mM DCA,-,1,0
646.0,16.87,0.64,7.02,"LiI (0.5 M), I2 (0.05 M), and TBP (0.5 M) in MeCN",TiO2 film 16-18 um thick,0.25,-,10 mM DCA,-,1,0
795.0,18.42,0.7473,10.95,"0.22 M [CoII(bpy)3](B(CN)4)2, 0.05 M [CoIII(bpy)3](B(CN)4)3, 0.1 M LiClO4, and 0.8 M TBP in acetonitrile (ACN)",TiO2 film (4 um thick + 3.5 um scattering layer),0.141,28.5 nmol/cm2,20 mM CDCA,-,1,0
818.0,18.83,0.7544,11.62,"0.22 M [CoII(bpy)3](B(CN)4)2, 0.05 M [CoIII(bpy)3](B(CN)4)3, 0.1 M LiClO4, and 0.8 M TBP in acetonitrile (ACN)",TiO2 film (4 um thick + 3.5 um scattering layer),0.141,29.1 nmol/cm2,20 mM CDCA,-,1,0
879.0,18.16,0.7675,12.25,"0.22 M [CoII(bpy)3](B(CN)4)2, 0.05 M [CoIII(bpy)3](B(CN)4)3, 0.1 M LiClO4, and 0.8 M TBP in acetonitrile (ACN)",TiO2 film (4 um thick + 3.5 um scattering layer),0.141,28.2 nmol/cm2,0.15 mM HC-A1,-,1,0
878.0,12.02,0.73,7.68,"0.22 M [CoII(bpy)3]2+, 0.05 M [CoII(bpy)3]3+, 0.1 M LiTFSI, and 0.2 M TBP in acetonitrile",TiO2 film (7 um thick + 4 um scattering layer),0.16,-,-,-,0,0
763.0,12.93,0.69,6.82,"0.22 M [CoII(bpy)3]2+, 0.05 M [CoII(bpy)3]3+, 0.1 M LiTFSI, and 0.2 M TBP in acetonitrile",TiO2 film (7 um thick + 4 um scattering layer),0.16,-,-,-,0,0
827.0,16.27,0.69,9.24,"0.22 M [CoII(bpy)3]2+, 0.05 M [CoII(bpy)3]3+, 0.1 M LiTFSI, and 0.2 M TBP in acetonitrile",TiO2 film (7 um thick + 4 um scattering layer),0.16,-,-,-,0,0
615.0,5.1,0.68,2.12,"0.22 M [CoII(bpy)3]2+, 0.05 M [CoII(bpy)3]3+, 0.1 M LiTFSI, and 0.2 M TBP in acetonitrile",TiO2 film (7 um thick + 4 um scattering layer),0.16,-,-,-,0,0
548.0,8.13,0.69,3.09,"0.05 M I2 and 0.5 M LiI in acetonitrile/3-methoxypropionitrile (7:3, v/v)",TiO2 film,,-,-,-,0,0
680.0,11.1,0.67,5.1,"0.60 M 2,3-dimethyl-1-propylimidazolium iodide, 0.05 M I2, 0.10 M LiI, and 0.50 M 4-tert-butylpyridine in an acetonitrile",TiO2 film (12 um transparent + 4-5 um scattering layer),0.25,0.11 nmol/cm2,0.2 mM CDCA,-,1,0
641.3,2.52,0.791,8.9,DMII/EMII/EMITCB/I2/TBP/GNCS (molar ratio: 12/12/16/1.67/3.33/0.67),TiO2 film (7 um thick + 5 um scattering layer),0.158,-,0.3 mM CDCA,-,1,0
672.0,12.11,0.62,5.04,"3-dimethylimidazolium iodide (1.0 M), LiI (0.05 M), I2 (0.03 M), guanidinium thiocyanate (0.1 M), and TBP (0.5 M) in MeCN:valeronitrile (85:15, v/v)",TiO2 film 16-18 um thick,0.28,-,-,-,0,0
807.0,16.07,0.744,9.63,"0.22 M [CoII(bpy)3](B(CN)4)2, 0.05 M [CoIII(bpy)3](B(CN)4)3, 0.1 M LiClO4, and 0.8 M TBP in acetonitrile (ACN)",TiO2 film (4 um thick + 3.5 um scattering layer),0.141,26.2 nmol/cm2,20 mM CDCA,-,1,0
680.0,6.13,0.73,3.07,"0.6 M 1,2-dimethyl-3-n-propylimidazolium iodide (DMPII), 0.1 M LiI, 0.05 M I2 and 0.5 M tert-butylpyridine (TBP) in CH3CN",TiO2 film 12 um thick,0.25,265 nmol/cm2,-,-,0,0
748.0,12.1,0.657,5.95,"0.1 M LiI, 0.6 M 1,2-dimethyl-3-propylimidazolium iodide (DMPII), 0.05 M iodine, and 0.5 M 4-tert-butylpyridine in 3-methoxypropionitrile/acetonitrile (volume ratio of 1:1)",TiO2 film 8 um thick,0.16,690 nmol/cm2,-,-,0,0
792.0,10.8,0.667,5.7,"0.1 M LiI, 0.6 M 1,2-dimethyl-3-propylimidazolium iodide (DMPII), 0.05 M iodine, and 0.5 M 4-tert-butylpyridine in 3-methoxypropionitrile/acetonitrile (volume ratio of 1:1)",TiO2 film 8 um thick,0.16,490 nmol/cm2,-,-,0,0
739.0,11.7,0.653,5.65,"0.1 M LiI, 0.6 M 1,2-dimethyl-3-propylimidazolium iodide (DMPII), 0.05 M iodine, and 0.5 M 4-tert-butylpyridine in 3-methoxypropionitrile/acetonitrile (volume ratio of 1:1)",TiO2 film 8 um thick,0.16,400 nmol/cm2,-,-,0,0
674.0,13.6,0.617,5.66,"0.1 M LiI, 0.6 M 1,2-dimethyl-3-propylimidazolium iodide (DMPII), 0.05 M iodine, and 0.5 M 4-tert-butylpyridine in 3-methoxypropionitrile/acetonitrile (volume ratio of 1:1)",TiO2 film 8 um thick,0.16,470 nmol/cm2,-,-,0,0
692.0,12.3,0.639,5.44,"0.1 M LiI, 0.6 M 1,2-dimethyl-3-propylimidazolium iodide (DMPII), 0.05 M iodine, and 0.5 M 4-tert-butylpyridine in 3-methoxypropionitrile/acetonitrile (volume ratio of 1:1)",TiO2 film 8 um thick,0.16,210 nmol/cm2,-,-,0,0
728.0,11.5,0.626,5.24,"0.1 M LiI, 0.6 M 1,2-dimethyl-3-propylimidazolium iodide (DMPII), 0.05 M iodine, and 0.5 M 4-tert-butylpyridine in 3-methoxypropionitrile/acetonitrile (volume ratio of 1:1)",TiO2 film 8 um thick,0.16,430 nmol/cm2,-,-,0,0
774.0,11.7,0.645,5.84,"0.1 M LiI, 0.6 M 1,2-dimethyl-3-propylimidazolium iodide (DMPII), 0.05 M iodine, and 0.5 M 4-tert-butylpyridine in 3-methoxypropionitrile/acetonitrile (volume ratio of 1:1)",TiO2 film 8 um thick,0.16,130 nmol/cm2,-,-,0,0
690.0,17.7,0.66,8.06,"0.1 M lithium iodide, 0.6 M DMPII, 0.05 M iodine, and 0.5 M 4-tert-butylpyridine in 3-methoxypropionitrile/acetonitrile (volume ratio of 1:1)",TiO2 film (12 um thick + 4 um scattering layer),0.16,-,-,-,0,0
670.0,16.9,0.66,7.47,"0.1 M lithium iodide, 0.6 M DMPII, 0.05 M iodine, and 0.5 M 4-tert-butylpyridine in 3-methoxypropionitrile/acetonitrile (volume ratio of 1:1)",TiO2 film (12 um thick + 4 um scattering layer),0.16,-,-,-,0,0
620.0,15.8,0.64,6.27,"0.1 M lithium iodide, 0.6 M DMPII, 0.05 M iodine, and 0.5 M 4-tert-butylpyridine in 3-methoxypropionitrile/acetonitrile (volume ratio of 1:1)",TiO2 film (12 um thick + 4 um scattering layer),0.16,-,-,-,0,0
650.0,15.6,0.65,6.59,"0.1 M lithium iodide, 0.6 M DMPII, 0.05 M iodine, and 0.5 M 4-tert-butylpyridine in 3-methoxypropionitrile/acetonitrile (volume ratio of 1:1)",TiO2 film (12 um thick + 4 um scattering layer),0.16,-,-,-,0,0
670.0,16.0,0.67,7.18,"0.1 M lithium iodide, 0.6 M DMPII, 0.05 M iodine, and 0.5 M 4-tert-butylpyridine in 3-methoxypropionitrile/acetonitrile (volume ratio of 1:1)",TiO2 film (12 um thick + 4 um scattering layer),0.16,-,-,-,0,0
600.0,1.32,0.624,0.5,"0.6 mol/L 1-butyl-3-methylimidazolium iodide (BMII), 0.05 mol/L LiI, 0.03 mol/L I2, 0.5 mol/L 4-tert-butylpyridine, and 0.1 mol/L guanidinium thiocyanate in acetonitrile and valeronitrile (85/15, V/V)",TiO2 film 15 um thick,0.16,-,-,-,0,0
560.0,1.52,0.704,0.6,"0.6 mol/L 1-butyl-3-methylimidazolium iodide (BMII), 0.05 mol/L LiI, 0.03 mol/L I2, 0.5 mol/L 4-tert-butylpyridine, and 0.1 mol/L guanidinium thiocyanate in acetonitrile and valeronitrile (85/15, V/V)",TiO2 film 15 um thick,0.16,-,-,-,0,0
620.0,1.85,0.705,0.81,"0.6 mol/L 1-butyl-3-methylimidazolium iodide (BMII), 0.05 mol/L LiI, 0.03 mol/L I2, 0.5 mol/L 4-tert-butylpyridine, and 0.1 mol/L guanidinium thiocyanate in acetonitrile and valeronitrile (85/15, V/V)",TiO2 film 15 um thick,0.16,-,-,-,0,0
612.0,10.77,0.74,4.9,"0.5 M I2, 0.1 M LiI, 0.6 M DMII and 0.5 M TBP in acetonitrile",TiO2 film (11 um thick + 6 um scattering layer),0.25,-,-,-,0,0
644.0,16.23,0.726,7.58,"0.5 M I2, 0.1 M LiI, 0.6 M DMII and 0.5 M TBP in acetonitrile",TiO2 film (11 um thick + 6 um scattering layer),0.25,-,-,-,0,0
510.0,2.3,0.68,0.8,"0.60 M 2,3-dimethyl-1-propylimidazolium iodide, 0.05 M I2, 0.10 M LiI, and 0.50 M 4-tert-butylpyridine in an acetonitrile",TiO2 film (12 um transparent + 4-5 um scattering layer),0.25,0.07 nmol/cm2,0.2 mM CDCA,-,1,0
570.0,6.8,0.69,2.7,"LiI (100 mM), iodine (30 mM), 4-tert-butyl pyridine (500 mM) and 1-butyl-3-methyl-imidazolium iodide (600 mM) in mixed solvent of acetonitrile and varelonitrile (volume ratio of 85:15)",TiO2 film (8 um transparent + 11 um scat­tering layer),0.16,-,-,-,0,0
530.0,3.4,0.68,1.2,"LiI (100 mM), iodine (30 mM), 4-tert-butyl pyridine (500 mM) and 1-butyl-3-methyl-imidazolium iodide (600 mM) in mixed solvent of acetonitrile and varelonitrile (volume ratio of 85:15)",TiO2 film (8 um transparent + 11 um scat­tering layer),0.16,-,-,-,0,0
610.0,12.5,0.62,4.8,"LiI (100 mM), iodine (30 mM), 4-tert-butyl pyridine (500 mM) and 1-butyl-3-methyl-imidazolium iodide (600 mM) in mixed solvent of acetonitrile and varelonitrile (volume ratio of 85:15)",TiO2 film (8 um transparent + 11 um scat­tering layer),0.16,-,-,-,0,0
550.0,7.5,0.69,2.8,"LiI (100 mM), iodine (30 mM), 4-tert-butyl pyridine (500 mM) and 1-butyl-3-methyl-imidazolium iodide (600 mM) in mixed solvent of acetonitrile and varelonitrile (volume ratio of 85:15)",TiO2 film (8 um transparent + 11 um scat­tering layer),0.16,-,-,-,0,0
788.0,15.79,0.57,7.09,"0.25 M [Co(II)(phen)3](PF6)2, 0.05 M [Co(III)(phen)3](PF6)3, 0.5 M TBP and 0.1 M LiTFSI in acetonitrile",TiO2 film,0.156,4600 nmol/cm2,-,-,0,0
784.0,16.45,0.61,7.87,"0.25 M [Co(II)(phen)3](PF6)2, 0.05 M [Co(III)(phen)3](PF6)3, 0.5 M TBP and 0.1 M LiTFSI in acetonitrile",TiO2 film,0.156,1600 nmol/cm2,-,-,0,0
773.0,15.57,0.54,6.5,"0.25 M [Co(II)(phen)3](PF6)2, 0.05 M [Co(III)(phen)3](PF6)3, 0.5 M TBP and 0.1 M LiTFSI in acetonitrile",TiO2 film,0.156,3100 nmol/cm2,-,-,0,0
605.0,13.1,0.562,4.9,"0.05 M I2, 0.1 M guanidium thiocyanate, 0.5 M LiI, and 0.5 M 4-tert-butylpyridine in a 9:1 (v/v) mixture of acetonitrile/valeronitrile",ZnO film 9-12 um thick,0.16,-,-,-,0,0
385.0,16.65,0.5862,3.76,0.5 M LiI and 0.05 M I2 in CH3CN,TiO2 film 6-8 um thick,0.18,343 nmol/cm2,-,-,0,0
399.0,15.86,0.5963,3.78,0.5 M LiI and 0.05 M I2 in CH3CN,TiO2 film 6-8 um thick,0.18,263 nmol/cm2,-,-,0,0
610.0,11.5,0.67,4.8,"LiI (100 mM), iodine (30 mM), 4-tert-butyl pyridine (500 mM) and 1-butyl-3-methyl-imidazolium iodide (600 mM) in mixed solvent of acetonitrile and varelonitrile (volume ratio of 85:15)",TiO2 film (8 um transparent + 11 um scat­tering layer),0.16,-,-,-,0,0
610.0,10.4,0.7,4.4,"LiI (100 mM), iodine (30 mM), 4-tert-butyl pyridine (500 mM) and 1-butyl-3-methyl-imidazolium iodide (600 mM) in mixed solvent of acetonitrile and varelonitrile (volume ratio of 85:15)",TiO2 film (8 um transparent + 11 um scat­tering layer),0.16,-,-,-,0,0
630.0,9.7,0.67,4.1,"LiI (100 mM), iodine (30 mM), 4-tert-butyl pyridine (500 mM) and 1-butyl-3-methyl-imidazolium iodide (600 mM) in mixed solvent of acetonitrile and varelonitrile (volume ratio of 85:15)",TiO2 film (8 um transparent + 11 um scat­tering layer),0.16,-,-,-,0,0
480.0,2.1,0.69,0.7,"LiI (100 mM), iodine (30 mM), 4-tert-butyl pyridine (500 mM) and 1-butyl-3-methyl-imidazolium iodide (600 mM) in mixed solvent of acetonitrile and varelonitrile (volume ratio of 85:15)",TiO2 film (8 um transparent + 11 um scat­tering layer),0.16,-,-,-,0,0
560.0,11.6,0.66,4.5,"LiI (100 mM), iodine (30 mM), 4-tert-butyl pyridine (500 mM) and 1-butyl-3-methyl-imidazolium iodide (600 mM) in mixed solvent of acetonitrile and varelonitrile (volume ratio of 85:15)",TiO2 film (8 um transparent + 11 um scat­tering layer),0.16,-,-,-,0,0
550.0,8.6,0.67,3.2,"LiI (100 mM), iodine (30 mM), 4-tert-butyl pyridine (500 mM) and 1-butyl-3-methyl-imidazolium iodide (600 mM) in mixed solvent of acetonitrile and varelonitrile (volume ratio of 85:15)",TiO2 film (8 um transparent + 11 um scat­tering layer),0.16,-,-,-,0,0
630.0,13.3,0.64,5.4,"LiI (100 mM), iodine (30 mM), 4-tert-butyl pyridine (500 mM) and 1-butyl-3-methyl-imidazolium iodide (600 mM) in mixed solvent of acetonitrile and varelonitrile (volume ratio of 85:15)",TiO2 film (8 um transparent + 11 um scat­tering layer),0.16,-,-,-,0,0
710.0,13.2,0.67,6.3,"0.60 M 2,3-dimethyl-1-propylimidazolium iodide, 0.05 M I2, 0.10 M LiI, and 0.50 M 4-tert-butylpyridine in an acetonitrile",TiO2 film (12 um transparent + 4-5 um scattering layer),0.25,0.12 nmol/cm2,0.2 mM CDCA,-,1,0
875.0,4.4,0.76,5.87,"110 mM Spiro-MeOTAD, 22 mM lithium bis(trifluoromethylsulfonyl)imide (LiTFSI), 88 mM 4-
tertbutylpyridine (TBP) and 3.3 mM tris(2-(1H-pyrazol-1-yl)-4-tert-butylpyridine)-cobalt(III)
tris(bis(trifluoromethylsulfonyl)imide) in chlorobenzene",TiO2 film 1.3 um thick,0.16,-,0.5 mM CDCA,-,1,0
804.0,0.8,0.784,5.44,"110 mM Spiro-MeOTAD, 22 mM lithium bis(trifluoromethylsulfonyl)imide (LiTFSI), 88 mM 4-
tertbutylpyridine (TBP) and 3.3 mM tris(2-(1H-pyrazol-1-yl)-4-tert-butylpyridine)-cobalt(III)
tris(bis(trifluoromethylsulfonyl)imide) in chlorobenzene",TiO2 film 1.3 um thick,0.16,-,0.5 mM CDCA,-,1,0
942.0,10.02,0.674,6.69,"110 mM Spiro-MeOTAD, 22 mM lithium bis(trifluoromethylsulfonyl)imide (LiTFSI), 88 mM 4-
tertbutylpyridine (TBP) and 3.3 mM tris(2-(1H-pyrazol-1-yl)-4-tert-butylpyridine)-cobalt(III)
tris(bis(trifluoromethylsulfonyl)imide) in chlorobenzene",TiO2 film 1.3 um thick,0.16,-,5 mM CDCA,-,1,0
907.0,5.31,0.717,6.98,"110 mM Spiro-MeOTAD, 22 mM lithium bis(trifluoromethylsulfonyl)imide (LiTFSI), 88 mM 4-
tertbutylpyridine (TBP) and 3.3 mM tris(2-(1H-pyrazol-1-yl)-4-tert-butylpyridine)-cobalt(III)
tris(bis(trifluoromethylsulfonyl)imide) in chlorobenzene",TiO2 film 1.3 um thick,0.16,-,5 mM CDCA,-,1,0
815.0,0.95,0.767,6.46,"110 mM Spiro-MeOTAD, 22 mM lithium bis(trifluoromethylsulfonyl)imide (LiTFSI), 88 mM 4-
tertbutylpyridine (TBP) and 3.3 mM tris(2-(1H-pyrazol-1-yl)-4-tert-butylpyridine)-cobalt(III)
tris(bis(trifluoromethylsulfonyl)imide) in chlorobenzene",TiO2 film 1.3 um thick,0.16,-,5 mM CDCA,-,1,0
929.0,10.14,0.698,6.89,"110 mM Spiro-MeOTAD, 22 mM lithium bis(trifluoromethylsulfonyl)imide (LiTFSI), 88 mM 4-
tertbutylpyridine (TBP) and 3.3 mM tris(2-(1H-pyrazol-1-yl)-4-tert-butylpyridine)-cobalt(III)
tris(bis(trifluoromethylsulfonyl)imide) in chlorobenzene",TiO2 film 1.3 um thick,0.16,-,5 mM CDCA,-,1,0
900.0,5.31,0.736,7.02,"110 mM Spiro-MeOTAD, 22 mM lithium bis(trifluoromethylsulfonyl)imide (LiTFSI), 88 mM 4-
tertbutylpyridine (TBP) and 3.3 mM tris(2-(1H-pyrazol-1-yl)-4-tert-butylpyridine)-cobalt(III)
tris(bis(trifluoromethylsulfonyl)imide) in chlorobenzene",TiO2 film 1.3 um thick,0.16,-,5 mM CDCA,-,1,0
823.0,1.0,0.774,6.89,"110 mM Spiro-MeOTAD, 22 mM lithium bis(trifluoromethylsulfonyl)imide (LiTFSI), 88 mM 4-
tertbutylpyridine (TBP) and 3.3 mM tris(2-(1H-pyrazol-1-yl)-4-tert-butylpyridine)-cobalt(III)
tris(bis(trifluoromethylsulfonyl)imide) in chlorobenzene",TiO2 film 1.3 um thick,0.16,-,5 mM CDCA,-,1,0
798.0,11.06,0.596,5.5,"110 mM Spiro-MeOTAD, 22 mM lithium bis(trifluoromethylsulfonyl)imide (LiTFSI), 88 mM 4-
tertbutylpyridine (TBP) and 3.3 mM tris(2-(1H-pyrazol-1-yl)-4-tert-butylpyridine)-cobalt(III)
tris(bis(trifluoromethylsulfonyl)imide) in chlorobenzene",TiO2 film 1.3 um thick,0.16,-,5 mM CDCA,-,1,0
774.0,5.67,0.656,5.85,"110 mM Spiro-MeOTAD, 22 mM lithium bis(trifluoromethylsulfonyl)imide (LiTFSI), 88 mM 4-
tertbutylpyridine (TBP) and 3.3 mM tris(2-(1H-pyrazol-1-yl)-4-tert-butylpyridine)-cobalt(III)
tris(bis(trifluoromethylsulfonyl)imide) in chlorobenzene",TiO2 film 1.3 um thick,0.16,-,5 mM CDCA,-,1,0
703.0,0.98,0.683,5.06,"110 mM Spiro-MeOTAD, 22 mM lithium bis(trifluoromethylsulfonyl)imide (LiTFSI), 88 mM 4-
tertbutylpyridine (TBP) and 3.3 mM tris(2-(1H-pyrazol-1-yl)-4-tert-butylpyridine)-cobalt(III)
tris(bis(trifluoromethylsulfonyl)imide) in chlorobenzene",TiO2 film 1.3 um thick,0.16,-,5 mM CDCA,-,1,0
902.0,10.96,0.764,7.51,"110 mM Spiro-MeOTAD, 22 mM lithium bis(trifluoromethylsulfonyl)imide (LiTFSI), 88 mM 4-
tertbutylpyridine (TBP) and 3.3 mM tris(2-(1H-pyrazol-1-yl)-4-tert-butylpyridine)-cobalt(III)
tris(bis(trifluoromethylsulfonyl)imide) in chlorobenzene",TiO2 film 1.3 um thick,0.16,-,5 mM CDCA,-,1,0
870.0,5.8,0.785,7.64,"110 mM Spiro-MeOTAD, 22 mM lithium bis(trifluoromethylsulfonyl)imide (LiTFSI), 88 mM 4-
tertbutylpyridine (TBP) and 3.3 mM tris(2-(1H-pyrazol-1-yl)-4-tert-butylpyridine)-cobalt(III)
tris(bis(trifluoromethylsulfonyl)imide) in chlorobenzene",TiO2 film 1.3 um thick,0.16,-,5 mM CDCA,-,1,0
799.0,1.05,0.803,7.0,"110 mM Spiro-MeOTAD, 22 mM lithium bis(trifluoromethylsulfonyl)imide (LiTFSI), 88 mM 4-
tertbutylpyridine (TBP) and 3.3 mM tris(2-(1H-pyrazol-1-yl)-4-tert-butylpyridine)-cobalt(III)
tris(bis(trifluoromethylsulfonyl)imide) in chlorobenzene",TiO2 film 1.3 um thick,0.16,-,5 mM CDCA,-,1,0
960.0,9.77,0.62,5.8,"150 mM Spiro-OMeTAD, 200 mM t-BP and 20 mM LiTFSI in chlorobenzene",TiO2 film 2.5 um thick,0.13,-,-,-,0,0
900.0,11.65,0.73,7.7,"150 mM Spiro-OMeTAD, 200 mM t-BP and 20 mM LiTFSI in chlorobenzene",TiO2 film 2.5 um thick,0.13,-,-,-,0,0
970.0,9.81,0.71,6.8,"150 mM Spiro-OMeTAD, 200 mM t-BP and 20 mM LiTFSI in chlorobenzene",TiO2 film 2.5 um thick,0.13,-,-,-,0,0
895.0,9.4,0.67,5.6,Spiro-OmeTAD hole transport material,TiO2 film 2 um thick,0.25,-,-,-,0,0
719.0,19.33,0.724,10.1,"1,3-dimethylimidazolium iodide (1.0m), I2 (0.03m), LiI (0.05m), guanidinium thiocyanate (0.1m), and 4-tert-butylpyridine (0.50m) in an 85:15 acetonitrile/valeronitrile",TiO2 film 16 um thick,0.16,920 nmol/cm2,-,-,0,0
742.0,17.05,0.718,9.1,"1,3-dimethylimidazolium iodide (1.0m), I2 (0.03m), LiI (0.05m), guanidinium thiocyanate (0.1m), and 4-tert-butylpyridine (0.50m) in an 85:15 acetonitrile/valeronitrile",TiO2 film 16 um thick,0.16,890 nmol/cm2,-,-,0,0
694.0,13.68,0.73,6.96,"0.6 M 3-hexyl-1,2-dimethyl-imidazolium iodide, 0.05 M iodide, 0.1 M LiI, and 0.5 M tert-butylpyridine in acetonitrile",TiO2 film (12+4 uM),0.25,-,"10 mM 3a,7a-dihydroxy-5b-cholic acid",-,1,0
705.0,13.62,0.74,7.18,"0.6 M 3-hexyl-1,2-dimethyl-imidazolium iodide, 0.05 M iodide, 0.1 M LiI, and 0.5 M tert-butylpyridine in acetonitrile",TiO2 film (12+4 uM),0.25,-,"10 mM 3a,7a-dihydroxy-5b-cholic acid",-,1,0
580.0,6.5,0.57,2.15,acetonitrile-ethylenecarbonate (v/v:1/4) mixed solution containing tetrabutylammonium iodide (0.5 mol/dm3) and iodine (0.05 mol/dm3),ZnO film,0.25,-,-,-,0,0
630.0,5.7,0.63,2.27,acetonitrile-ethylenecarbonate (v/v:1/4) mixed solution containing tetrabutylammonium iodide (0.5 mol/dm3) and iodine (0.05 mol/dm3),ZnO film,0.25,-,-,-,0,0
650.0,6.62,0.62,2.67,acetonitrile-ethylenecarbonate (v/v:1/4) mixed solution containing tetrabutylammonium iodide (0.5 mol/dm3) and iodine (0.05 mol/dm3),ZnO film,0.25,-,2 mM DCA,-,1,0
660.0,5.53,0.7,2.54,acetonitrile-ethylenecarbonate (v/v:1/4) mixed solution containing tetrabutylammonium iodide (0.5 mol/dm3) and iodine (0.05 mol/dm3),ZnO film,0.25,-,2 mM DCA,-,1,0
630.0,9.65,0.59,3.55,acetonitrile-ethylenecarbonate (v/v:1/4) mixed solution containing tetrabutylammonium iodide (0.5 mol/dm3) and iodine (0.05 mol/dm3),ZnO film,0.25,-,-,-,0,0
580.0,8.55,0.63,3.14,acetonitrile-ethylenecarbonate (v/v:1/4) mixed solution containing tetrabutylammonium iodide (0.5 mol/dm3) and iodine (0.05 mol/dm3),ZnO film,0.25,-,2 mM DCA,-,1,0
670.0,9.12,0.66,3.99,acetonitrile-ethylenecarbonate (v/v:1/4) mixed solution containing tetrabutylammonium iodide (0.5 mol/dm3) and iodine (0.05 mol/dm3),ZnO film,0.25,-,2 mM DCA,-,1,0
570.0,8.92,0.52,2.65,acetonitrile-ethylenecarbonate (v/v:1/4) mixed solution containing tetrabutylammonium iodide (0.5 mol/dm3) and iodine (0.05 mol/dm3),ZnO film,0.25,-,-,-,0,0
863.0,1.6,0.69,9.5,0.2 M [Co(phen)3](B(CN)4)2 and 0.05 M [Co(phen)3](B(CN)4)3 with 0.1 M LiClO4 and 0.2 M 4-tert-butylpyridine in acetonitrile,TiO2 film (8 um thick + 4 um scattering layer),,-,-,-,0,0
862.0,1.6,0.72,10.2,0.2 M [Co(phen)3](B(CN)4)2 and 0.05 M [Co(phen)3](B(CN)4)3 with 0.1 M LiClO4 and 0.2 M 4-tert-butylpyridine in acetonitrile,TiO2 film (8 um thick + 4 um scattering layer),,-,-,-,0,0
859.0,1.7,0.72,10.5,0.2 M [Co(bpy)3]-(B(CN)4)2 and 0.05 M [Co(bpy)3](B(CN)4)3 with 0.1 M LiClO4 and 0.2 M 4-tert-butylpyridine in acetonitrile,TiO2 film (8 um thick + 4 um scattering layer),,-,-,-,0,0
833.0,1.6,0.76,10.3,0.2 M [Co(bpy)3]-(B(CN)4)2 and 0.05 M [Co(bpy)3](B(CN)4)3 with 0.1 M LiClO4 and 0.2 M 4-tert-butylpyridine in acetonitrile,TiO2 film (8 um thick + 4 um scattering layer),,-,-,-,0,0
921.0,7.0,0.61,7.8,0.2 M [Co(phen)3](B(CN)4)2 and 0.05 M [Co(phen)3](B(CN)4)3 with 0.1 M LiClO4 and 0.2 M 4-tert-butylpyridine in acetonitrile,TiO2 film (8 um thick + 4 um scattering layer),,-,-,-,0,0
919.0,7.9,0.7,10.2,0.2 M [Co(phen)3](B(CN)4)2 and 0.05 M [Co(phen)3](B(CN)4)3 with 0.1 M LiClO4 and 0.2 M 4-tert-butylpyridine in acetonitrile,TiO2 film (8 um thick + 4 um scattering layer),,-,-,-,0,0
904.0,8.1,0.63,9.1,0.2 M [Co(bpy)3]-(B(CN)4)2 and 0.05 M [Co(bpy)3](B(CN)4)3 with 0.1 M LiClO4 and 0.2 M 4-tert-butylpyridine in acetonitrile,TiO2 film (8 um thick + 4 um scattering layer),,-,-,-,0,0
893.0,8.1,0.74,10.6,0.2 M [Co(bpy)3]-(B(CN)4)2 and 0.05 M [Co(bpy)3](B(CN)4)3 with 0.1 M LiClO4 and 0.2 M 4-tert-butylpyridine in acetonitrile,TiO2 film (8 um thick + 4 um scattering layer),,-,-,-,0,0
937.0,12.1,0.55,6.3,0.2 M [Co(phen)3](B(CN)4)2 and 0.05 M [Co(phen)3](B(CN)4)3 with 0.1 M LiClO4 and 0.2 M 4-tert-butylpyridine in acetonitrile,TiO2 film (8 um thick + 4 um scattering layer),,-,-,-,0,0
936.0,14.8,0.69,9.5,0.2 M [Co(phen)3](B(CN)4)2 and 0.05 M [Co(phen)3](B(CN)4)3 with 0.1 M LiClO4 and 0.2 M 4-tert-butylpyridine in acetonitrile,TiO2 film (8 um thick + 4 um scattering layer),,-,-,-,0,0
917.0,14.5,0.59,7.9,0.2 M [Co(bpy)3]-(B(CN)4)2 and 0.05 M [Co(bpy)3](B(CN)4)3 with 0.1 M LiClO4 and 0.2 M 4-tert-butylpyridine in acetonitrile,TiO2 film (8 um thick + 4 um scattering layer),,-,-,-,0,0
910.0,15.9,0.71,10.3,0.2 M [Co(bpy)3]-(B(CN)4)2 and 0.05 M [Co(bpy)3](B(CN)4)3 with 0.1 M LiClO4 and 0.2 M 4-tert-butylpyridine in acetonitrile,TiO2 film (8 um thick + 4 um scattering layer),,-,-,-,0,0
661.0,15.99,0.65,6.8,"5 wt% poly(vinylidenefluoride-co-hexafluoropropylene) in a redox solution containing 0.1 M LiI, 0.05 M I2 , 0.6 M 1,2-dimethyl-3-n-propylimidazolium iodide (DMPImI) and 0.5 M 4-tert-butylpyridine (TBP) in 3-methoxypropionitrile (MPN)",TiO2 film 15 um thick,0.25,162 nmol/cm2,0.4 mM DCA,-,1,0
713.0,16.26,0.719,8.3,"1,3-dimethylimidazolium iodide (1.0m), I2 (0.03m), LiI (0.05m), guanidinium thiocyanate (0.1m), and 4-tert-butylpyridine (0.50m) in an 85:15 acetonitrile/valeronitrile",TiO2 film 16 um thick,0.16,870 nmol/cm2,-,-,0,0
802.0,16.08,0.66,8.57,"0.22 M [Co(II)(bpy)3]TFSI2, 0.06 M [Co(III)(bpy)3]TFSI3, 0.1 M LiTFSI, and 0.5 M tert-butylpyridine in acetonitrile",TiO2 film,0.25,-,-,-,0,0
714.0,10.5,0.567,4.24,"LiI (100 mM), iodine (30 mM), 4-tert-butyl pyridine (500 mM) and 1-butyl-3-methyl-imidazolium iodide (600 mM) in mixed solvent of acetonitrile and varelonitrile (volume ratio of 85:15)",TiO2 film (8 um transparent + 11 um scat­tering layer),0.16,-,-,-,0,0
703.0,10.5,0.575,4.23,"LiI (100 mM), iodine (30 mM), 4-tert-butyl pyridine (500 mM) and 1-butyl-3-methyl-imidazolium iodide (600 mM) in mixed solvent of acetonitrile and varelonitrile (volume ratio of 85:15)",TiO2 film (8 um transparent + 11 um scat­tering layer),0.16,-,-,-,0,0
695.0,6.5,0.657,2.96,"LiI (100 mM), iodine (30 mM), 4-tert-butyl pyridine (500 mM) and 1-butyl-3-methyl-imidazolium iodide (600 mM) in mixed solvent of acetonitrile and varelonitrile (volume ratio of 85:15)",TiO2 film (8 um transparent + 11 um scat­tering layer),0.16,-,-,-,0,0
520.0,4.0,0.66,1.4,"LiI (100 mM), iodine (30 mM), 4-tert-butyl pyridine (500 mM) and 1-butyl-3-methyl-imidazolium iodide (600 mM) in mixed solvent of acetonitrile and varelonitrile (volume ratio of 85:15)",TiO2 film (8 um transparent + 11 um scat­tering layer),0.16,-,-,-,0,0
560.0,7.9,0.7,3.1,"LiI (100 mM), iodine (30 mM), 4-tert-butyl pyridine (500 mM) and 1-butyl-3-methyl-imidazolium iodide (600 mM) in mixed solvent of acetonitrile and varelonitrile (volume ratio of 85:15)",TiO2 film (8 um transparent + 11 um scat­tering layer),0.16,-,-,-,0,0
640.0,9.2,0.66,3.9,"LiI (100 mM), iodine (30 mM), 4-tert-butyl pyridine (500 mM) and 1-butyl-3-methyl-imidazolium iodide (600 mM) in mixed solvent of acetonitrile and varelonitrile (volume ratio of 85:15)",TiO2 film (8 um transparent + 11 um scat­tering layer),0.16,-,-,-,0,0
679.0,12.89,0.73,6.43,"0.6 M 3-hexyl-1,2-dimethyl-imidazolium iodide, 0.05 M iodide, 0.1 M LiI, and 0.5 M tert-butylpyridine in acetonitrile",TiO2 film (12+4 uM),0.25,-,"10 mM 3a,7a-dihydroxy-5b-cholic acid",-,1,0
620.0,10.81,0.61,4.11,acetonitrile-ethylenecarbonate (v/v:1/4) mixed solution containing tetrabutylammonium iodide (0.5 mol/dm3) and iodine (0.05 mol/dm3),ZnO film,0.25,-,-,-,0,0
620.0,9.8,0.6,3.63,acetonitrile-ethylenecarbonate (v/v:1/4) mixed solution containing tetrabutylammonium iodide (0.5 mol/dm3) and iodine (0.05 mol/dm3),ZnO film,0.25,-,2 mM DCA,-,1,0
640.0,11.67,0.68,5.06,acetonitrile-ethylenecarbonate (v/v:1/4) mixed solution containing tetrabutylammonium iodide (0.5 mol/dm3) and iodine (0.05 mol/dm3),ZnO film,0.25,-,2 mM DCA,-,1,0
690.0,12.17,0.73,6.22,"0.6 M 1-Hexyl-2,3-dimethyl-imidiazolium iodide, 0.05 M iodine, 0.1 M LiI, and 0.5 M tert-butylpyridine in acetonitrile",TiO2 film (10+4 um),0.25,2960 nmol/cm2,-,-,0,0
730.0,15.81,0.72,8.34,"0.6 M 1-Hexyl-2,3-dimethyl-imidiazolium iodide, 0.05 M iodine, 0.1 M LiI, and 0.5 M tert-butylpyridine in acetonitrile",TiO2 film (10+4 um),0.25,2840 nmol/cm2,-,-,0,0
560.0,11.19,0.62,3.92,"Acetonitrile/ethylenecarbonate (v/v, 1:4) containing tetrabutylammonium iodide (0.5 mol/dm3) and iodine (0.05 mol/dm3)",ZnO film,0.2,-,0.5 mmol/dm3 cholic acid,-,1,0
620.0,10.61,0.66,4.36,"Acetonitrile/ethylenecarbonate (v/v, 1:4) containing tetrabutylammonium iodide (0.5 mol/dm3) and iodine (0.05 mol/dm3)",ZnO film,0.2,-,0.5 mmol/dm3 cholic acid,-,1,0
620.0,11.16,0.6,4.12,"Acetonitrile/ethylenecarbonate (v/v, 1:4) containing tetrabutylammonium iodide (0.5 mol/dm3) and iodine (0.05 mol/dm3)",ZnO film,0.2,-,0.5 mmol/dm3 cholic acid,-,1,0
590.0,10.28,0.67,4.09,"Acetonitrile/ethylenecarbonate (v/v, 1:4) containing tetrabutylammonium iodide (0.5 mol/dm3) and iodine (0.05 mol/dm3)",ZnO film,0.2,-,0.5 mmol/dm3 cholic acid,-,1,0
650.0,10.36,0.65,4.35,"Acetonitrile/ethylenecarbonate (v/v, 1:4) containing tetrabutylammonium iodide (0.5 mol/dm3) and iodine (0.05 mol/dm3)",ZnO film,0.2,-,0.5 mmol/dm3 cholic acid,-,1,0
640.0,9.83,0.66,4.15,"Acetonitrile/ethylenecarbonate (v/v, 1:4) containing tetrabutylammonium iodide (0.5 mol/dm3) and iodine (0.05 mol/dm3)",ZnO film,0.2,-,0.5 mmol/dm3 cholic acid,-,1,0
660.0,11.04,0.61,4.48,"Acetonitrile/ethylenecarbonate (v/v, 1:4) containing tetrabutylammonium iodide (0.5 mol/dm3) and iodine (0.05 mol/dm3)",ZnO film,0.2,-,1 mmol/dm3 cholic acid,-,1,0
904.0,8.45,0.729,5.77,"110 mM Spiro-MeOTAD, 22 mM lithium bis(trifluoromethylsulfonyl)imide (LiTFSI), 88 mM 4-
tertbutylpyridine (TBP) and 3.3 mM tris(2-(1H-pyrazol-1-yl)-4-tert-butylpyridine)-cobalt(III)
tris(bis(trifluoromethylsulfonyl)imide) in chlorobenzene",TiO2 film 1.3 um thick,0.16,-,0.5 mM CDCA,-,1,0
710.0,12.3,0.69,6.1,"LiI (100 mM), iodine (30 mM), 4-tert-butyl pyridine (500 mM) and 1-butyl-3-methyl-imidazolium iodide (600 mM) in mixed solvent of acetonitrile and varelonitrile (volume ratio of 85:15)",TiO2 film (8 um transparent + 11 um scat­tering layer),0.16,-,-,-,0,0
700.0,10.7,0.69,5.2,"LiI (500 mM), iodine (50 mM), 4-tert-butyl pyridine (580 mM) and ethyl-methyl-imidazolium dicyanoimide (600 mM) in MeCN",TiO2 film 12 um thick,0.25,-,5 mM CDCA,-,1,0
630.0,8.2,0.73,3.76,"0.03 M iodine (I2), 0.01 M guanidinium thiocyanate (GuNCS), 0.5 M tert-butylpyridine 0.6 M 1-butyl-3-methyl-imidazolium iodide (BMII) in acetonitrile:valeronitrile (MeCN:VN) 85:15",TiO2 film (8 um transparent + 4 um scat­tering layer),0.1256,-,-,-,0,0
630.0,4.4,0.71,2.0,"LiI (100 mM), iodine (30 mM), 4-tert-butyl pyridine (500 mM) and 1-butyl-3-methyl-imidazolium iodide (600 mM) in mixed solvent of acetonitrile and varelonitrile (volume ratio of 85:15)",TiO2 film (8 um transparent + 11 um scat­tering layer),0.16,-,-,-,0,0
610.0,10.2,0.66,4.1,"LiI (100 mM), iodine (30 mM), 4-tert-butyl pyridine (500 mM) and 1-butyl-3-methyl-imidazolium iodide (600 mM) in mixed solvent of acetonitrile and varelonitrile (volume ratio of 85:15)",TiO2 film (8 um transparent + 11 um scat­tering layer),0.16,-,-,-,0,0
680.0,6.4,0.64,2.8,"0.5 M LiI, 0.01 M I2, 0.6 M dimethylpropyl imidazolium iodide, and 0.5 M 4-t-butylpyridine in acetonitrile",TiO2 film 10 um thick,,-,-,-,0,0
600.0,3.0,0.64,1.2,"0.5 M LiI, 0.01 M I2, 0.6 M dimethylpropyl imidazolium iodide, and 0.5 M 4-t-butylpyridine in acetonitrile",TiO2 film 10 um thick,,-,-,-,0,0
674.0,14.0,0.64,6.05,"0.3 M 1,2-dimethyl-3-propylimidazolium iodide (DMPII), 0.1 M LiI, 0.05 M I2 and 0.5 M 4-tert-butyl pyridine in acetonitrile",TiO2 film (10 um transparent + 4 um scat­tering layer),0.196,-,-,-,0,0
663.0,15.8,0.62,6.54,"0.3 M 1,2-dimethyl-3-propylimidazolium iodide (DMPII), 0.1 M LiI, 0.05 M I2 and 0.5 M 4-tert-butyl pyridine in acetonitrile",TiO2 film (10 um transparent + 4 um scat­tering layer),0.196,-,-,-,0,0
813.0,11.0,0.701,6.29,"0.3 M 1,2-dimethyl-3-propylimidazolium iodide (DMPII), 0.1 M LiI, 0.05 M I2, and 0.5 M 4-tert-butylpyridine in CH3CN",TiO2 film (12 um transparent + 4 um scat­tering layer),0.16,-,-,-,0,0
700.0,4.23,0.75,2.22,"0.3 M 1,2-dimethyl-3-propylimidazolium iodide (DMPII), 0.1 M LiI, 0.05 M I2, and 0.5 M 4-tert-butylpyridine in CH3CN",TiO2 film (12 um transparent + 4 um scat­tering layer),0.16,-,-,-,0,0
695.0,7.1,0.73,3.6,"0.3 M 1,2-dimethyl-3-propylimidazolium iodide (DMPII), 0.1 M LiI, 0.05 M I2, and 0.5 M 4-tert-butylpyridine in CH3CN",TiO2 film (12 um transparent + 4 um scat­tering layer),0.16,-,-,-,0,0
707.0,11.9,0.644,5.41,"0.3 M 1,2-dimethyl-3-propylimidazolium iodide (DMPII), 0.1 M LiI, 0.05 M I2, and 0.5 M 4-tert-butylpyridine in CH3CN",TiO2 film (12 um transparent + 4 um scat­tering layer),0.16,-,-,-,0,0
816.0,9.9,0.639,5.16,"0.3 M DMPII, 0.1 M LiI, 0.05 M I2 and 0.5 M 4-tert-butylpyridine in acetonitrile",TiO2 film (12 um thick + 4 um scattering layer),0.16,-,3 mM CDCA,-,1,0
852.0,8.8,0.632,5.29,"0.3 M DMPII, 0.1 M LiI, 0.05 M I2 and 0.5 M 4-tert-butylpyridine in acetonitrile",TiO2 film (12 um thick + 4 um scattering layer),0.16,-,3 mM CDCA,-,1,0
812.0,9.6,0.716,5.59,"0.3 M DMPII, 0.1 M LiI, 0.05 M I2 and 0.5 M 4-tert-butylpyridine in acetonitrile",TiO2 film (12 um thick + 4 um scattering layer),0.16,-,3 mM CDCA,-,1,0
843.0,10.4,0.658,5.74,"0.3 M DMPII, 0.1 M LiI, 0.05 M I2 and 0.5 M 4-tert-butylpyridine in acetonitrile",TiO2 film (12 um thick + 4 um scattering layer),0.16,-,3 mM CDCA,-,1,0
796.0,13.3,0.647,6.86,"0.3 M DMPII, 0.1 M LiI, 0.05 M I2 and 0.5 M 4-tert-butylpyridine in acetonitrile",TiO2 film (12 um thick + 4 um scattering layer),0.16,-,3 mM CDCA,-,1,0
829.0,14.1,0.684,7.99,"0.3 M DMPII, 0.1 M LiI, 0.05 M I2 and 0.5 M 4-tert-butylpyridine in acetonitrile",TiO2 film (12 um thick + 4 um scattering layer),0.16,-,3 mM CDCA,-,1,0
819.0,14.7,0.695,8.37,"0.3 M DMPII, 0.1 M LiI, 0.05 M I2 and 0.5 M 4-tert-butylpyridine in acetonitrile",TiO2 film (12 um thick + 4 um scattering layer),0.16,-,3 mM CDCA,QX20 cosensitizer,1,1
817.0,12.9,0.673,7.09,"0.3 M 1,2-dimethyl-3-propylimidazolium iodide (DMPII), 0.1 M LiI, 0.05 M I2, and 0.5 M 4-tert-butylpyridine in acetonitrile (ACN)",TiO2 film (12 um thick + 4 um scattering layer),0.16,130 nmol/cm2,-,-,0,0
707.0,9.03,0.681,4.35,"0.3 M 1,2-dimethyl-3-propylimidazolium iodide (DMPII), 0.1 M LiI, 0.05 M I2, and 0.5 M 4-tert-butylpyridine in acetonitrile (ACN)",TiO2 film (12 um thick + 4 um scattering layer),0.16,51.2 nmol/cm2,-,-,0,0
724.0,9.71,0.684,4.81,"0.3 M 1,2-dimethyl-3-propylimidazolium iodide (DMPII), 0.1 M LiI, 0.05 M I2, and 0.5 M 4-tert-butylpyridine in acetonitrile (ACN)",TiO2 film (12 um thick + 4 um scattering layer),0.16,58.5 nmol/cm2,-,-,0,0
712.0,10.8,0.652,5.02,"0.3 M 1,2-dimethyl-3-propylimidazolium iodide (DMPII), 0.1 M LiI, 0.05 M I2, and 0.5 M 4-tert-butylpyridine in acetonitrile (ACN)",TiO2 film (12 um thick + 4 um scattering layer),0.16,58.5 nmol/cm2,-,-,0,0
774.0,10.0,0.671,5.19,"0.3 M 1,2-dimethyl-3-propylimidazolium iodide (DMPII), 0.1 M LiI, 0.05 M I2, and 0.5 M 4-tert-butylpyridine in acetonitrile (ACN)",TiO2 film (12 um thick + 4 um scattering layer),0.16,58.5 nmol/cm2,-,-,0,0
769.0,10.3,0.687,5.44,"0.3 M 1,2-dimethyl-3-propylimidazolium iodide (DMPII), 0.1 M LiI, 0.05 M I2, and 0.5 M 4-tert-butylpyridine in acetonitrile (ACN)",TiO2 film (12 um thick + 4 um scattering layer),0.16,58.5 nmol/cm2,-,-,0,0
732.0,10.7,0.669,5.24,"0.3 M 1,2-dimethyl-3-propylimidazolium iodide (DMPII), 0.1 M LiI, 0.05 M I2, and 0.5 M 4-tert-butylpyridine in acetonitrile (ACN)",TiO2 film (12 um thick + 4 um scattering layer),0.16,58.5 nmol/cm2,-,-,0,0
690.0,12.45,0.7,6.02,"0.6 M 1-butyl-3-methylimidazolium iodide (BMII), 0.05 M LiI, 0.03 M I2, 0.5 M 4-tert-butylpyridine, and 0.1 M guanidinium thiocyanate in a mixture of acetonitrile−valeronitrile (85:15, v/v)",TiO2 film (12 um thick + 4 um scattering layer),0.125,-,-,-,0,0
644.0,10.83,0.65,4.55,not specified,TiO2 film,,-,-,-,0,0
651.0,11.58,0.68,5.13,not specified,TiO2 film,,-,-,-,0,0
580.0,3.1,0.66,1.2,"0.5 M LiI, 0.01 M I2, 0.6 M dimethylpropyl imidazolium iodide, and 0.5 M 4-t-butylpyridine in acetonitrile",TiO2 film 10 um thick,,-,-,-,0,0
670.0,6.9,0.66,3.0,"0.5 M LiI, 0.01 M I2, 0.6 M dimethylpropyl imidazolium iodide, and 0.5 M 4-t-butylpyridine in acetonitrile",TiO2 film 10 um thick,,-,-,-,0,0
680.0,8.3,0.68,3.8,"0.5 M LiI, 0.01 M I2, 0.6 M dimethylpropyl imidazolium iodide, and 0.5 M 4-t-butylpyridine in acetonitrile",TiO2 film 10 um thick,,-,-,-,0,0
670.0,6.7,0.67,3.0,"0.5 M LiI, 0.01 M I2, 0.6 M dimethylpropyl imidazolium iodide, and 0.5 M 4-t-butylpyridine in acetonitrile",TiO2 film 10 um thick,,-,-,-,0,0
660.0,8.3,0.63,3.5,"0.5 M LiI, 0.01 M I2, 0.6 M dimethylpropyl imidazolium iodide, and 0.5 M 4-t-butylpyridine in acetonitrile",TiO2 film 10 um thick,,-,-,-,0,0
680.0,10.0,0.74,5.1,"1.0 M 1,3-dimethylimidazolium iodide (DMII), 50 mM LiI, 30 mM I2 , 0.5 M tert-butylpyridine, 0.1 M guanidinium thiocyanate (GNCS) in acetonitrile or valeronitrile (v/v 85:15)",TiO2 film (9.5 um transparent + 5 um scat­tering layer),0.16,-,CDCA,-,1,0
543.0,4.43,0.68,1.65,"0.1 M LiI, 0.6 M DMPII, 0.05 M I2 and 0.5 M TBP in 3-methoxypropionitrile (MPN)/ACN (volume ratio of 1:1)",TiO2 film (11 um transparent + 4 um scat­tering layer),0.18,-,-,-,0,0
594.0,2.41,0.68,0.97,"0.1 M LiI, 0.6 M DMPII, 0.05 M I2 and 0.5 M TBP in 3-methoxypropionitrile (MPN)/ACN (volume ratio of 1:1)",TiO2 film (11 um transparent + 4 um scat­tering layer),0.18,-,-,-,0,0
593.0,2.73,0.67,1.08,"0.1 M LiI, 0.6 M DMPII, 0.05 M I2 and 0.5 M TBP in 3-methoxypropionitrile (MPN)/ACN (volume ratio of 1:1)",TiO2 film (11 um transparent + 4 um scat­tering layer),0.18,-,-,-,0,0
566.0,6.52,0.65,2.41,"0.1 M LiI, 0.6 M DMPII, 0.05 M I2 and 0.5 M TBP in 3-methoxypropionitrile (MPN)/ACN (volume ratio of 1:1)",TiO2 film (11 um transparent + 4 um scat­tering layer),0.18,-,-,-,0,0
568.0,7.38,0.65,2.72,"0.1 M LiI, 0.6 M DMPII, 0.05 M I2 and 0.5 M TBP in 3-methoxypropionitrile (MPN)/ACN (volume ratio of 1:1)",TiO2 film (11 um transparent + 4 um scat­tering layer),0.18,-,-,-,0,0
543.0,6.77,0.63,2.3,"0.1 M LiI, 0.6 M DMPII, 0.05 M I2 and 0.5 M TBP in 3-methoxypropionitrile (MPN)/ACN (volume ratio of 1:1)",TiO2 film (11 um transparent + 4 um scat­tering layer),0.18,-,-,-,0,0
562.0,7.77,0.62,2.68,"0.1 M LiI, 0.6 M DMPII, 0.05 M I2 and 0.5 M TBP in 3-methoxypropionitrile (MPN)/ACN (volume ratio of 1:1)",TiO2 film (11 um transparent + 4 um scat­tering layer),0.18,-,-,-,0,0
690.0,7.6,0.64,3.4,"0.5 M LiI, 0.01 M I2, 0.6 M dimethylpropyl imidazolium iodide, and 0.5 M 4-t-butylpyridine in acetonitrile",TiO2 film 10 um thick,,-,-,-,0,0
640.0,5.0,0.66,2.1,"0.5 M LiI, 0.01 M I2, 0.6 M dimethylpropyl imidazolium iodide, and 0.5 M 4-t-butylpyridine in acetonitrile",TiO2 film 10 um thick,,-,-,-,0,0
720.0,6.9,0.65,3.2,"0.5 M LiI, 0.01 M I2, 0.6 M dimethylpropyl imidazolium iodide, and 0.5 M 4-t-butylpyridine in acetonitrile",TiO2 film 10 um thick,,-,-,-,0,0
760.0,9.4,0.64,4.6,"0.1 M LiI, 0.05 M I2, 0.6 M 2,3-dimethyl-1-propylimidazolium iodide, and 0.5 M 4-tert-butylpyridine in acetonitrile",TiO2 film 10 um thick,,-,-,-,0,0
760.0,9.4,0.64,4.6,"0.1 M LiI, 0.05 M I2, 0.6 M 2,3-dimethyl-1-propylimidazolium iodide, and 0.5 M 4-t-butylpyridine in acetonitrile",TiO2 film 10 um thick,,-,-,Zn-3,0,1
720.0,8.3,0.62,3.7,"0.5 M LiI, 0.01 M I2, 0.6 M dimethylpropyl imidazolium iodide, and 0.5 M 4-t-butylpyridine in acetonitrile",TiO2 film 10 um thick,,-,-,-,0,0
660.0,7.1,0.66,3.1,"0.5 M LiI, 0.01 M I2, 0.6 M dimethylpropyl imidazolium iodide, and 0.5 M 4-t-butylpyridine in acetonitrile",TiO2 film 10 um thick,,-,-,-,0,0
550.0,1.7,0.6,0.55,"0.5 M LiI, 0.01 M I2, 0.6 M dimethylpropyl imidazolium iodide, and 0.5 M 4-t-butylpyridine in acetonitrile",TiO2 film 10 um thick,,-,-,-,0,0
570.0,3.0,0.67,1.1,"0.5 M LiI, 0.01 M I2, 0.6 M dimethylpropyl imidazolium iodide, and 0.5 M 4-t-butylpyridine in acetonitrile",TiO2 film 10 um thick,,-,-,-,0,0
710.0,7.7,0.61,3.3,"0.5 M LiI, 0.01 M I2, 0.6 M dimethylpropyl imidazolium iodide, and 0.5 M 4-t-butylpyridine in acetonitrile",TiO2 film 10 um thick,,-,-,-,0,0
640.0,6.0,0.63,2.4,"0.5 M LiI, 0.01 M I2, 0.6 M dimethylpropyl imidazolium iodide, and 0.5 M 4-t-butylpyridine in acetonitrile",TiO2 film 10 um thick,,-,-,-,0,0
690.0,8.6,0.63,3.7,"0.5 M LiI, 0.01 M I2, 0.6 M dimethylpropyl imidazolium iodide, and 0.5 M 4-t-butylpyridine in acetonitrile",TiO2 film 10 um thick,,-,-,-,0,0
660.0,7.1,0.62,2.9,"0.5 M LiI, 0.01 M I2, 0.6 M dimethylpropyl imidazolium iodide, and 0.5 M 4-t-butylpyridine in acetonitrile",TiO2 film 10 um thick,,-,-,-,0,0
620.0,2.3,0.64,0.91,"0.5 M LiI, 0.01 M I2, 0.6 M dimethylpropyl imidazolium iodide, and 0.5 M 4-t-butylpyridine in acetonitrile",TiO2 film 10 um thick,,-,-,-,0,0
701.0,12.7,0.66,5.87,"0.3 M 1,2-dimethyl-3-propylimidazolium iodide (DMPII), 0.1 M LiI, 0.05 M I2 and 0.5 M 4-tert-butyl pyridine in acetonitrile",TiO2 film (10 um transparent + 4 um scat­tering layer),0.196,-,-,-,0,0
660.0,11.03,0.63,4.59,"1.0 M tetrapropylammonium iodide and 0.1 M iodine in acetonitrileeethylene carbonate (v/v, 1:4) mixture",ZnO film 12 um thick,,-,1 mM cholic acid,-,1,0
660.0,7.95,0.64,3.38,"1.0 M tetrapropylammonium iodide and 0.1 M iodine in acetonitrileeethylene carbonate (v/v, 1:4) mixture",ZnO film 12 um thick,,-,1 mM cholic acid,-,1,0
660.0,11.82,0.65,5.01,"1.0 M tetrapropylammonium iodide and 0.1 M iodine in acetonitrileeethylene carbonate (v/v, 1:4) mixture",ZnO film 12 um thick,,-,1 mM cholic acid,-,1,0
630.0,10.63,0.64,4.31,Acetonitrile–ethylenecarbonate (v/v 1⁄4 1:4) containing tetrabutylammonium iodide (0.5 mol/dm3) and iodine (0.05 mol/dm3),ZnO film 3 um thick,,-,1 mM cholic acid,-,1,0
620.0,5.12,0.61,1.92,Acetonitrile–ethylenecarbonate (v/v 1⁄4 1:4) containing tetrabutylammonium iodide (0.5 mol/dm3) and iodine (0.05 mol/dm3),ZnO film 3 um thick,,-,1 mM cholic acid,-,1,0
590.0,4.78,0.57,1.6,Acetonitrile–ethylenecarbonate (v/v 1⁄4 1:4) containing tetrabutylammonium iodide (0.5 mol/dm3) and iodine (0.05 mol/dm3),ZnO film 3 um thick,,-,1 mM cholic acid,-,1,0
630.0,5.0,0.67,2.1,Acetonitrile–ethylenecarbonate (v/v 1⁄4 1:4) containing tetrabutylammonium iodide (0.5 mol/dm3) and iodine (0.05 mol/dm3),ZnO film 3 um thick,,-,1 mM cholic acid,-,1,0
620.0,12.11,0.61,4.53,Acetonitrile–ethylenecarbonate (v/v 1⁄4 1:4) containing tetrabutylammonium iodide (0.5 mol/dm3) and iodine (0.05 mol/dm3),ZnO film 3 um thick,,-,1 mM cholic acid,-,1,0
560.0,9.55,0.64,3.43,Acetonitrile–ethylenecarbonate (v/v 1⁄4 1:4) containing tetrabutylammonium iodide (0.5 mol/dm3) and iodine (0.05 mol/dm3),ZnO film 3 um thick,,-,1 mM cholic acid,-,1,0
630.0,9.44,0.62,3.69,Acetonitrile–ethylenecarbonate (v/v 1⁄4 1:4) containing tetrabutylammonium iodide (0.5 mol/dm3) and iodine (0.05 mol/dm3),ZnO film 3 um thick,,-,1 mM cholic acid,-,1,0
680.0,17.43,0.71,8.42,"0.6 M 3-hexyl-1,2-dimethyl imidazolium iodide, 0.05 M iodine, 0.1 M LiI and 0.5 M 4-tert-butylpyridine in acetonitrile",TiO2 film (12+4 um),0.18,-,"1 mM 3a,7a-dihydroxy-5b-cholic acid",-,1,0
626.0,15.56,0.7,6.88,"0.6 M 3-hexyl-1,2-dimethyl imidazolium iodide, 0.05 M iodine, 0.1 M LiI and 0.5 M 4-tert-butylpyridine in acetonitrile",TiO2 film (12+4 um),0.18,-,"1 mM 3a,7a-dihydroxy-5b-cholic acid",-,1,0
620.0,6.95,0.714,3.08,"0.6 M 1,2-dimethyl-3-n-propylimidazolium iodide (DMPImI), 0.1 M LiI, and 0.05 M I2 in acetonitrile with 0.5 M 4-tertbutylpyridine",Zn2SnO4 film 12-14 um,,-,-,-,0,0
680.0,3.88,0.68,1.79,"0.6 M 1,2-dimethyl-3-n-propylimidazolium iodide (DMPImI), 0.1 M LiI, and 0.05 M I2 in acetonitrile with 0.5 M 4-tertbutylpyridine",Zn2SnO4 film 12-14 um,,-,-,-,0,0
644.0,8.15,0.685,3.6,"0.6 M 1,2-dimethyl-3-n-propylimidazolium iodide (DMPImI), 0.1 M LiI, and 0.05 M I2 in acetonitrile with 0.5 M 4-tertbutylpyridine",Zn2SnO4 film 12-14 um,,-,-,N719,0,1
650.0,7.82,0.66,3.4,"0.6 M DMPImI, 0.1 M LiI, 0.05 M I2, 0.5 M TBP in acetonitrile",TiO2 6uM thickness,0.2399,-,-,0.89e-04 mol/cm3,0,1
504.0,12.72,0.614,3.94,"0.1-M Lithium iodide, 0.05-M I2, 0.6-M 1,3-dimethyl-3-imidazolinium iodine and 0.05-M 4-tert-butylpyridine(tBP) in acetonitrile/valeronitrile(17:3)",TiO2 film,,-,1 mM CDCA,-,1,0
525.0,12.28,0.676,4.36,"0.1-M Lithium iodide, 0.05-M I2, 0.6-M 1,3-dimethyl-3-imidazolinium iodine and 0.05-M 4-tert-butylpyridine(tBP) in acetonitrile/valeronitrile(17:3)",TiO2 film,,-,-,-,0,0
462.0,15.7,0.527,3.82,"0.1-M Lithium iodide, 0.05-M I2, and 0.6-M 1,3-dimethyl-3-imidazolinium iodine in acetonitrile / valeronitrile(17:3)",TiO2 film,,-,-,-,0,0
591.0,12.72,0.525,4.02,"0.1-M Lithium iodide, 0.05-M I2, 0.6-M 1,3-dimethyl-3-imidazolinium iodine and 0.05-M 4-tert-butylpyridine(tBP) in acetonitrile/valeronitrile(17:3)",TiO2 film,,-,1 mM CDCA,-,1,0
572.0,13.51,0.651,5.03,"0.1-M Lithium iodide, 0.05-M I2, 0.6-M 1,3-dimethyl-3-imidazolinium iodine and 0.05-M 4-tert-butylpyridine(tBP) in acetonitrile/valeronitrile(17:3)",TiO2 film,,-,-,-,0,0
529.0,13.87,0.556,4.09,"0.1-M Lithium iodide, 0.05-M I2, and 0.6-M 1,3-dimethyl-3-imidazolinium iodine in acetonitrile / valeronitrile(17:3)",TiO2 film,,-,-,-,0,0
442.0,5.42,0.591,1.42,"0.1-M Lithium iodide, 0.05-M I2, 0.6-M 1,3-dimethyl-3-imidazolinium iodine and 0.05-M 4-tert-butylpyridine(tBP) in acetonitrile/valeronitrile(17:3)",TiO2 film,,-,1 mM CDCA,-,1,0
403.0,3.56,0.633,0.91,"0.1-M Lithium iodide, 0.05-M I2, 0.6-M 1,3-dimethyl-3-imidazolinium iodine and 0.05-M 4-tert-butylpyridine(tBP) in acetonitrile/valeronitrile(17:3)",TiO2 film,,-,-,-,0,0
797.0,11.9,0.638,6.05,"0.3 M 1,2-dimethyl-3-propylimidazolium iodide (DMPII), 0.1 M LiI, 0.05 M I2, and 0.5 M 4-tert-butylpyridine in acetonitrile (ACN)",TiO2 film (12 um thick + 4 um scattering layer),0.16,121 nmol/cm2,-,-,0,0
577.46,2.89,0.53,1.04,"0.05 M I2, 0.5 M KI, 0.5 M 4-tert-butyl pyridine (TBP) in 2-methoxypropionitrile",TiO2 film,,-,-,-,0,0
373.0,6.32,0.608,1.43,"0.1-M Lithium iodide, 0.05-M I2, and 0.6-M 1,3-dimethyl-3-imidazolinium iodine in acetonitrile / valeronitrile(17:3)",TiO2 film,,-,-,-,0,0
508.0,9.88,0.58,2.91,"0.1-M Lithium iodide, 0.05-M I2, 0.6-M 1,3-dimethyl-3-imidazolinium iodine and 0.05-M 4-tert-butylpyridine(tBP) in acetonitrile/valeronitrile(17:3)",TiO2 film,,-,1 mM CDCA,-,1,0
462.0,8.69,0.502,2.01,"0.1-M Lithium iodide, 0.05-M I2, and 0.6-M 1,3-dimethyl-3-imidazolinium iodine in acetonitrile / valeronitrile(17:3)",TiO2 film,,-,1 mM CDCA,-,1,0
510.0,10.89,0.668,3.71,"0.1-M Lithium iodide, 0.05-M I2, 0.6-M 1,3-dimethyl-3-imidazolinium iodine and 0.05-M 4-tert-butylpyridine(tBP) in acetonitrile/valeronitrile(17:3)",TiO2 film,,-,-,-,0,0
447.0,14.69,0.504,3.31,"0.1-M Lithium iodide, 0.05-M I2, and 0.6-M 1,3-dimethyl-3-imidazolinium iodine in acetonitrile / valeronitrile(17:3)",TiO2 film,,-,-,-,0,0
656.0,18.99,0.678,8.43,"0.10 M lithium iodide, 0.60 M butylmethylimidazolium iodide, 0.05 M I2, and 0.05 M 4-tert-butylpyridine in acetonitrile : valeronitrile (v/v, 85:15)",TiO2 film (14+5 um),,-,-,-,0,0
644.0,19.86,0.694,8.85,"0.10 M lithium iodide, 0.60 M butylmethylimidazolium iodide, 0.05 M I2, and 0.05 M 4-tert-butylpyridine in acetonitrile : valeronitrile (v/v, 85:15)",TiO2 film (14+5 um),,-,1 M CDCA,-,1,0
710.0,18.68,0.707,9.4,"0.10 M lithium iodide, 0.60 M butylmethylimidazolium iodide, 0.05 M I2, and 0.05 M 4-tert-butylpyridine in acetonitrile : valeronitrile (v/v, 85:15)",TiO2 film (14+5 um),,-,1 M CDCA,-,1,0
568.0,4.63,0.67,1.79,"0.6 M PMII (1-propyl-3-methylimidazolium iodide), 0.05 M I2, 0.10 M LiI and 0.5 M 4-tert-butylpyridine in a mixture of acetonitrile and methoxypropionitrile (v/v, 7:3)",TiO2 film (10+4 um),0.158,356 nmol/cm2,-,-,0,0
725.0,10.38,0.62,4.58,"0.6 M PMII (1-propyl-3-methylimidazolium iodide), 0.05 M I2, 0.10 M LiI and 0.5 M 4-tert-butylpyridine in a mixture of acetonitrile and methoxypropionitrile (v/v, 7:3)",TiO2 film (10+4 um),0.158,418 nmol/cm2,-,-,0,0
651.0,10.63,0.64,4.46,"0.6 M PMII (1-propyl-3-methylimidazolium iodide), 0.05 M I2, 0.10 M LiI and 0.5 M 4-tert-butylpyridine in a mixture of acetonitrile and methoxypropionitrile (v/v, 7:3)",TiO2 film (10+4 um),0.158,387 nmol/cm2,-,-,0,0
632.0,6.43,0.65,2.53,"0.6 M PMII (1-propyl-3-methylimidazolium iodide), 0.05 M I2, 0.10 M LiI and 0.5 M 4-tert-butylpyridine in a mixture of acetonitrile and methoxypropionitrile (v/v, 7:3)",TiO2 film (10+4 um),0.158,243 nmol/cm2,-,-,0,0
552.0,3.07,0.61,1.04,"1-butyl-3-methylimidazolium iodide (BMII)/I2/benzimidazole (BI)/GuSCN (w/w, 40/1.67/0.67/3.33)",TiO2 film (10+4 um),0.158,-,-,-,0,0
698.0,9.39,0.51,3.37,"1-butyl-3-methylimidazolium iodide (BMII)/I2/benzimidazole (BI)/GuSCN (w/w, 40/1.67/0.67/3.33)",TiO2 film (10+4 um),0.158,-,-,-,0,0
640.0,7.76,0.51,2.38,"1-butyl-3-methylimidazolium iodide (BMII)/I2/benzimidazole (BI)/GuSCN (w/w, 40/1.67/0.67/3.33)",TiO2 film (10+4 um),0.158,-,-,-,0,0
630.0,6.13,0.56,2.34,"1-butyl-3-methylimidazolium iodide (BMII)/I2/benzimidazole (BI)/GuSCN (w/w, 40/1.67/0.67/3.33)",TiO2 film (10+4 um),0.158,-,-,-,0,0
601.0,8.46,0.76,3.86,"1.0 M 1,3-dimethylimidazolium iodide, 0.03 M I2, 0.05 M lithium iodide, 0.1 M guanidinium thiocyanate and 0.5 M tert-butylpyridine in acetonitrile and valeronitrile solvent mixture (85:15 v/v)",TiO2 film (8+5 um),0.159,6.37e20 mols/mm,-,-,0,0
657.0,17.5,0.74,8.56,"1.0 M 1,3-dimethylimidazolium iodide, 0.03 M I2, 0.05 M lithium iodide, 0.1 M guanidinium thiocyanate and 0.5 M tert-butylpyridine in acetonitrile and valeronitrile solvent mixture (85:15 v/v)",TiO2 film (8+5 um),0.159,4.82e20 mols/mm,2 mM CDCA,-,1,0
618.0,16.25,0.72,7.22,"1.0 M 1,3-dimethylimidazolium iodide, 0.03 M I2, 0.05 M lithium iodide, 0.1 M guanidinium thiocyanate and 0.5 M tert-butylpyridine in acetonitrile and valeronitrile solvent mixture (85:15 v/v)",TiO2 film (8+5 um),0.159,4.45e20 mols/mm,-,-,0,0
646.0,17.82,0.72,8.29,"1.0 M 1,3-dimethylimidazolium iodide, 0.03 M I2, 0.05 M lithium iodide, 0.1 M guanidinium thiocyanate and 0.5 M tert-butylpyridine in acetonitrile and valeronitrile solvent mixture (85:15 v/v)",TiO2 film (8+5 um),0.159,3.97e20 mols/mm,2 mM CDCA,-,1,0
692.0,17.26,0.64,7.63,"1.0 M 1,3-dimethylimidazolium iodide, 0.03 M I2, 0.05 M lithium iodide, 0.1 M guanidinium thiocyanate and 0.5 M tert-butylpyridine in acetonitrile and valeronitrile solvent mixture (85:15 v/v)",TiO2 film (8+5 um),0.159,5.34e20 mols/mm,-,-,0,0
689.0,18.28,0.71,8.99,"1.0 M 1,3-dimethylimidazolium iodide, 0.03 M I2, 0.05 M lithium iodide, 0.1 M guanidinium thiocyanate and 0.5 M tert-butylpyridine in acetonitrile and valeronitrile solvent mixture (85:15 v/v)",TiO2 film (8+5 um),0.159,4.96e20 mols/mm,2 mM CDCA,-,1,0
689.0,16.99,0.7,8.15,"1.0 M 1,3-dimethylimidazolium iodide, 0.03 M I2, 0.05 M lithium iodide, 0.1 M guanidinium thiocyanate and 0.5 M tert-butylpyridine in acetonitrile and valeronitrile solvent mixture (85:15 v/v)",TiO2 film (8+5 um),0.159,4.18e20 mols/mm,-,-,0,0
640.0,5.6,0.66,2.4,"0.5 M LiI, 0.01 M I2, 0.6 M dimethylpropyl imidazolium iodide, and 0.5 M 4-t-butylpyridine in acetonitrile",TiO2 film 10 um thick,,-,-,-,0,0
638.0,19.08,0.682,8.26,"0.10 M lithium iodide, 0.60 M butylmethylimidazolium iodide, 0.05 M I2, and 0.05 M 4-tert-butylpyridine in acetonitrile : valeronitrile (v/v, 85:15)",TiO2 film (14+5 um),,-,-,-,0,0
702.0,17.88,0.67,8.4,"1.0 M 1,3-dimethylimidazolium iodide, 0.03 M I2, 0.05 M lithium iodide, 0.1 M guanidinium thiocyanate and 0.5 M tert-butylpyridine in acetonitrile and valeronitrile solvent mixture (85:15 v/v)",TiO2 film (8+5 um),0.159,3.43e20 mols/mm,2 mM CDCA,-,1,0
649.0,17.95,0.73,8.56,"1.0 M 1,3-dimethylimidazolium iodide, 0.03 M I2, 0.05 M lithium iodide, 0.1 M guanidinium thiocyanate and 0.5 M tert-butylpyridine in acetonitrile and valeronitrile solvent mixture (85:15 v/v)",TiO2 film (8+5 um),0.159,-,20 mM CDCA,-,1,0
661.0,17.93,0.74,8.9,"1.0 M 1,3-dimethylimidazolium iodide, 0.03 M I2, 0.05 M lithium iodide, 0.1 M guanidinium thiocyanate and 0.5 M tert-butylpyridine in acetonitrile and valeronitrile solvent mixture (85:15 v/v)",TiO2 film (8+5 um),0.159,-,20 mM CDCA,-,1,0
702.0,18.15,0.71,9.02,"1.0 M 1,3-dimethylimidazolium iodide, 0.03 M I2, 0.05 M lithium iodide, 0.1 M guanidinium thiocyanate and 0.5 M tert-butylpyridine in acetonitrile and valeronitrile solvent mixture (85:15 v/v)",TiO2 film (8+5 um),0.159,-,20 mM CDCA,-,1,0
696.0,18.0,0.72,9.04,"1.0 M 1,3-dimethylimidazolium iodide, 0.03 M I2, 0.05 M lithium iodide, 0.1 M guanidinium thiocyanate and 0.5 M tert-butylpyridine in acetonitrile and valeronitrile solvent mixture (85:15 v/v)",TiO2 film (8+5 um),0.159,-,20 mM CDCA,-,1,0
649.0,18.53,0.71,8.49,"0.6 M 1-butyl-3-methylimidiazolium iodide (BMII), 0.1 M LiI, 0.05 M I2, and 0.6 M tert-butylpyridine (TBP) in acetonitrile",TiO2 film (12+4 uM),0.142,-,30 mM DCA,-,1,0
614.0,12.28,0.68,5.09,"0.6 M 1-butyl-3-methylimidiazolium iodide (BMII), 0.1 M LiI, 0.05 M I2, and 0.6 M tert-butylpyridine (TBP) in acetonitrile",TiO2 film (12+4 uM),0.142,-,-,-,0,0
627.0,15.29,0.72,6.84,"0.6 M 1-butyl-3-methylimidiazolium iodide (BMII), 0.1 M LiI, 0.05 M I2, and 0.6 M tert-butylpyridine (TBP) in acetonitrile",TiO2 film (12+4 uM),0.142,-,30 mM DCA,-,1,0
622.0,9.77,0.65,3.99,"0.6 M 1-butyl-3-methylimidiazolium iodide (BMII), 0.1 M LiI, 0.05 M I2, and 0.6 M tert-butylpyridine (TBP) in acetonitrile",TiO2 film (12+4 uM),0.142,-,-,-,0,0
639.0,11.63,0.68,5.08,"0.6 M 1-butyl-3-methylimidiazolium iodide (BMII), 0.1 M LiI, 0.05 M I2, and 0.6 M tert-butylpyridine (TBP) in acetonitrile",TiO2 film (12+4 uM),0.142,-,30 mM DCA,-,1,0
645.0,18.75,0.538,6.51,"0.1 M LiI, 0.05M I2, and 0.6 M DMPII in 3-methoxypropionitrile",TiO2 film (12 uM thick),0.16,-,1 mM CDCA,-,1,0
584.0,17.5,0.538,5.5,"0.1 M LiI, 0.05M I2, and 0.6 M DMPII in 3-methoxypropionitrile",TiO2 film (12 um thick),0.16,-,1 mM CDCA,-,1,0
628.0,17.38,0.513,5.6,"0.1 M LiI, 0.05M I2, and 0.6 M DMPII in 3-methoxypropionitrile",TiO2 film (12 um thick),0.16,-,1 mM CDCA,-,1,0
569.0,19.56,0.533,5.93,"0.1 M LiI, 0.05M I2, and 0.6 M DMPII in 3-methoxypropionitrile",TiO2 film (12 um thick),0.16,-,1 mM CDCA,-,1,0
690.0,6.22,0.7,3.0,"0.6 M DMPImI, 0.1 M LiI, 0.05 M I2, 0.5 M TBP in acetonitrile",TiO2 6uM thickness,0.2399,-,-,0.92e-04 mol/cm3,0,1
670.0,8.1,0.74,4.0,"0.6 M 1,2-dimethyl-3-n-propylimidazolium iodide (DMPImI), 0.1 M LiI, 0.2 M I2, 0.5 M 4-tert-butylpyridine (TBP) in acetonitrile",TiO2 film (5 uM),0.2354,-,-,-,0,0
680.0,8.5,0.76,4.4,"0.6 M 1,2-dimethyl-3-n-propylimidazolium iodide (DMPImI), 0.1 M LiI, 0.2 M I2, 0.5 M 4-tert-butylpyridine (TBP) in acetonitrile",TiO2 film (5 uM),0.2354,-,0.1 mM DCA,-,1,0
730.0,9.5,0.74,5.1,"0.6 M 1,2-dimethyl-3-n-propylimidazolium iodide (DMPImI), 0.1 M LiI, 0.2 M I2, 0.5 M 4-tert-butylpyridine (TBP) in acetonitrile",TiO2 film (5 uM),0.2354,-,-,-,0,0
700.0,13.8,0.77,7.4,"0.6 M 1,2-dimethyl-3-n-propylimidazolium iodide (DMPImI), 0.1 M LiI, 0.2 M I2, 0.5 M 4-tert-butylpyridine (TBP) in acetonitrile",TiO2 film (9+5 uM),0.2354,-,-,-,0,0
700.0,14.6,0.76,7.8,"0.6 M 1,2-dimethyl-3-n-propylimidazolium iodide (DMPImI), 0.1 M LiI, 0.2 M I2, 0.5 M 4-tert-butylpyridine (TBP) in acetonitrile",TiO2 film (9+5 uM),0.2354,-,-,-,0,0
660.0,15.0,0.74,7.3,"0.6 M 1,2-dimethyl-3-n-propylimidazolium iodide (DMPImI), 0.1 M LiI, 0.2 M I2, 0.5 M 4-tert-butylpyridine (TBP) in acetonitrile",TiO2 film (9+5 uM),0.2354,-,-,-,0,0
558.0,7.8,0.59,2.57,0.1 M I2 and 1 M tetrapropylammonium iodide (TPAI) in a 4:1 (by volume) mixture of ethylene carbonate and acetonitrile,ZnO film 4.3 um thick,0.28,-,-,-,0,0
581.0,5.0,0.64,1.84,0.1 M I2 and 1 M tetrapropylammonium iodide (TPAI) in a 4:1 (by volume) mixture of ethylene carbonate and acetonitrile,ZnO film 4.3 um thick,0.28,-,-,-,0,0
578.0,6.0,0.59,2.04,0.1 M I2 and 1 M tetrapropylammonium iodide (TPAI) in a 4:1 (by volume) mixture of ethylene carbonate and acetonitrile,ZnO film 4.3 um thick,0.28,-,-,-,0,0
403.0,5.1,0.52,1.04,0.1 M I2 and 1 M tetrapropylammonium iodide (TPAI) in a 4:1 (by volume) mixture of ethylene carbonate and acetonitrile,ZnO film 4.3 um thick,0.28,-,-,D149,0,1
620.0,9.35,0.71,4.12,Iodolyte AN-50,TiO2 film (8-12 um thick),0.18,-,-,-,0,0
640.0,8.3,0.72,3.82,Iodolyte AN-50,TiO2 film (8-12 um thick),0.18,-,-,-,0,0
628.0,14.16,0.66,5.87,"0.6 M 1-butyl-3-methylimidiazolium iodide (BMII), 0.1 M LiI, 0.05 M I2, and 0.6 M tert-butylpyridine (TBP) in acetonitrile",TiO2 film (12+4 uM),0.142,-,-,-,0,0
557.0,5.8,0.64,2.06,0.1 M I2 and 1 M tetrapropylammonium iodide (TPAI) in a 4:1 (by volume) mixture of ethylene carbonate and acetonitrile,ZnO film 4.3 um thick,0.28,-,cholic acid,-,1,0
579.0,6.7,0.63,2.42,0.1 M I2 and 1 M tetrapropylammonium iodide (TPAI) in a 4:1 (by volume) mixture of ethylene carbonate and acetonitrile,ZnO film 4.3 um thick,0.28,-,octanoic acid,D131,1,1
457.0,2.7,0.61,0.74,0.1 M I2 and 1 M tetrapropylammonium iodide (TPAI) in a 4:1 (by volume) mixture of ethylene carbonate and acetonitrile,ZnO film 4.3 um thick,0.28,-,cholic acid,-,1,0
539.0,8.6,0.55,2.55,0.1 M I2 and 1 M tetrapropylammonium iodide (TPAI) in a 4:1 (by volume) mixture of ethylene carbonate and acetonitrile,ZnO film 4.3 um thick,0.28,-,octanoic acid,D149/D131,1,1
710.0,9.46,0.64,4.31,"0.5 M LiI, 0.05 M I2, and 0.1 M 4-tert-butylpyridine in 1:1 acetonitrile-propylene carbonate",TiO2 film,,-,-,-,0,0
690.0,10.25,0.61,4.31,"0.5 M LiI, 0.05 M I2, and 0.1 M 4-tert-butylpyridine in 1:1 acetonitrile-propylene carbonate",TiO2 film,,-,-,-,0,0
639.0,14.3,0.75,6.85,"0.1 M LiI, 0.05 M I2, 0.6 M 1,2-dimethyl-3-N-propylimidazolium iodide and 0.5 m TBP in dehydrated acetonitrile",TiO2 film (8+5 uM),0.2304,-,-,-,0,0
629.0,10.4,0.71,4.64,"0.1 M LiI, 0.05 M I2, 0.6 M 1,2-dimethyl-3-N-propylimidazolium iodide and 0.5 m TBP in dehydrated acetonitrile",TiO2 film (8+5 uM),0.2304,-,-,-,0,0
604.0,12.91,0.68,5.31,"0.1 M LiI, 0.05 M I2, 0.6 M 1,2-dimethyl-3-N-propylimidazolium iodide and 0.5 m TBP in dehydrated acetonitrile",TiO2 film (12+4 uM),0.2304,-,-,-,0,0
633.0,14.28,0.75,6.78,"0.1 M LiI, 0.05 M I2, 0.6 M 1,2-dimethyl-3-N-propylimidazolium iodide and 0.5 m TBP in dehydrated acetonitrile",TiO2 film (12+4 uM),0.2304,-,20 mM DCA,-,1,0
672.0,15.0,0.77,7.76,"0.1 M LiI, 0.05 M I2, 0.6 M 1,2-dimethyl-3-N-propylimidazolium iodide and 0.5 m TBP in dehydrated acetonitrile",TiO2 film (12+4 uM),0.2304,-,-,-,0,0
673.0,14.15,0.76,7.23,"0.1 M LiI, 0.05 M I2, 0.6 M 1,2-dimethyl-3-N-propylimidazolium iodide and 0.5 m TBP in dehydrated acetonitrile",TiO2 film (12+4 uM),0.2304,-,20 mM DCA,-,1,0
640.0,7.63,0.72,3.5,"0.6 M DMPImI, 0.1 M LiI, 0.05 M I2, 0.5 M TBP in acetonitrile",TiO2 6uM thickness,0.2399,-,-,0.73e-04 mol/cm3,0,1
690.0,6.89,0.75,3.6,"0.6 M DMPImI, 0.1 M LiI, 0.05 M I2, 0.5 M TBP in acetonitrile",TiO2 6uM thickness,0.2399,-,-,0.99e-04 mol/cm3,0,1
670.0,8.0,0.72,3.9,"0.6 M DMPImI, 0.1 M LiI, 0.05 M I2, 0.5 M TBP in acetonitrile",TiO2 6uM thickness,0.2399,-,-,0.93e-04 mol/cm3,0,1
570.0,8.74,0.74,3.7,"0.6 M DMPImI, 0.1 M LiI, 0.05 M I2, 0.5 M TBP in acetonitrile",TiO2 6uM thickness,0.2399,-,-,0.69e-04 mol/cm3,0,1
686.0,14.8,0.68,6.9,"0.25 M 1,2-dimethyl-3-n-propylimidazolium iodide (DMPImI), 0.1 M LiTFSI, 0.05 M I2, and 0.5 M TBP in acetonitrile",TiO2 film (3 uM thick),0.156,-,-,-,0,0
640.0,13.3,0.69,5.87,"0.25 M 1,2-dimethyl-3-n-propylimidazolium iodide (DMPImI), 0.1 M LiTFSI, 0.05 M I2, and 0.5 M TBP in acetonitrile",TiO2 film (3 uM thick),0.156,-,-,-,0,0
750.0,11.4,0.66,5.64,"0.25 M [Co(II)(phen)3](PF6)2, 0.05 M [Co(III) (phen)3](PF6)3, 0.5 M 4-tertpyridine (TBP) and 0.1 M LiTFSI in acetonitrile",TiO2 film (3 uM thick),0.156,-,-,-,0,0
676.0,13.5,0.68,6.2,"0.25 M 1,2-dimethyl-3-n-propylimidazolium iodide (DMPImI), 0.1 M LiTFSI, 0.05 M I2, and 0.5 M TBP in acetonitrile",TiO2 film (3 uM thick),0.156,-,-,-,0,0
770.0,11.5,0.67,5.93,"0.25 M [Co(II)(phen)3](PF6)2, 0.05 M [Co(III) (phen)3](PF6)3, 0.5 M 4-tertpyridine (TBP) and 0.1 M LiTFSI in acetonitrile",TiO2 film (3 uM thick),0.156,-,-,-,0,0
650.0,16.0,0.69,7.18,"0.25 M 1,2-dimethyl-3-n-propylimidazolium iodide (DMPImI), 0.1 M LiTFSI, 0.05 M I2, and 0.5 M TBP in acetonitrile",TiO2 film (6 uM thick),0.156,-,-,-,0,0
635.0,17.8,0.68,7.69,"0.25 M [Co(II)(phen)3](PF6)2, 0.05 M [Co(III) (phen)3](PF6)3, 0.5 M 4-tertpyridine (TBP) and 0.1 M LiTFSI in acetonitrile",TiO2 film (12 uM thick),0.156,-,-,-,0,0
775.0,13.6,0.67,7.06,"0.25 M 1,2-dimethyl-3-n-propylimidazolium iodide (DMPImI), 0.1 M LiTFSI, 0.05 M I2, and 0.5 M TBP in acetonitrile",TiO2 film (6 uM thick),0.156,-,-,-,0,0
720.0,10.8,0.68,5.29,"0.25 M [Co(II)(phen)3](PF6)2, 0.05 M [Co(III) (phen)3](PF6)3, 0.5 M 4-tertpyridine (TBP) and 0.1 M LiTFSI in acetonitrile",TiO2 film (12 uM thick),0.156,-,-,-,0,0
650.0,6.0,0.66,2.6,"0.5 M LiI, 0.01 M I2, 0.6 M dimethylpropyl imidazolium iodide, and 0.5 M 4-t-butylpyridine in acetonitrile",TiO2 film 10 um thick,,-,-,-,0,0
589.0,11.8,0.73,5.07,"0.1 M LiI, 0.05 M I2, 0.6 M 1,2-dimethyl-3-N-propylimidazolium iodide and 0.5 m TBP in dehydrated acetonitrile",TiO2 film (8+5 uM),0.2304,-,-,-,0,0
800.0,13.0,0.66,6.86,"0.25 M [Co(II)(phen)3](PF6)2, 0.05 M [Co(III) (phen)3](PF6)3, 0.5 M 4-tertpyridine (TBP) and 0.1 M LiTFSI in acetonitrile",TiO2 film (3 uM thick),0.156,-,-,-,0,0
631.0,15.2,0.69,6.62,"0.25 M 1,2-dimethyl-3-n-propylimidazolium iodide (DMPImI), 0.1 M LiTFSI, 0.05 M I2, and 0.5 M TBP in acetonitrile",TiO2 film (6 uM thick),0.156,-,-,-,0,0
620.0,16.5,0.69,7.05,"0.25 M [Co(II)(phen)3](PF6)2, 0.05 M [Co(III) (phen)3](PF6)3, 0.5 M 4-tertpyridine (TBP) and 0.1 M LiTFSI in acetonitrile",TiO2 film (12 uM thick),0.156,-,-,-,0,0
708.0,11.6,0.68,5.58,"0.25 M 1,2-dimethyl-3-n-propylimidazolium iodide (DMPImI), 0.1 M LiTFSI, 0.05 M I2, and 0.5 M TBP in acetonitrile",TiO2 film (6 uM thick),0.156,-,-,-,0,0
635.0,8.5,0.67,3.62,"0.25 M [Co(II)(phen)3](PF6)2, 0.05 M [Co(III) (phen)3](PF6)3, 0.5 M 4-tertpyridine (TBP) and 0.1 M LiTFSI in acetonitrile",TiO2 film (12 uM thick),0.156,-,-,-,0,0
655.0,14.0,0.68,6.5,"0.25 M 1,2-dimethyl-3-n-propylimidazolium iodide (DMPImI), 0.1 M LiTFSI, 0.05 M I2, and 0.5 M TBP in acetonitrile",TiO2 film (6 uM thick),0.156,-,-,-,0,0
630.0,14.9,0.68,6.38,"0.25 M [Co(II)(phen)3](PF6)2, 0.05 M [Co(III) (phen)3](PF6)3, 0.5 M 4-tertpyridine (TBP) and 0.1 M LiTFSI in acetonitrile",TiO2 film (12 uM thick),0.156,-,-,-,0,0
762.0,12.0,0.66,6.03,"0.25 M 1,2-dimethyl-3-n-propylimidazolium iodide (DMPImI), 0.1 M LiTFSI, 0.05 M I2, and 0.5 M TBP in acetonitrile",TiO2 film (6 uM thick),0.156,-,-,-,0,0
718.0,9.0,0.66,4.26,"0.25 M [Co(II)(phen)3](PF6)2, 0.05 M [Co(III) (phen)3](PF6)3, 0.5 M 4-tertpyridine (TBP) and 0.1 M LiTFSI in acetonitrile",TiO2 film (12 uM thick),0.156,-,-,-,0,0
520.0,4.5,0.63,1.48,Iodolyte AN-50,TiO2 film (8-12 um thick),0.18,-,-,-,0,0
560.0,13.18,0.63,4.68,"1-butyl-3-methylimidazolium iodide (0.6 M), I2 (0.05 M), LiI (0.1 M), and 4-tert-butylpyridine (0.05 M) in acetonitrile:valeronitrile (85:15 v/v)",TiO2 film (8 um thick),0.3,-,0.4 mM DCA,-,1,0
600.0,15.66,0.65,6.11,"1-butyl-3-methylimidazolium iodide (0.6 M), I2 (0.05 M), LiI (0.1 M), and 4-tert-butylpyridine (0.05 M) in acetonitrile:valeronitrile (85:15 v/v)",TiO2 film (8 um thick),0.3,-,0.4 mM DCA,-,1,0
600.0,5.39,0.74,2.35,"0.8 M 1,3-dimethylimidazolium iodide (DMII), 0.15 M iodine, 0.5 M methylbenzimidazole and 0.1 M guanadinium thiocyanate in 3-methoxypropionitrile (MPN)",TiO2 film (7 um thick),0.25,-,-,-,0,0
720.0,10.8,0.732,5.7,"1.0 m 1,3-dimethylimidazolium iodide, 0.03 m iodine, 0.5 m tert-butylpyridine, 0.05 m LiI, 0.1m guanidinium thiocyanate), in an 85:15 acetonitrile/valeronitrile",TiO2 film (2.4 um thick),0.16,-,0.4 mM CDCA,-,1,0
650.0,7.63,0.72,3.5,"0.6 M DMPImI, 0.1 M LiI, 0.05 M I2, 0.5 M TBP in acetonitrile",TiO2 6uM thickness,0.2399,-,-,-,0,0
802.0,6.89,0.75,3.6,"0.6 M DMPImI, 0.1 M LiI, 0.05 M I2, 0.5 M TBP in acetonitrile",TiO2 6uM thickness,0.2399,-,-,-,0,0
936.0,8.0,0.72,3.9,"0.6 M DMPImI, 0.1 M LiI, 0.05 M I2, 0.5 M TBP in acetonitrile",TiO2 6uM thickness,0.2399,-,-,-,0,0
791.0,8.74,0.74,3.7,"0.6 M DMPImI, 0.1 M LiI, 0.05 M I2, 0.5 M TBP in acetonitrile",TiO2 6uM thickness,0.2399,-,-,-,0,0
930.0,7.82,0.66,3.4,"0.6 M DMPImI, 0.1 M LiI, 0.05 M I2, 0.5 M TBP in acetonitrile",TiO2 6uM thickness,0.2399,-,-,-,0,0
826.0,6.22,0.7,3.0,"0.6 M DMPImI, 0.1 M LiI, 0.05 M I2, 0.5 M TBP in acetonitrile",TiO2 6uM thickness,0.2399,-,-,-,0,0
671.0,13.35,0.693,6.21,"0.5 M 1-butyl-3-methylimidazolium iodide (BMII), 0.1 M 1,2-dimethyl-3-propylimidazolium iodide (DMPII), 0.1 M LiI, 0.05 M I2, 0.1 M guanidinium thiocyanate (GuSCN) and 0.5 M tert-butylpyridine (TBP) in an 85/15 mixture of acetonitrile and valeronitrile",TiO2 film (12 um thick + 4 um scattering layer),,-,-,-,0,0
662.0,13.25,0.669,5.87,"0.5 M 1-butyl-3-methylimidazolium iodide (BMII), 0.1 M 1,2-dimethyl-3-propylimidazolium iodide (DMPII), 0.1 M LiI, 0.05 M I2, 0.1 M guanidinium thiocyanate (GuSCN) and 0.5 M tert-butylpyridine (TBP) in an 85/15 mixture of acetonitrile and valeronitrile",TiO2 film (12 um thick + 4 um scattering layer),,-,-,triphenylamine,0,1
709.0,17.84,0.681,8.61,"0.5 M 1-butyl-3-methylimidazolium iodide (BMII), 0.1 M 1,2-dimethyl-3-propylimidazolium iodide (DMPII), 0.1 M LiI, 0.05 M I2, 0.1 M guanidinium thiocyanate (GuSCN) and 0.5 M tert-butylpyridine (TBP) in an 85/15 mixture of acetonitrile and valeronitrile",TiO2 film (12 um thick + 4 um scattering layer),,-,-,-,0,0
694.0,19.84,0.706,9.72,"0.5 M 1-butyl-3-methylimidazolium iodide (BMII), 0.1 M 1,2-dimethyl-3-propylimidazolium iodide (DMPII), 0.1 M LiI, 0.05 M I2, 0.1 M guanidinium thiocyanate (GuSCN) and 0.5 M tert-butylpyridine (TBP) in an 85/15 mixture of acetonitrile and valeronitrile",TiO2 film (12 um thick + 4 um scattering layer),,-,-,triphenylamine,0,1
770.0,8.2,0.64,4.0,"0.22 M [Co(bpy)2]2+, 0.05 M [Co(bpy)3]3+, 0.1 M LiClO4 and 0.5 M 4-tert-butylpyridine in acetonitrile",TiO2 film 13 um thick,0.25,-,-,-,0,0
710.0,12.7,0.68,6.2,"0.22 M [Co(bpy)2]2+, 0.05 M [Co(bpy)3]3+, 0.1 M LiClO4 and 0.5 M 4-tert-butylpyridine in acetonitrile",TiO2 film 13 um thick,0.25,-,-,-,0,0
600.0,8.64,0.68,3.2,"0.05 M I2, 0.3 M LiI, 0.6 M butylmethylimidazolium iodide, 0.5 M 4-tert-butylpyridine in 4:1 acetonitrile/valeronitrile",TiO2 film (12 um transparent + 4 um scattering layer),0.25,0.0832 nmol/cm2,-,-,0,0
600.0,11.22,0.64,4.22,"0.05 M I2, 0.3 M LiI, 0.6 M butylmethylimidazolium iodide, 0.5 M 4-tert-butylpyridine in 4:1 acetonitrile/valeronitrile",TiO2 film (12 um transparent + 4 um scattering layer),0.25,0.0958 nmol/cm2,-,-,0,0
580.0,11.43,0.64,4.36,"0.05 M I2, 0.3 M LiI, 0.6 M butylmethylimidazolium iodide, 0.5 M 4-tert-butylpyridine in 4:1 acetonitrile/valeronitrile",TiO2 film (12 um transparent + 4 um scattering layer),0.25,0.115 nmol/cm2,-,-,0,0
640.0,9.8,0.65,4.04,"0.05 M I2, 0.3 M LiI, 0.6 M butylmethylimidazolium iodide, 0.5 M 4-tert-butylpyridine in 4:1 acetonitrile/valeronitrile",TiO2 film (12 um transparent + 4 um scattering layer),0.25,-,2 equiv CDCA,-,1,0
580.0,11.59,0.68,4.58,"0.05 M I2, 0.3 M LiI, 0.6 M butylmethylimidazolium iodide, 0.5 M 4-tert-butylpyridine in 4:1 acetonitrile/valeronitrile",TiO2 film (12 um transparent + 4 um scattering layer),0.25,-,2 equiv CDCA,-,1,0
560.0,13.31,0.68,4.79,"0.05 M I2, 0.3 M LiI, 0.6 M butylmethylimidazolium iodide, 0.5 M 4-tert-butylpyridine in 4:1 acetonitrile/valeronitrile",TiO2 film (12 um transparent + 4 um scattering layer),0.25,-,2 equiv CDCA,-,1,0
890.0,16.25,0.737,10.65,"0.22 M Co(bpy)3[B(CN)4]2, 0.06 M Co(bpy)3[B(CN)4]3, 0.1 M LiClO4, and 0.5 M 4-tert-butylpyridine in acetonitrile",TiO2 film (8 uM thick),0.159,-,10 mM CDCA,-,1,0
870.0,8.28,0.759,10.93,"0.22 M Co(bpy)3[B(CN)4]2, 0.06 M Co(bpy)3[B(CN)4]3, 0.1 M LiClO4, and 0.5 M 4-tert-butylpyridine in acetonitrile",TiO2 film (8 uM thick),0.159,-,10 mM CDCA,-,1,0
815.0,1.68,0.779,10.69,"0.22 M Co(bpy)3[B(CN)4]2, 0.06 M Co(bpy)3[B(CN)4]3, 0.1 M LiClO4, and 0.5 M 4-tert-butylpyridine in acetonitrile",TiO2 film (8 uM thick),0.159,-,10 mM CDCA,-,1,0
615.0,13.77,0.705,5.97,"0.6 M 1-butyl-3-methylimidiazolium iodide (BMII), 0.1 M LiI, 0.05 M I2, and 0.6 M tert-butylpyridine (TBP) in acetonitrile",TiO2 film 12 uM thick,,-,15 mM DCA,-,1,0
672.0,16.91,0.717,8.15,"0.6 M 1-butyl-3-methylimidiazolium iodide (BMII), 0.1 M LiI, 0.05 M I2, and 0.6 M tert-butylpyridine (TBP) in acetonitrile",TiO2 film 12 uM thick,,-,15 mM DCA,-,1,0
623.0,11.25,0.63,4.42,"0.05 M I2, 0.10 M LiI, 0.60 M PMII, and 0.50 M 4-TBP in cosolvent of acetonitrile and methoxypropionitrile (volume ratio, 7:3)",TiO2 film (9 uM thick + 8 uM scattering layer),0.25,-,-,-,0,0
649.0,10.89,0.65,4.59,"0.05 M I2, 0.10 M LiI, 0.60 M PMII, and 0.50 M 4-TBP in cosolvent of acetonitrile and methoxypropionitrile (volume ratio, 7:3)",TiO2 film (9 uM thick + 8 uM scattering layer),0.25,-,10 mM CDCA,-,1,0
650.0,10.58,0.69,4.72,"0.05 M I2, 0.10 M LiI, 0.60 M PMII, and 0.50 M 4-TBP in cosolvent of acetonitrile and methoxypropionitrile (volume ratio, 7:3)",TiO2 film (9 uM thick + 8 uM scattering layer),0.25,-,20 mM CDCA,-,1,0
644.0,10.25,0.69,4.54,"0.05 M I2, 0.10 M LiI, 0.60 M PMII, and 0.50 M 4-TBP in cosolvent of acetonitrile and methoxypropionitrile (volume ratio, 7:3)",TiO2 film (9 uM thick + 8 uM scattering layer),0.25,-,saturated CDCA,-,1,0
748.0,10.06,0.68,5.11,"0.05 M I2, 0.10 M LiI, 0.60 M PMII, and 0.50 M 4-TBP in cosolvent of acetonitrile and methoxypropionitrile (volume ratio, 7:3)",TiO2 film (9 uM thick + 8 uM scattering layer),0.25,-,-,-,0,0
622.0,10.0,0.65,4.03,"0.1 M LiI, 0.05 M I2, 0.5 M 1,3-dimethyl-3-imidazolinium iodine in 3-methoxypropionitrile",TiO2 film (12 um thick),0.25,-,-,-,0,0
753.0,9.85,0.68,5.04,"0.05 M I2, 0.10 M LiI, 0.60 M PMII, and 0.50 M 4-TBP in cosolvent of acetonitrile and methoxypropionitrile (volume ratio, 7:3)",TiO2 film (9 uM thick + 8 uM scattering layer),0.25,-,10 mM CDCA,-,1,0
738.0,9.53,0.69,4.85,"0.05 M I2, 0.10 M LiI, 0.60 M PMII, and 0.50 M 4-TBP in cosolvent of acetonitrile and methoxypropionitrile (volume ratio, 7:3)",TiO2 film (9 uM thick + 8 uM scattering layer),0.25,-,20 mM CDCA,-,1,0
705.0,9.14,0.72,4.65,"0.05 M I2, 0.10 M LiI, 0.60 M PMII, and 0.50 M 4-TBP in cosolvent of acetonitrile and methoxypropionitrile (volume ratio, 7:3)",TiO2 film (9 uM thick + 8 uM scattering layer),0.25,-,saturated CDCA,-,1,0
791.0,15.79,0.67,8.38,"0.05 M I2, 0.10 M LiI, 0.60 M PMII, and 0.50 M 4-TBP in cosolvent of acetonitrile and methoxypropionitrile (volume ratio, 7:3)",TiO2 film (9 uM thick + 8 uM scattering layer),0.25,-,-,-,0,0
796.0,13.66,0.66,7.12,"0.05 M I2, 0.10 M LiI, 0.60 M PMII, and 0.50 M 4-TBP in cosolvent of acetonitrile and methoxypropionitrile (volume ratio, 7:3)",TiO2 film (9 uM thick + 8 uM scattering layer),0.25,-,10 mM CDCA,-,1,0
791.0,13.16,0.67,6.98,"0.05 M I2, 0.10 M LiI, 0.60 M PMII, and 0.50 M 4-TBP in cosolvent of acetonitrile and methoxypropionitrile (volume ratio, 7:3)",TiO2 film (9 uM thick + 8 uM scattering layer),0.25,-,20 mM CDCA,-,1,0
767.0,12.43,0.69,6.62,"0.05 M I2, 0.10 M LiI, 0.60 M PMII, and 0.50 M 4-TBP in cosolvent of acetonitrile and methoxypropionitrile (volume ratio, 7:3)",TiO2 film (9 uM thick + 8 uM scattering layer),0.25,-,saturated,-,1,0
737.0,15.33,0.755,8.53,"1.0 M 1,3-dimethylimidazolium iodide, 0.03 M iodine, 0.1 M guanidinium thiocyanate, 0.5 M tert-butylpyridine, 0.05 M lithium iodide in acetonitrile:valeronitrile (85:15, v/v)",TiO2 film (8 uM thick),0.159,-,10 mM CDCA,-,1,0
591.0,8.6,0.73,3.7,"0.60 M BMII, 0.05 M I2, 0.5 M TBP, 0.10 M LiI in of acetonitrile and valeronitrile (volume ratio: 85:15)",TiO2 12uM thick + 4uM scattering layer,0.158,-,CDCA 10M,-,1,0
570.0,15.79,0.55,6.58,"0.5 M LiI, 0.05 M I2 in the mixture of acetonitrile and 3-methoxypropionitrile (volume ratio 7:3)",TiO2 film,0.15,39.6 nmol/cm2,-,-,0,0
374.0,9.25,0.51,1.77,0.5 M lithium iodide (LiI) and 0.05 M iodine (I2) in acetonitrile,TiO2 film (12 uM thick + 4 uM scattering layer),0.283,-,30 mM CDCA,-,1,0
607.0,7.86,0.651,3.1,"0.6MBMII (1-butyl-3-methylimidiazolium iodide), 0.1 M LiI, 0.05 M I2, and 0.6 M tert-TBP in acetonitrile",TiO2 film (8 uM thick + 4 uM scattering layer),0.142,-,-,-,0,0
609.0,11.04,0.676,4.55,"0.6MBMII (1-butyl-3-methylimidiazolium iodide), 0.1 M LiI, 0.05 M I2, and 0.6 M tert-TBP in acetonitrile",TiO2 film (8 uM thick + 4 uM scattering layer),0.142,-,2 mM CDCA,-,1,0
612.0,8.4,0.692,3.56,"0.6MBMII (1-butyl-3-methylimidiazolium iodide), 0.1 M LiI, 0.05 M I2, and 0.6 M tert-TBP in acetonitrile",TiO2 film (8 uM thick + 4 uM scattering layer),0.142,-,5 mM CDCA,-,1,0
615.0,7.8,0.701,3.36,"0.6MBMII (1-butyl-3-methylimidiazolium iodide), 0.1 M LiI, 0.05 M I2, and 0.6 M tert-TBP in acetonitrile",TiO2 film (8 uM thick + 4 uM scattering layer),0.142,-,10 mM CDCA,-,1,0
632.0,10.04,0.701,4.45,"0.6MBMII (1-butyl-3-methylimidiazolium iodide), 0.1 M LiI, 0.05 M I2, and 0.6 M tert-TBP in acetonitrile",TiO2 film (8 uM thick + 4 uM scattering layer),0.142,-,-,-,0,0
642.0,13.23,0.711,6.05,"0.6MBMII (1-butyl-3-methylimidiazolium iodide), 0.1 M LiI, 0.05 M I2, and 0.6 M tert-TBP in acetonitrile",TiO2 film (8 uM thick + 4 uM scattering layer),0.142,-,2 mM CDCA,-,1,0
637.0,12.11,0.703,5.42,"0.6MBMII (1-butyl-3-methylimidiazolium iodide), 0.1 M LiI, 0.05 M I2, and 0.6 M tert-TBP in acetonitrile",TiO2 film (8 uM thick + 4 uM scattering layer),0.142,-,5 mM CDCA,-,1,0
633.0,9.7,0.706,4.34,"0.6MBMII (1-butyl-3-methylimidiazolium iodide), 0.1 M LiI, 0.05 M I2, and 0.6 M tert-TBP in acetonitrile",TiO2 film (8 uM thick + 4 uM scattering layer),0.142,-,10 mM CDCA,-,1,0
750.0,12.1,0.64,5.79,"0.3 M DMPII, 0.1M LiI, 0.05M I2 and 0.5M TBP in CH3CN",TiO2 film (10 uM thick + 4 uM scattering layer),0.196,178 nmol/cm2,-,-,0,0
746.0,10.7,0.68,5.43,"0.3 M DMPII, 0.1M LiI, 0.05M I2 and 0.5M TBP in CH3CN",TiO2 film (10 uM thick + 4 uM scattering layer),0.196,36.7 nmol/cm2,10 mM CDCA,-,1,0
762.0,13.0,0.65,6.46,"0.3 M DMPII, 0.1M LiI, 0.05M I2 and 0.5M TBP in CH3CN",TiO2 film (10 uM thick + 4 uM scattering layer),0.196,136 nmol/cm2,-,-,0,0
758.0,12.1,0.68,6.21,"0.3 M DMPII, 0.1M LiI, 0.05M I2 and 0.5M TBP in CH3CN",TiO2 film (10 uM thick + 4 uM scattering layer),0.196,62.5 nmol/cm2,10 mM CDCA,-,1,0
580.0,4.3,0.69,1.72,AN-50,TiO2 film (10 um transparent + 4 um scattering layer),0.16,-,0.4 mM CDCA,-,1,0
861.0,12.2,0.69,7.25,"0.25 M tris(1,10-phenanthroline)cobalt(II) di[bis-(trifluoromethanesulfonyl)imide], 0.05 M tris(1,10-phenanthroline)-cobalt(III) tris[bis(trifluoromethanesulfonyl)imide], 0.5 M TBP, and 0.1 M LiTFSI in MeCN",TiO2 film (10 uM thick),0.2,-,-,-,0,0
732.0,13.1,0.7,6.71,"0.25 M 1,2-dimethyl-3-n-propylimidazolium iodide (DMPImI), 0.1 M LiTFSI, 0.05 M I2, and 0.5 M TBP in acetonitrile",TiO2 film (10 uM thick),0.2,-,-,-,0,0
943.0,13.3,0.7,8.78,"0.25 M tris(1,10-phenanthroline)cobalt(II) di[bis-(trifluoromethanesulfonyl)imide], 0.05 M tris(1,10-phenanthroline)-cobalt(III) tris[bis(trifluoromethanesulfonyl)imide], 0.5 M TBP, and 0.1 M LiTFSI in MeCN",TiO2 film (10 uM thick),0.2,-,-,-,0,0
745.0,14.0,0.69,7.19,"0.25 M 1,2-dimethyl-3-n-propylimidazolium iodide (DMPImI), 0.1 M LiTFSI, 0.05 M I2, and 0.5 M TBP in acetonitrile",TiO2 film (10 uM thick),0.2,-,-,-,0,0
845.0,12.7,0.69,7.4,"0.25 M tris(1,10-phenanthroline)cobalt(II) di[bis-(trifluoromethanesulfonyl)imide], 0.05 M tris(1,10-phenanthroline)-cobalt(III) tris[bis(trifluoromethanesulfonyl)imide], 0.5 M TBP, and 0.1 M LiTFSI in MeCN",TiO2 film (10 uM thick),0.2,-,-,-,0,0
720.0,13.8,0.68,6.76,"0.25 M 1,2-dimethyl-3-n-propylimidazolium iodide (DMPImI), 0.1 M LiTFSI, 0.05 M I2, and 0.5 M TBP in acetonitrile",TiO2 film (10 uM thick),0.2,-,-,-,0,0
630.0,16.8,0.6,6.35,"0.05 M I2, 0.3 M LiI, 0.6 M butylmethylimidazolium iodide, 0.5 M 4-tert-butylpyridine in 4:1 acetonitrile/valeronitrile",TiO2 film (12 um transparent + 4 um scattering layer),0.25,-,2 equiv CDCA,-,1,0
660.0,12.1,0.62,4.95,"0.05 M I2, 0.3 M LiI, 0.6 M butylmethylimidazolium iodide, 0.5 M 4-tert-butylpyridine in 4:1 acetonitrile/valeronitrile",TiO2 film (12 um transparent + 4 um scattering layer),0.25,-,2 equiv CDCA,-,1,0
530.0,3.52,0.534,1.04,"0.5M LiI, 0.05M I2 and 1M 4-tert-butylpyridine in propylenecarbonate–acetonitrile (v:v = 1:1)",TiO2,0.3,-,-,-,0,0
580.0,3.94,0.525,1.25,"0.5M LiI, 0.05M I2 and 1M 4-tert-butylpyridine in propylenecarbonate–acetonitrile (v:v = 1:1)",TiO2,0.3,-,-,-,0,0
600.0,3.78,0.605,1.43,"0.5M LiI, 0.05M I2 and 1M 4-tert-butylpyridine in propylenecarbonate–acetonitrile (v:v = 1:1)",TiO2,0.3,-,-,-,0,0
640.0,5.92,0.526,2.08,"0.5M LiI, 0.05M I2 and 1M 4-tert-butylpyridine in propylenecarbonate–acetonitrile (v:v = 1:1)",TiO2,0.3,-,-,-,0,0
676.0,14.12,0.7,6.71,"0.8 M 1-methyl-3-propyl imidazolium iodide (PMII), 0.1 M lithium iodide (LiI), 0.05 M iodine (I2), and 0.5 M 4-tert-butylpyridine dissolved in acetonitrile",TiO2 film (12 um transparent + 6 um scat­tering layer),0.16,-,5 mM CDCA,-,1,0
656.0,12.65,0.7,5.82,"0.8 M 1-methyl-3-propyl imidazolium iodide (PMII), 0.1 M lithium iodide (LiI), 0.05 M iodine (I2), and 0.5 M 4-tert-butylpyridine dissolved in acetonitrile",TiO2 film (12 um transparent + 6 um scat­tering layer),0.16,201 nmol/cm2,-,-,0,0
653.0,19.96,0.694,9.03,"0.10 M lithium iodide, 0.60 M butylmethylimidazolium iodide, 0.05 M I2, and 0.05 M 4-tert-butylpyridine in AcCN:valeronitrile (v/v, 85:15).",TiO2 15.8 um thick,,-,1 mM CDCA,-,1,0
612.0,16.13,0.676,6.67,"0.20M I2 in 1-methyl-3-propylimidazolium iodide, 1-ethyl-3-methylimidazolium bis((trifluoromethyl)sulfonyl)imide, 1-ethyl-3-methylimidazolium triflate (v/v/v, 2:1:1)",TiO2 15.8 um thick,,-,1 mM CDCA,-,1,0
594.0,2.9,0.68,1.18,"0.6 mol/L BMII (1-butyl-3-methyl imidazolium iodide), 0.1 mol/L LiI, 0.05 mol/L I2, 0.5 mol/L TBP (4-tertbutylpyridine) in acetonitrile",TiO2 film (3 um transparent + 4 um scat­tering layer),0.159,-,-,-,0,0
664.0,5.42,0.75,2.7,"0.6 mol/L BMII (1-butyl-3-methyl imidazolium iodide), 0.1 mol/L LiI, 0.05 mol/L I2, 0.5 mol/L TBP (4-tertbutylpyridine) in acetonitrile",TiO2 film (3 um transparent + 4 um scat­tering layer),0.159,-,-,-,0,0
660.0,2.36,0.71,1.1,"0.24 M 1,2-dimethyl-3-n-propylimidazolium iodide (DMPImI), 0.07 M LiI, and 0.018 M I2 in CHCl3/acetonitrile (1/1, v/v)",TiO2 12uM,0.25,-,CDCA 6mM,-,1,0
400.0,2.51,0.55,0.55,"0.24 M 1,2-dimethyl-3-n-propylimidazolium iodide (DMPImI), 0.07 M LiI, and 0.018 M I2 in CHCl3/acetonitrile (1/1, v/v)",TiO2 12uM,0.25,-,-,-,0,0
410.0,2.78,0.62,0.71,"0.24 M 1,2-dimethyl-3-n-propylimidazolium iodide (DMPImI), 0.07 M LiI, and 0.018 M I2 in CHCl3/acetonitrile (1/1, v/v)",TiO2 12uM,0.25,-,-,-,0,0
430.0,2.89,0.63,0.78,"0.24 M 1,2-dimethyl-3-n-propylimidazolium iodide (DMPImI), 0.07 M LiI, and 0.018 M I2 in CHCl3/acetonitrile (1/1, v/v)",TiO2 12uM,0.25,-,-,-,0,0
556.7,7.99,0.73,3.23,"0.6 M DMPII, 0.05 M LiI, 0.05 M I2, and 0.05M TBP in ACN",TiO2 film (12 uM thick + 4 uM scattering layer),0.25,48 nmol/cm2,5 mM CDCA,-,1,0
470.0,4.33,0.65,1.31,"0.24 M 1,2-dimethyl-3-n-propylimidazolium iodide (DMPImI), 0.07 M LiI, and 0.018 M I2 in CHCl3/acetonitrile (1/1, v/v)",TiO2 12uM,0.25,-,-,-,0,0
450.0,3.48,0.62,0.97,"0.24 M 1,2-dimethyl-3-n-propylimidazolium iodide (DMPImI), 0.07 M LiI, and 0.018 M I2 in CHCl3/acetonitrile (1/1, v/v)",TiO2 12uM,0.25,-,-,-,0,0
500.0,7.77,0.59,2.29,"0.24 M 1,2-dimethyl-3-n-propylimidazolium iodide (DMPImI), 0.07 M LiI, and 0.018 M I2 in CHCl3/acetonitrile (1/1, v/v)",TiO2 12uM,0.25,-,-,-,0,0
470.0,3.51,0.63,1.03,"0.24 M 1,2-dimethyl-3-n-propylimidazolium iodide (DMPImI), 0.07 M LiI, and 0.018 M I2 in CHCl3/acetonitrile (1/1, v/v)",TiO2 12uM,0.25,-,-,-,0,0
480.0,3.18,0.63,0.95,"0.24 M 1,2-dimethyl-3-n-propylimidazolium iodide (DMPImI), 0.07 M LiI, and 0.018 M I2 in CHCl3/acetonitrile (1/1, v/v)",TiO2 12uM,0.25,-,-,-,0,0
430.0,2.12,0.6,0.55,"0.24 M 1,2-dimethyl-3-n-propylimidazolium iodide (DMPImI), 0.07 M LiI, and 0.018 M I2 in CHCl3/acetonitrile (1/1, v/v)",TiO2 12uM,0.25,-,-,-,0,0
448.0,10.5,0.58,3.5,"0.1 M LiI, 0.05 M I2, and 0.3 M 1,2-dimethyl-3-propylimidazolium iodide (DMPImI) in Methoxypropionitrile",TiO2 9uM thick,0.175,-,-,-,0,0
760.0,3.4,0.71,1.92,"spiro-OMeTAD (0.2 M) containing tert-butylpyridine (TBP, 0.1 M) and Li(CF3SO2)2N (0.2 M)",TiO2 1.5 um thick,0.36,-,-,-,0,0
552.0,5.3,0.72,2.1,"0.03 M I2, 0.05 M LiI, 0.5 M TBP, 0.1 M GNCS, 1.0 M DMII in acetonitrile and valeronitrile (v/v, 85/15)",TiO2 film (8 um transparent + 5 um scat­tering layer),0.159,-,-,-,0,0
557.0,7.6,0.73,3.1,"0.03 M I2, 0.05 M LiI, 0.5 M TBP, 0.1 M GNCS, 1.0 M DMII in acetonitrile and valeronitrile (v/v, 85/15)",TiO2 film (8 um transparent + 5 um scat­tering layer),0.159,-,2 mM CDCA,-,1,0
626.0,11.2,0.72,5.1,"0.03 M I2, 0.05 M LiI, 0.5 M TBP, 0.1 M GNCS, 1.0 M DMII in acetonitrile and valeronitrile (v/v, 85/15)",TiO2 film (8 um transparent + 5 um scat­tering layer),0.159,-,-,-,0,0
631.0,13.3,0.76,6.4,"0.03 M I2, 0.05 M LiI, 0.5 M TBP, 0.1 M GNCS, 1.0 M DMII in acetonitrile and valeronitrile (v/v, 85/15)",TiO2 film (8 um transparent + 5 um scat­tering layer),0.159,-,2 mM CDCA,-,1,0
543.0,9.2,0.72,3.6,"0.03 M I2, 0.05 M LiI, 0.2 M TBP, 0.1 M GNCS, 1.0 M DMII in acetonitrile and valeronitrile (v/v, 85/15)",TiO2 film (8 um transparent + 5 um scat­tering layer),0.159,-,-,-,0,0
666.0,10.0,0.76,5.1,"0.03 M I2, 0.2 M TBP, 0.1 M GNCS, 1.0 M DMII in acetonitrile and valeronitrile (v/v, 85/15)",TiO2 film (8 um transparent + 5 um scat­tering layer),0.159,-,-,-,0,0
612.0,15.1,0.72,6.7,"0.03 M I2, 0.05 M LiI, 0.2 M TBP, 0.1 M GNCS, 1.0 M DMII in acetonitrile and valeronitrile (v/v, 85/15)",TiO2 film (8 um transparent + 5 um scat­tering layer),0.159,-,-,-,0,0
593.0,15.2,0.66,5.9,"0.03 M I2, 0.15 M LiI, 0.5 M TBP, 0.1 M GNCS, 1.0 M DMII in acetonitrile and valeronitrile (v/v, 85/15)",TiO2 film (8 um transparent + 5 um scat­tering layer),0.159,-,-,-,0,0
674.0,9.71,0.742,4.86,"0.2 M iodine, 0.5 M N-butyl benzimidazole, and 0.1 M GuNCS in a mixture of PMII and 1-ethyl-3-methyl-imidazolium tetracyanoborate (volume ratio 65:35)",TiO2 film (5 um transparent + 7 um scat­tering layer),0.158,-,-,-,0,0
657.0,5.34,0.771,5.11,"0.2 M iodine, 0.5 M N-butyl benzimidazole, and 0.1 M GuNCS in a mixture of PMII and 1-ethyl-3-methyl-imidazolium tetracyanoborate (volume ratio 65:35)",TiO2 film (5 um transparent + 7 um scat­tering layer),0.158,-,-,-,0,0
643.0,3.15,0.783,5.19,"0.2 M iodine, 0.5 M N-butyl benzimidazole, and 0.1 M GuNCS in a mixture of PMII and 1-ethyl-3-methyl-imidazolium tetracyanoborate (volume ratio 65:35)",TiO2 film (5 um transparent + 7 um scat­tering layer),0.158,-,-,-,0,0
707.0,12.52,0.72,6.38,"0.2 M iodine, 0.5 M N-butyl benzimidazole, and 0.1 M GuNCS in a mixture of PMII and 1-ethyl-3-methyl-imidazolium tetracyanoborate (volume ratio 65:35)",TiO2 film (5 um transparent + 7 um scat­tering layer),0.158,-,-,-,0,0
692.0,6.97,0.777,7.01,"0.2 M iodine, 0.5 M N-butyl benzimidazole, and 0.1 M GuNCS in a mixture of PMII and 1-ethyl-3-methyl-imidazolium tetracyanoborate (volume ratio 65:35)",TiO2 film (5 um transparent + 7 um scat­tering layer),0.158,-,-,-,0,0
677.0,4.14,0.785,7.21,"0.2 M iodine, 0.5 M N-butyl benzimidazole, and 0.1 M GuNCS in a mixture of PMII and 1-ethyl-3-methyl-imidazolium tetracyanoborate (volume ratio 65:35)",TiO2 film (5 um transparent + 7 um scat­tering layer),0.158,-,-,-,0,0
728.0,13.73,0.719,7.18,"0.2 M iodine, 0.5 M N-butyl benzimidazole, and 0.1 M GuNCS in a mixture of PMII and 1-ethyl-3-methyl-imidazolium tetracyanoborate (volume ratio 65:35)",TiO2 film (5 um transparent + 7 um scat­tering layer),0.158,-,-,-,0,0
710.0,7.5,0.766,7.71,"0.2 M iodine, 0.5 M N-butyl benzimidazole, and 0.1 M GuNCS in a mixture of PMII and 1-ethyl-3-methyl-imidazolium tetracyanoborate (volume ratio 65:35)",TiO2 film (5 um transparent + 7 um scat­tering layer),0.158,-,-,-,0,0
696.0,4.44,0.781,7.92,"0.2 M iodine, 0.5 M N-butyl benzimidazole, and 0.1 M GuNCS in a mixture of PMII and 1-ethyl-3-methyl-imidazolium tetracyanoborate (volume ratio 65:35)",TiO2 film (5 um transparent + 7 um scat­tering layer),0.158,-,-,-,0,0
604.0,17.76,0.57,6.1,"0.1 M LiI, 0.05 M I2, 0.5 M 1,3-dimethyl-3-imidazolinium iodide in 3-methoxypropionitrile",TiO2 film (15 um thick),0.25,-,-,-,0,0
559.0,18.07,0.55,5.5,"0.1 M LiI, 0.05 M I2, 0.5 M 1,3-dimethyl-3-imidazolinium iodide in 3-methoxypropionitrile",TiO2 film (15 um thick),0.25,-,-,-,0,0
589.0,14.8,0.59,5.11,"0.1 M LiI, 0.05 M I2, 0.5 M 1,3-dimethyl-3-imidazolinium iodine in 3-methoxypropionitrile",TiO2 film (12 um thick),0.25,-,-,-,0,0
688.0,15.3,0.66,6.95,"0.6 M 1,2-dimethyl-3-n-propylimidazolium iodide (DMPImI), 0.1 M LiI, 0.05 M I2, and 0.5 M 4-tert-butylpyridine (TBP) and 0.1 M guanidinium thiocyanate (GNCS) in acetonitrile",TiO2 film (12 um thick),0.158,227 nmol/cm2,5 mM CDCA,-,1,0
725.0,14.9,0.67,7.23,"0.6 M 1,2-dimethyl-3-n-propylimidazolium iodide (DMPImI), 0.1 M LiI, 0.05 M I2, and 0.5 M 4-tert-butylpyridine (TBP) and 0.1 M guanidinium thiocyanate (GNCS) in acetonitrile",TiO2 film (12 um thick),0.158,-,-,TC1,0,1
770.0,16.1,0.66,8.18,"0.6 M 1,2-dimethyl-3-n-propylimidazolium iodide (DMPImI), 0.1 M LiI, 0.05 M I2, and 0.5 M 4-tert-butylpyridine (TBP) and 0.1 M guanidinium thiocyanate (GNCS) in acetonitrile",TiO2 film (12 um thick),0.158,-,-,TC2,0,1
681.0,4.2,0.53,1.5,"0.60 M BMII, 0.05 M I2, 0.5 M TBP, 0.10 M LiI in of acetonitrile and valeronitrile (volume ratio: 85:15)",TiO2 12uM thick + 4uM scattering layer,0.158,-,-,-,0,0
474.0,8.9,0.59,3.1,"0.1 M LiI, 0.05 M I2, and 0.3 M 1,2-dimethyl-3-propylimidazolium iodide (DMPImI) in Methoxypropionitrile",TiO2 9uM thick,0.175,-,-,-,0,0
465.0,6.1,0.55,2.0,"0.1 M LiI, 0.05 M I2, and 0.3 M 1,2-dimethyl-3-propylimidazolium iodide (DMPImI) in Methoxypropionitrile",TiO2 9uM thick,0.175,-,-,-,0,0
452.0,7.6,0.59,2.6,"0.1 M LiI, 0.05 M I2, and 0.3 M 1,2-dimethyl-3-propylimidazolium iodide (DMPImI) in Methoxypropionitrile",TiO2 9uM thick,0.175,-,-,-,0,0
670.0,15.0,0.67,6.73,"0.6 M 1,2-dimethyl-3-n-propylimidazolium iodide (DMPImI), 0.1 M LiI, 0.05 M I2, and 0.5 M 4-tert-butylpyridine (TBP) and 0.1 M guanidinium thiocyanate (GNCS) in acetonitrile",TiO2 film (12 um thick),0.158,255 nmol/cm2,-,-,0,0
621.0,13.3,0.68,5.61,"0.6 M 1,2-dimethyl-3-n-propylimidazolium iodide (DMPImI), 0.1 M LiI, 0.05 M I2, and 0.5 M 4-tert-butylpyridine (TBP) and 0.1 M guanidinium thiocyanate (GNCS) in acetonitrile",TiO2 film (12 um thick),0.158,549 nmol/cm2,-,-,0,0
641.0,13.6,0.67,5.84,"0.6 M 1,2-dimethyl-3-n-propylimidazolium iodide (DMPImI), 0.1 M LiI, 0.05 M I2, and 0.5 M 4-tert-butylpyridine (TBP) and 0.1 M guanidinium thiocyanate (GNCS) in acetonitrile",TiO2 film (12 um thick),0.158,466 nmol/cm2,5 mM CDCA,-,1,0
680.0,13.5,0.67,6.15,"0.6 M 1,2-dimethyl-3-n-propylimidazolium iodide (DMPImI), 0.1 M LiI, 0.05 M I2, and 0.5 M 4-tert-butylpyridine (TBP) and 0.1 M guanidinium thiocyanate (GNCS) in acetonitrile",TiO2 film (12 um thick),0.158,-,-,TC1,0,1
680.0,13.5,0.67,6.15,"0.6 M 1,2-dimethyl-3-n-propylimidazolium iodide (DMPImI), 0.1 M LiI, 0.05 M I2, 0.1 M GuSCN (guanidinium thiocyanate) and 0.5 M tertbutylpyridine in a mixture of acetonitrile and valeronitrile (volume ratio, 85:15)",TiO2 film (9 um thick + 5 um scattering layer),0.2,201 nmol/cm2,-,-,0,0
723.0,14.8,0.66,7.06,"0.6 M 1,2-dimethyl-3-n-propylimidazolium iodide (DMPImI), 0.1 M LiI, 0.05 M I2, and 0.5 M 4-tert-butylpyridine (TBP) and 0.1 M guanidinium thiocyanate (GNCS) in acetonitrile",TiO2 film (12 um thick),0.158,-,-,TC2,0,1
633.0,13.9,0.67,5.89,"0.6 M 1,2-dimethyl-3-n-propylimidazolium iodide (DMPImI), 0.1 M LiI, 0.05 M I2, and 0.5 M 4-tert-butylpyridine (TBP) and 0.1 M guanidinium thiocyanate (GNCS) in acetonitrile",TiO2 film (12 um thick),0.158,449 nmol/cm2,-,-,0,0
660.0,14.2,0.68,6.37,"0.6 M 1,2-dimethyl-3-n-propylimidazolium iodide (DMPImI), 0.1 M LiI, 0.05 M I2, and 0.5 M 4-tert-butylpyridine (TBP) and 0.1 M guanidinium thiocyanate (GNCS) in acetonitrile",TiO2 film (12 um thick),0.158,395 nmol/cm2,5 mM CDCA,-,1,0
690.0,14.1,0.67,6.52,"0.6 M 1,2-dimethyl-3-n-propylimidazolium iodide (DMPImI), 0.1 M LiI, 0.05 M I2, and 0.5 M 4-tert-butylpyridine (TBP) and 0.1 M guanidinium thiocyanate (GNCS) in acetonitrile",TiO2 film (12 um thick),0.158,-,-,TC1,0,1
743.0,15.0,0.66,7.36,"0.6 M 1,2-dimethyl-3-n-propylimidazolium iodide (DMPImI), 0.1 M LiI, 0.05 M I2, and 0.5 M 4-tert-butylpyridine (TBP) and 0.1 M guanidinium thiocyanate (GNCS) in acetonitrile",TiO2 film (12 um thick),0.158,-,-,TC2,0,1
725.0,14.8,0.66,7.08,"0.6 M 1,2-dimethyl-3-n-propylimidazolium iodide (DMPImI), 0.1 M LiI, 0.05 M I2, and 0.5 M 4-tert-butylpyridine (TBP) and 0.1 M guanidinium thiocyanate (GNCS) in acetonitrile",TiO2 film (12 um thick),0.158,232 nmol/cm2,-,-,0,0
690.0,15.2,0.67,7.03,"0.6 M 1,2-dimethyl-3-n-propylimidazolium iodide (DMPImI), 0.1 M LiI, 0.05 M I2, and 0.5 M 4-tert-butylpyridine (TBP) and 0.1 M guanidinium thiocyanate (GNCS) in acetonitrile",TiO2 film (12 um thick),0.158,196 nmol/cm2,5 mM CDCA,-,1,0
744.0,15.0,0.66,7.36,"0.6 M 1,2-dimethyl-3-n-propylimidazolium iodide (DMPImI), 0.1 M LiI, 0.05 M I2, and 0.5 M 4-tert-butylpyridine (TBP) and 0.1 M guanidinium thiocyanate (GNCS) in acetonitrile",TiO2 film (12 um thick),0.158,-,-,TC1,0,1
775.0,15.8,0.66,8.08,"0.6 M 1,2-dimethyl-3-n-propylimidazolium iodide (DMPImI), 0.1 M LiI, 0.05 M I2, and 0.5 M 4-tert-butylpyridine (TBP) and 0.1 M guanidinium thiocyanate (GNCS) in acetonitrile",TiO2 film (12 um thick),0.158,-,-,TC2,0,1
675.0,15.0,0.68,6.88,"0.6 M 1,2-dimethyl-3-n-propylimidazolium iodide (DMPImI), 0.1 M LiI, 0.05 M I2, and 0.5 M 4-tert-butylpyridine (TBP) and 0.1 M guanidinium thiocyanate (GNCS) in acetonitrile",TiO2 film (12 um thick),0.158,-,-,-,0,0
696.0,10.5,0.68,4.97,"0.6 M 1,2-dimethyl-3-n-propylimidazolium iodide (DMPImI), 0.1 M LiI, 0.05 M I2, and 0.5 M 4-tert-butylpyridine (TBP) and 0.1 M guanidinium thiocyanate (GNCS) in acetonitrile",TiO2 film (12 um thick),0.158,-,-,-,0,0
702.0,7.6,0.67,3.57,"0.6 M 1,2-dimethyl-3-n-propylimidazolium iodide (DMPImI), 0.1 M LiI, 0.05 M I2, and 0.5 M 4-tert-butylpyridine (TBP) and 0.1 M guanidinium thiocyanate (GNCS) in acetonitrile",TiO2 film (12 um thick),0.158,-,-,-,0,0
473.0,13.39,0.53,3.5,"0.1 M iodine (I2), 0.1 M lithium iodide (LiI), and 1.0 M 1,2-dimethyl-3-propylimidazolium iodide (DMPImI) in 3-methoxypropionitrile (3-MPN)",TiO2 film (9 um transparent + 5 um scat­tering layer),0.5,-,0.5 DCA,-,1,0
480.0,13.64,0.57,3.75,"0.1 M iodine (I2), 0.1 M lithium iodide (LiI), and 1.0 M 1,2-dimethyl-3-propylimidazolium iodide (DMPImI) in 3-methoxypropionitrile (3-MPN)",TiO2 film (9 um transparent + 5 um scat­tering layer),0.5,-,0.5 DCA,-,1,0
614.0,6.83,0.67,2.83,"0.1 M iodine (I2), and 1.0 M 1,2-dimethyl-3-propylimidazolium iodide (DMPImI) in 3-methoxypropionitrile (3-MPN)",TiO2 film (9 um transparent + 5 um scat­tering layer),0.5,-,0.5 DCA,-,1,0
644.0,4.01,0.76,1.96,"0.1 M iodine (I2), and 1.0 M 1,2-dimethyl-3-propylimidazolium iodide (DMPImI), N-methylimidazole (NMBI) and guanidine thiocyanate (GuNCS) in 3-methoxypropionitrile (3-MPN)",TiO2 film (9 um transparent + 5 um scat­tering layer),0.5,-,0.5 DCA,-,1,0
520.0,13.9,0.57,5.2,"0.1 M LiI, 0.05 M I2, and 0.3 M 1,2-dimethyl-3-propylimidazolium iodide (DMPImI) in Methoxypropionitrile",TiO2 9uM thick,0.175,-,-,-,0,0
499.0,12.7,0.56,4.4,"0.1 M LiI, 0.05 M I2, and 0.3 M 1,2-dimethyl-3-propylimidazolium iodide (DMPImI) in Methoxypropionitrile",TiO2 9uM thick,0.175,-,-,-,0,0
710.0,18.4,0.57,7.47,"0.05 M I2, 0.3 M LiI, 0.6 M butylmethylimidazolium iodide, 0.5 M 4-tert-butylpyridine in 4:1 acetonitrile/valeronitrile",TiO2 film (12 um transparent + 4 um scattering layer),0.25,-,2 equiv CDCA,-,1,0
650.0,11.9,0.68,5.3,"0.1 M LiI, 0.05 M I2, 0.6 M 1, 2-dimethyl-3- N-propylimidazolium iodide and 0.5 M TBP in dehydrated acetonitrile",TiO2 film (16 um thick),0.2304,-,-,-,0,0
600.0,12.9,0.68,5.3,"0.1 M LiI, 0.05 M I2, 0.6 M 1, 2-dimethyl-3- N-propylimidazolium iodide and 0.5 M TBP in dehydrated acetonitrile",TiO2 film (16 um thick),0.2304,-,-,-,0,0
615.0,14.48,0.74,6.62,"0.1 M LiI, 0.4 M I2, 0.4 M TBP in 1-methyl-3-n-propylimidazolium iodide (MPImI)",TiO2 film (16 um thick),0.2304,-,-,-,0,0
650.0,17.7,0.76,8.7,"0.1 M LiI, 0.05 M I2, 0.6 M 1, 2-dimethyl-3- N-propylimidazolium iodide and 0.5 M TBP in dehydrated acetonitrile",TiO2 film (16 um thick),0.2304,-,20 mM DCA,-,1,0
634.0,18.63,0.63,7.41,"0.6 M 1-methyl-3-butyl imidiazolium iodide (MBII), 0.1 M I2, 0.05 M LiI, and 0.5 M tert-butylpyridine (TBP) in acetonitrile",TiO2 film (5 um thick),0.15,-,-,-,0,0
660.0,5.55,0.71,2.6,acetonitrile–ethylene carbonate (v/v = 1:4) mixed solution containing tetrabutylammonium iodide (0.5 mol/dm3) and iodine (0.05 mol/dm3),ZnO film,0.2,-,2 mM cholic acid,-,1,0
690.0,8.09,0.68,3.78,acetonitrile–ethylene carbonate (v/v = 1:4) mixed solution containing tetrabutylammonium iodide (0.5 mol/dm3) and iodine (0.05 mol/dm3),ZnO film,0.2,-,2 mM cholic acid,-,1,0
650.0,7.09,0.68,3.13,acetonitrile–ethylene carbonate (v/v = 1:4) mixed solution containing tetrabutylammonium iodide (0.5 mol/dm3) and iodine (0.05 mol/dm3),ZnO film,0.2,-,-,-,0,0
630.0,8.15,0.62,3.19,acetonitrile–ethylene carbonate (v/v = 1:4) mixed solution containing tetrabutylammonium iodide (0.5 mol/dm3) and iodine (0.05 mol/dm3),ZnO film,0.2,-,2 mM cholic acid,-,1,0
590.0,6.69,0.53,2.08,acetonitrile–ethylene carbonate (v/v = 1:4) mixed solution containing tetrabutylammonium iodide (0.5 mol/dm3) and iodine (0.05 mol/dm3),ZnO film,0.2,-,2 mM cholic acid,-,1,0
660.0,7.42,0.68,3.36,acetonitrile–ethylene carbonate (v/v = 1:4) mixed solution containing tetrabutylammonium iodide (0.5 mol/dm3) and iodine (0.05 mol/dm3),ZnO film,0.2,-,2 mM cholic acid,-,1,0
650.0,7.58,0.67,3.3,acetonitrile–ethylene carbonate (v/v = 1:4) mixed solution containing tetrabutylammonium iodide (0.5 mol/dm3) and iodine (0.05 mol/dm3),ZnO film,0.2,-,-,-,0,0
650.0,9.0,0.66,3.88,acetonitrile–ethylene carbonate (v/v = 1:4) mixed solution containing tetrabutylammonium iodide (0.5 mol/dm3) and iodine (0.05 mol/dm3),ZnO film,0.2,-,2 mM cholic acid,-,1,0
620.0,7.33,0.63,2.83,acetonitrile–ethylene carbonate (v/v = 1:4) mixed solution containing tetrabutylammonium iodide (0.5 mol/dm3) and iodine (0.05 mol/dm3),ZnO film,0.2,-,2 mM cholic acid,-,1,0
590.0,6.44,0.58,2.2,acetonitrile–ethylene carbonate (v/v = 1:4) mixed solution containing tetrabutylammonium iodide (0.5 mol/dm3) and iodine (0.05 mol/dm3),ZnO film,0.2,-,-,-,0,0
680.0,11.08,0.57,4.23,acetonitrile–ethylene carbonate (v/v = 1:4) mixed solution containing tetrabutylammonium iodide (0.5 mol/dm3) and iodine (0.05 mol/dm3),ZnO film,0.2,-,2 mM cholic acid,-,1,0
540.0,6.85,0.64,2.35,acetonitrile–ethylene carbonate (v/v = 1:4) mixed solution containing tetrabutylammonium iodide (0.5 mol/dm3) and iodine (0.05 mol/dm3),ZnO film,0.2,-,2 mM cholic acid,-,1,0
500.0,5.38,0.62,1.68,acetonitrile–ethylene carbonate (v/v = 1:4) mixed solution containing tetrabutylammonium iodide (0.5 mol/dm3) and iodine (0.05 mol/dm3),ZnO film,0.2,-,-,-,0,0
620.0,5.85,0.68,2.45,acetonitrile–ethylene carbonate (v/v = 1:4) mixed solution containing tetrabutylammonium iodide (0.5 mol/dm3) and iodine (0.05 mol/dm3),ZnO film,0.2,-,2 mM cholic acid,-,1,0
570.0,5.55,0.65,2.07,acetonitrile–ethylene carbonate (v/v = 1:4) mixed solution containing tetrabutylammonium iodide (0.5 mol/dm3) and iodine (0.05 mol/dm3),ZnO film,0.2,-,-,-,0,0
590.0,4.4,0.66,1.71,acetonitrile–ethylene carbonate (v/v = 1:4) mixed solution containing tetrabutylammonium iodide (0.5 mol/dm3) and iodine (0.05 mol/dm3),ZnO film,0.2,-,2 mM cholic acid,-,1,0
560.0,3.67,0.67,1.36,acetonitrile–ethylene carbonate (v/v = 1:4) mixed solution containing tetrabutylammonium iodide (0.5 mol/dm3) and iodine (0.05 mol/dm3),ZnO film,0.2,-,2 mM cholic acid,-,1,0
706.0,6.61,0.58,2.69,"2,2',7,7'-tetrakis-(N,N-di-p-methoxyphenyl-amino)-9,9'-spiro-
bifluorene (spiro-OmeTAD)",TiO2 2 uM,0.29,-,-,-,0,0
483.0,3.5,0.728,1.34,"0.1 mol/dm3 LiI, 0.6 mol/dm3 N-methyl-4-methylpyridinium iodide, and 0.05 mol/dm3 I2 in PC",TiO2 5 uM treated with hydrochloric acid,0.212,-,-,-,0,0
483.0,3.5,0.728,1.34,"0.1 mol/dm3 LiI, 0.6 mol/dm3 N-methyl-4-methylpyridinium iodide, and 0.05 mol/dm3 I2 in PC",TiO2 5 um treated with hydrochloric acid,0.212,-,-,-,0,0
489.0,9.68,0.682,2.57,"0.1 mol/dm3 LiI, 0.6 mol/dm3 N-methyl-4-methylpyridinium iodide, and 0.05 mol/dm3 I2 in PC",TiO2 5 uM treated with hydrochloric acid,0.212,-,-,-,0,0
489.0,9.68,0.682,2.57,"0.1 mol/dm3 LiI, 0.6 mol/dm3 N-methyl-4-methylpyridinium iodide, and 0.05 mol/dm3 I2 in PC",TiO2 5 um treated with hydrochloric acid,0.212,-,-,-,0,0
481.0,10.31,0.698,3.75,"0.1 mol/dm3 LiI, 0.6 mol/dm3 N-methyl-4-methylpyridinium iodide, and 0.05 mol/dm3 I2 in PC",TiO2 5 uM treated with hydrochloric acid,0.212,-,-,-,0,0
481.0,10.31,0.698,3.75,"0.1 mol/dm3 LiI, 0.6 mol/dm3 N-methyl-4-methylpyridinium iodide, and 0.05 mol/dm3 I2 in PC",TiO2 5 um treated with hydrochloric acid,0.212,-,-,-,0,0
442.0,14.95,0.669,4.8,"0.1 mol/dm3 LiI, 0.6 mol/dm3 N-methyl-4-methylpyridinium iodide, and 0.05 mol/dm3 I2 in PC",TiO2 5 uM treated with hydrochloric acid,0.212,-,-,-,0,0
442.0,14.95,0.669,4.8,"0.1 mol/dm3 LiI, 0.6 mol/dm3 N-methyl-4-methylpyridinium iodide, and 0.05 mol/dm3 I2 in PC",TiO2 5 um treated with hydrochloric acid,0.212,-,-,-,0,0
420.0,16.49,0.627,4.71,"0.1 mol/dm3 LiI, 0.6 mol/dm3 N-methyl-4-methylpyridinium iodide, and 0.05 mol/dm3 I2 in PC",TiO2 5 uM treated with hydrochloric acid,0.212,-,-,-,0,0
420.0,16.49,0.627,4.71,"0.1 mol/dm3 LiI, 0.6 mol/dm3 N-methyl-4-methylpyridinium iodide, and 0.05 mol/dm3 I2 in PC",TiO2 5 um treated with hydrochloric acid,0.212,-,-,-,0,0
435.0,17.31,0.58,4.74,"0.1 mol/dm3 LiI, 0.6 mol/dm3 N-methyl-4-methylpyridinium iodide, and 0.05 mol/dm3 I2 in PC",TiO2 5 uM treated with hydrochloric acid,0.212,-,-,-,0,0
435.0,17.31,0.58,4.74,"0.1 mol/dm3 LiI, 0.6 mol/dm3 N-methyl-4-methylpyridinium iodide, and 0.05 mol/dm3 I2 in PC",TiO2 5 um treated with hydrochloric acid,0.212,-,-,-,0,0
423.0,17.75,0.572,4.66,"0.1 mol/dm3 LiI, 0.6 mol/dm3 N-methyl-4-methylpyridinium iodide, and 0.05 mol/dm3 I2 in PC",TiO2 5 uM treated with hydrochloric acid,0.212,-,-,-,0,0
423.0,17.75,0.572,4.66,"0.1 mol/dm3 LiI, 0.6 mol/dm3 N-methyl-4-methylpyridinium iodide, and 0.05 mol/dm3 I2 in PC",TiO2 5 um treated with hydrochloric acid,0.212,-,-,-,0,0
418.0,17.59,0.576,4.59,"0.1 mol/dm3 LiI, 0.6 mol/dm3 N-methyl-4-methylpyridinium iodide, and 0.05 mol/dm3 I2 in PC",TiO2 5 uM treated with hydrochloric acid,0.212,-,-,-,0,0
418.0,17.59,0.576,4.59,"0.1 mol/dm3 LiI, 0.6 mol/dm3 N-methyl-4-methylpyridinium iodide, and 0.05 mol/dm3 I2 in PC",TiO2 5 um treated with hydrochloric acid,0.212,-,-,-,0,0
378.0,17.67,0.581,4.21,"0.1 mol/dm3 LiI, 0.6 mol/dm3 N-methyl-4-methylpyridinium iodide, and 0.05 mol/dm3 I2 in PC",TiO2 5 uM treated with hydrochloric acid,0.212,-,-,-,0,0
378.0,17.67,0.581,4.21,"0.1 mol/dm3 LiI, 0.6 mol/dm3 N-methyl-4-methylpyridinium iodide, and 0.05 mol/dm3 I2 in PC",TiO2 5 um treated with hydrochloric acid,0.212,-,-,-,0,0
446.0,15.9,0.58,4.6,"0.5 mol/dm3 LiI, 0.05 mol/dm3 I2, and 0.6 mol/dm3 PyI in PC",TiO2 5uM,0.188,210 nmol/cm2,-,-,0,0
532.1,8.15,0.72,3.14,"0.6 M DMPII, 0.05 M LiI, 0.05 M I2, and 0.05M TBP in ACN",TiO2 film (12 uM thick + 4 uM scattering layer),0.25,65 nmol/cm2,5 mM CDCA,-,1,0
531.8,8.91,0.69,3.29,"0.6 M DMPII, 0.05 M LiI, 0.05 M I2, and 0.05M TBP in ACN",TiO2 film (12 uM thick + 4 uM scattering layer),0.25,66 nmol/cm2,5 mM CDCA,-,1,0
545.1,8.95,0.69,3.39,"0.6 M DMPII, 0.05 M LiI, 0.05 M I2, and 0.05M TBP in ACN",TiO2 film (12 uM thick + 4 uM scattering layer),0.25,67 nmol/cm2,5 mM CDCA,-,1,0
630.0,11.8,0.72,5.35,AN-50,TiO2 film (10 um transparent + 4 um scattering layer),0.16,-,0.4 mM CDCA,N719,1,1
650.0,8.2,0.71,3.8,"0.60 M 2,3-dimethyl-1-propyl imidazolium iodide, 0.05 M I2, 0.10 M LiI, and 0.50 M 4-tert-butylpyridine in an acetonitrile",TiO2 film (12 um transparent + 4 um scattering layer),0.25,0.093 nmol/cm2,2 equiv CDCA,-,1,0
480.0,12.3,0.61,4.0,"0.5 mol/dm3 LiI, 0.05 mol/dm3 I2, and 0.6 mol/dm3 PyI in PC",TiO2 5uM,0.188,53 nmol/cm2,-,-,0,0
492.0,14.5,0.56,4.4,"0.5 mol/dm3 LiI, 0.05 mol/dm3 I2, and 0.6 mol/dm3 PyI in PC",TiO2 5uM,0.188,52 nmol/cm2,-,-,0,0
560.0,4.03,0.64,1.46,"LiI (500 mM), iodine (50 mM), t-utylpyridine (580 mM), MeEtIm-DCA (ethylmethylimidazolium dicyanoimide) (4:6 w/w)",TiO2 12uM,0.25,-,-,-,0,0
580.0,4.39,0.65,1.66,"LiI (500 mM), iodine (50 mM), t-utylpyridine (580 mM), MeEtIm-DCA (ethylmethylimidazolium dicyanoimide) (4:6 w/w)",TiO2 12uM,0.25,-,-,-,0,0
600.0,5.09,0.69,2.09,"LiI (500 mM), iodine (50 mM), t-utylpyridine (580 mM), MeEtIm-DCA (ethylmethylimidazolium dicyanoimide) (4:6 w/w)",TiO2 12uM,0.25,-,-,-,0,0
610.0,5.31,0.67,2.17,"LiI (500 mM), iodine (50 mM), t-utylpyridine (580 mM), MeEtIm-DCA (ethylmethylimidazolium dicyanoimide) (4:6 w/w)",TiO2 12uM,0.25,-,-,-,0,0
600.0,5.4,0.71,2.29,"LiI (500 mM), iodine (50 mM), t-utylpyridine (580 mM), MeEtIm-DCA (ethylmethylimidazolium dicyanoimide) (4:6 w/w)",TiO2 12uM,0.25,-,-,-,0,0
630.0,8.12,0.69,3.53,"LiI (500 mM), iodine (50 mM), t-utylpyridine (580 mM), MeEtIm-DCA (ethylmethylimidazolium dicyanoimide) (4:6 w/w)",TiO2 12uM,0.25,-,2.5 mM CDCA,-,1,0
570.0,6.63,0.7,2.65,"LiI (500 mM), iodine (50 mM), t-utylpyridine (580 mM), MeEtIm-DCA (ethylmethylimidazolium dicyanoimide) (4:6 w/w)",TiO2 12uM,0.25,-,2.5 mM CDCA,-,1,0
570.0,6.36,0.68,2.46,"LiI (500 mM), Iodine (50 mM), t-utylpyridine (580 mM) and MeEtIm-DCA (ethyl-methylimidazolium dicyanoimide)(4:6 wt/wt) (600 mM) in acetonitrile",TiO2 12uM,0.25,-,2.5 mM CDCA,-,1,0
590.0,7.13,0.66,2.76,"LiI (500 mM), Iodine (50 mM), t-utylpyridine (580 mM) and MeEtIm-DCA (ethyl-methylimidazolium dicyanoimide)(4:6 wt/wt) (600 mM) in acetonitrile",TiO2 12uM,0.25,-,2.5 mM CDCA,-,1,0
560.0,6.63,0.7,2.65,"LiI (500 mM), Iodine (50 mM), t-utylpyridine (580 mM) and MeEtIm-DCA (ethyl-methylimidazolium dicyanoimide)(4:6 wt/wt) (600 mM) in acetonitrile",TiO2 12uM,0.25,-,2.5 mM CDCA,-,1,0
600.0,7.68,0.67,3.08,"LiI (500 mM), Iodine (50 mM), t-utylpyridine (580 mM) and MeEtIm-DCA (ethyl-methylimidazolium dicyanoimide)(4:6 wt/wt) (600 mM) in acetonitrile",TiO2 12uM,0.25,-,2.5 mM CDCA,-,1,0
620.0,7.5,0.72,3.36,"LiI (500 mM), Iodine (50 mM), t-utylpyridine (580 mM) and MeEtIm-DCA (ethyl-methylimidazolium dicyanoimide)(4:6 wt/wt) (600 mM) in acetonitrile",TiO2 12uM,0.25,-,2.5 mM CDCA,-,1,0
510.0,6.03,0.65,2.03,"0.03 M I2, 0.05 M LiI, and 0.6 M DMPImI in acetonitrile/valeronitrile (85/15(v/v)",TiO2 15uM,0.25,-,2 mM CDCA,-,1,0
520.0,7.72,0.61,2.44,"0.03 M I2, 0.05 M LiI, and 0.6 M DMPImI in acetonitrile/valeronitrile (85/15(v/v)",TiO2 15uM,0.25,-,24 mM CDCA,-,1,0
500.0,10.1,0.53,2.63,"0.03 M I2, 0.05 M LiI, and 0.6 M DMPImI in acetonitrile/valeronitrile (85/15(v/v)",TiO2 15uM,0.25,-,10 mM CDCA,-,1,0
380.0,3.9,0.67,1.0,"0.03 M I2, 0.05 M LiI, and 0.6 M DMPImI in acetonitrile/valeronitrile (85/15(v/v)",TiO2 15uM,0.25,-,24 mM CDCA,-,1,0
400.0,6.98,0.56,1.54,"0.03 M I2, 0.05 M LiI, and 0.6 M DMPImI in acetonitrile/valeronitrile (85/15(v/v)",TiO2 15uM,0.25,-,10 mM CDCA,-,1,0
390.0,6.45,0.54,1.38,"0.03 M I2, 0.05 M LiI, and 0.6 M DMPImI in acetonitrile/valeronitrile (85/15(v/v)",TiO2 15uM,0.25,-,10 mM CDCA,-,1,0
766.0,6.14,0.69,3.23,"0.1 M LiI, 0.05 M I 2 and 0.5 M TBP in dry acetonitrile",TiO2 2.5 um thick,0.196,-,-,-,0,0
770.0,11.1,0.69,5.9,"0.22 M [Co(bpy)2]2+, 0.05 M [Co(bpy)3]3+, 0.1 M LiClO4 and 0.5 M 4-tert-butylpyridine in acetonitrile",TiO2 film 13 um thick,0.25,-,-,-,0,0
620.0,10.7,0.7,4.6,"0.05 M I2, 0.3 M LiI, 0.6 M butylmethylimidazolium iodide, 0.5 M 4-tert-butylpyridine in 4:1 acetonitrile/valeronitrile",TiO2 film (12 um transparent + 4 um scattering layer),0.25,-,2 equiv CDCA,-,1,0
630.0,14.1,0.63,5.46,"0.05 M I2, 0.3 M LiI, 0.6 M butylmethylimidazolium iodide, 0.5 M 4-tert-butylpyridine in 4:1 acetonitrile/valeronitrile",TiO2 film (12 um transparent + 4 um scattering layer),0.25,-,2 equiv CDCA,-,1,0
670.0,13.9,0.64,5.91,"0.05 M I2, 0.3 M LiI, 0.6 M butylmethylimidazolium iodide, 0.5 M 4-tert-butylpyridine in 4:1 acetonitrile/valeronitrile",TiO2 film (12 um transparent + 4 um scattering layer),0.25,-,2 equiv CDCA,-,1,0
640.0,13.0,0.67,5.5,"0.60 M 2,3-dimethyl-1-propyl imidazolium iodide, 0.05 M I2, 0.10 M LiI, and 0.50 M 4-tert-butylpyridine in an acetonitrile",TiO2 film (12 um transparent + 4 um scattering layer),0.25,0.073 nmol/cm2,2 equiv CDCA,-,1,0
720.0,13.1,0.69,6.5,"0.60 M 2,3-dimethyl-1-propyl imidazolium iodide, 0.05 M I2, 0.10 M LiI, and 0.50 M 4-tert-butylpyridine in an acetonitrile",TiO2 film (12 um transparent + 4 um scattering layer),0.25,0.09 nmol/cm2,2 equiv CDCA,-,1,0
720.0,9.4,0.64,4.4,"0.60 M 2,3-dimethyl-1-propyl imidazolium iodide, 0.05 M I2, 0.10 M LiI, and 0.50 M 4-tert-butylpyridine in an acetonitrile",TiO2 film (12 um transparent + 4 um scattering layer),0.25,0.1 nmol/cm2,2 equiv CDCA,-,1,0
547.0,6.11,0.66,2.21,"0.5 M lithium iodide (LiI), 0.05 M iodine (I2) and 0.1 M tert-butylpyridine (TBP) in dry acetonitrile",TiO2 2.7 um thick,0.196,-,-,-,0,0
730.0,11.67,0.7079,6.04,"0.06 M LiI, 0.03 M I2, 0.6 M 1,2-dimethyl-3-propylimidazolium iodide, and 0.5 M 4-tert-butylpyridine in acetonitrile",TiO2 film 18 um thick,0.159,113 nmol/cm2,-,-,0,0
670.0,6.19,0.7409,3.08,"0.06 M LiI, 0.03 M I2, 0.6 M 1,2-dimethyl-3-propylimidazolium iodide, and 0.5 M 4-tert-butylpyridine in acetonitrile",TiO2 film 18 um thick,0.159,121 nmol/cm2,-,-,0,0
600.0,3.64,0.6597,1.44,"0.06 M LiI, 0.03 M I2, 0.6 M 1,2-dimethyl-3-propylimidazolium iodide, and 0.5 M 4-tert-butylpyridine in acetonitrile",TiO2 film 18 um thick,0.159,114 nmol/cm2,-,-,0,0
391.0,9.06,0.55,1.96,0.5 M lithium iodide (LiI) and 0.05 M iodine (I2) in acetonitrile,TiO2 film (12 uM thick + 4 uM scattering layer),0.283,-,30 mM CDCA,-,1,0
530.0,8.42,0.65,2.94,"0.6 M BMII, 0.03 M I2 , 0.1 M LiI",TiO2 film (11.5 uM thick + 3.5 uM scattering layer),0.25,-,10 mM CDCA,-,1,0
450.0,10.19,0.6,2.8,"0.6 M BMII, 0.03 M I2, 0.5 M LiI",TiO2 film (11.5 uM thick + 3.5 uM scattering layer),0.25,-,10 mM CDCA,-,1,0
430.0,10.21,0.59,2.63,"0.6 M BMII, 0.03 M I2, 1 M LiI",TiO2 film (11.5 uM thick + 3.5 uM scattering layer),0.25,-,10 mM CDCA,-,1,0
610.0,2.45,0.74,1.11,"0.6 M BMII, 0.03 M I2 , 0.05 M LiI, 0.05 M GuSCN, 0.25 M tbp",TiO2 film (11.5 uM thick + 3.5 uM scattering layer),0.25,-,10 mM CDCA,-,1,0
550.0,1.87,0.69,0.7,electrolyte from Dyesol,TiO2 film (11.5 uM thick + 3.5 uM scattering layer),0.25,-,10 mM CDCA,-,1,0
520.0,5.9,0.68,2.11,"0.6 M BMII, 0.03 M I2 , 0.1 M LiI",TiO2 film (11.5 uM thick + 3.5 uM scattering layer),0.25,-,10 mM CDCA,-,1,0
520.0,6.76,0.64,2.23,"0.6 M BMII, 0.03 M I2 , 0.1 M LiI",TiO2 film (11.5 uM thick + 3.5 uM scattering layer),0.25,-,10 mM CDCA,-,1,0
719.0,9.9,0.68,4.83,"0.3 M DMPII, 0.1 M LiI, 0.05 M I2, and 0.5 M 4-tert-butylpyridine in CH3CN",TiO2 film (12 + 4 um thick),0.196,-,-,-,0,0
722.0,11.4,0.68,5.55,"0.3 M DMPII, 0.1 M LiI, 0.05 M I2, and 0.5 M 4-tert-butylpyridine in CH3CN",TiO2 film (12 + 4 um thick),0.196,-,0.4 mM CDCA,-,1,0
738.0,12.0,0.68,6.05,"0.3 M DMPII, 0.1 M LiI, 0.05 M I2, and 0.5 M 4-tert-butylpyridine in CH3CN",TiO2 film (12 + 4 um thick),0.196,-,-,-,0,0
741.0,13.2,0.68,6.65,"0.3 M DMPII, 0.1 M LiI, 0.05 M I2, and 0.5 M 4-tert-butylpyridine in CH3CN",TiO2 film (12 + 4 um thick),0.196,-,0.4 mM CDCA,-,1,0
740.0,9.1,0.71,4.8,"1.0 M 1,3-dimethylimidazolium iodide (DMII), 0.15 M I2, 0.5 M n-butylbenzimidazole and 0.1 M guanidiniumthiocyanate (GuNCS) in 3-methoxypropionitrile",TiO2 film 3.3 um thick,0.158,-,-,-,0,0
720.0,12.5,0.7,6.3,"1.0 M 1,3-dimethylimidazolium iodide (DMII), 0.15 M I2, 0.5 M n-butylbenzimidazole and 0.1 M guanidiniumthiocyanate (GuNCS) in 3-methoxypropionitrile",TiO2 film 5.5 um thick,0.158,-,-,-,0,0
710.0,15.3,0.71,7.7,"1.0 M 1,3-dimethylimidazolium iodide (DMII), 0.15 M I2, 0.5 M n-butylbenzimidazole and 0.1 M guanidiniumthiocyanate (GuNCS) in 3-methoxypropionitrile",TiO2 film (7 um thick + 5 um scattering layer),0.158,-,-,-,0,0
750.0,18.32,0.628,8.63,"0.5 M Lithium Iodide (LiI), 0.05 M Iodide (I2), 0.5 M 1,2-dimethyl-3-propylimidazolium iodide (DMPII) and 0.5 M tert-butylpyridine in acetonitrile (CH3CN)",TiO2 film 15 um thick,0.25,-,-,-,0,0
779.0,10.7,0.69,5.76,"0.6 M tetrabutylammonium iodide, 0.015 M I2, 0.1 M guanidinium thiocyanate and 0.5 M 4-tert-butylpyridine in MeCN",TiO2 film,0.25,-,-,-,0,0
729.0,12.9,0.74,6.9,"1.0 M DMII, 0.15 M I2, and 0.5 M NBB (N-butylbenzimidazole) and 0.1 M guanidinium thiocyanate in 3-methoxypropionitrile",TiO2 film (5 um thick + 4 um scattering layer),0.16,-,-,-,0,0
650.0,16.0,0.69,7.15,0.6 M of N-methyl-N-butylimidazolium iodide (BMII) + 0.1 M of LiI + 0.05 M of I2 + 0.5 M of 4-tert-butylpyridine (TBP) in acetonitrile,TiO2 film (7 um + 5 um scattering layer),0.16,150 nmol/cm2,-,-,0,0
820.0,13.09,0.657,7.05,"0.06 M lithium iodide, 0.60 M 1,2-dimethyl-3-propylimidazolinium iodine (DMPII), 0.03 M I2, 0.5 M 4-tert-butylpyridine (TBP) and 0.10 M GuSCN in acetonitrile",TiO2 film 12 um thick,0.2,-,-,-,0,0
680.0,8.23,0.72,4.01,"1.0 M 1,3-dimethylimidazolium iodide (DMII), 0.1 mM guanidinium thiocyanate (GuSCN), 0.03 M I2 , 0.05 M LiI, and 0.5 M tert-butypyridine (4-TBP) in a mixed solvent system of acetonitrile (CH3CN)
and valeronitrile (VN) (85:15 v/v)",TiO2 film (9 + 5 um thick),0.25,-,-,-,0,0
700.0,10.72,0.71,5.33,"1.0 M 1,3-dimethylimidazolium iodide (DMII), 0.1 mM guanidinium thiocyanate (GuSCN), 0.03 M I2 , 0.05 M LiI, and 0.5 M tert-butypyridine (4-TBP) in a mixed solvent system of acetonitrile (CH3CN)
and valeronitrile (VN) (85:15 v/v)",TiO2 film (9 + 5 um thick),0.25,-,dye:CDCA ratio 1:2,-,1,0
600.0,5.46,0.71,2.55,"1.0 M 1,3-dimethylimidazolium iodide (DMII), 0.1 mM guanidinium thiocyanate (GuSCN), 0.03 M I2 , 0.05 M LiI, and 0.5 M tert-butypyridine (4-TBP) in a mixed solvent system of acetonitrile (CH3CN)
and valeronitrile (VN) (85:15 v/v)",TiO2 film (9 + 5 um thick),0.25,-,-,-,0,0
620.0,7.14,0.72,3.19,"1.0 M 1,3-dimethylimidazolium iodide (DMII), 0.1 mM guanidinium thiocyanate (GuSCN), 0.03 M I2 , 0.05 M LiI, and 0.5 M tert-butypyridine (4-TBP) in a mixed solvent system of acetonitrile (CH3CN)
and valeronitrile (VN) (85:15 v/v)",TiO2 film (9 + 5 um thick),0.25,-,dye:CDCA ratio 1:2,-,1,0
510.0,1.69,0.67,0.58,"1.0 M 1,3-dimethylimidazolium iodide (DMII), 0.1 mM guanidinium thiocyanate (GuSCN), 0.03 M I2 , 0.05 M LiI, and 0.5 M tert-butypyridine (4-TBP) in a mixed solvent system of acetonitrile (CH3CN)
and valeronitrile (VN) (85:15 v/v)",TiO2 film (9 + 5 um thick),0.25,-,-,-,0,0
530.0,2.6,0.73,1.01,"1.0 M 1,3-dimethylimidazolium iodide (DMII), 0.1 mM guanidinium thiocyanate (GuSCN), 0.03 M I2 , 0.05 M LiI, and 0.5 M tert-butypyridine (4-TBP) in a mixed solvent system of acetonitrile (CH3CN)
and valeronitrile (VN) (85:15 v/v)",TiO2 film (9 + 5 um thick),0.25,-,dye:CDCA ratio 1:2,-,1,0
712.0,18.61,0.734,9.7,"1.0 M 1,3-dimethylimidazolium iodide, 0.03 M I2, 0.05 M LiI, 0.1 M guanidinium thiocyanate, and 0.50 M 4-tert-butylpyridine in an 85:15 acetonitrile/valeronitrile mixture",TiO2 film (16 um thick),,960 nmol/cm2,10 equiv CDCA,-,1,0
742.0,16.75,0.715,8.9,"1.0 M 1,3-dimethylimidazolium iodide, 0.03 M I2, 0.05 M LiI, 0.1 M guanidinium thiocyanate, and 0.50 M 4-tert-butylpyridine in an 85:15 acetonitrile/valeronitrile mixture",TiO2 film (16 um thick),,10 nmol/cm2,2 equiv CDCA,-,1,0
713.0,15.69,0.731,8.2,"1.0 M 1,3-dimethylimidazolium iodide, 0.03 M I2, 0.05 M LiI, 0.1 M guanidinium thiocyanate, and 0.50 M 4-tert-butylpyridine in an 85:15 acetonitrile/valeronitrile mixture",TiO2 film (16 um thick),,870 nmol/cm2,5 equiv CDCA,-,1,0
738.0,16.85,0.67,8.3,"1.0 M 1,3-dimethylimidazolium iodide (DMII), 0.03 M I2, 0.1 M guanidinium thiocyanate, 0.5 M TBP, and 0.05 M LiI in a mixture of acetonitrile−valeronitrile (85:15, v/v)",TiO2 film (8 + 5 um thick),,115 nmol/cm2,-,-,0,0
735.0,16.88,0.682,8.5,"1.0 M 1,3-dimethylimidazolium iodide (DMII), 0.03 M I2, 0.1 M guanidinium thiocyanate, 0.5 M TBP, and 0.05 M LiI in a mixture of acetonitrile−valeronitrile (85:15, v/v)",TiO2 film (8 + 5 um thick),,21 nmol/cm2,-,-,0,0
731.0,15.6,0.718,8.2,"1.0 M 1,3-dimethylimidazolium iodide (DMII), 0.03 M I2, 0.1 M guanidinium thiocyanate, 0.5 M TBP, and 0.05 M LiI in a mixture of acetonitrile−valeronitrile (85:15, v/v)",TiO2 film (8 + 5 um thick),,7.2 nmol/cm2,-,-,0,0
736.0,19.0,0.649,9.1,"1.0 M 1,3-dimethylimidazolium iodide, 0.03 M I2, 0.05 M LiI, 0.1 M guanidinium thiocyanate, and 0.50 M 4-tert-butylpyridine in an 85:15 acetonitrile/valeronitrile mixture",TiO2 film (12 + 4 um thick),,-,-,-,0,0
689.0,15.5,0.677,7.2,"1.0 M 1,3-dimethylimidazolium iodide, 0.03 M I2, 0.05 M LiI, 0.1 M guanidinium thiocyanate, and 0.50 M 4-tert-butylpyridine in an 85:15 acetonitrile/valeronitrile mixture",TiO2 film (12 + 4 um thick),,-,-,-,0,0
703.0,14.1,0.704,6.9,"1.0 M 1,3-dimethylimidazolium iodide, 0.03 M I2, 0.05 M LiI, 0.1 M guanidinium thiocyanate, and 0.50 M 4-tert-butylpyridine in an 85:15 acetonitrile/valeronitrile mixture",TiO2 film (12 + 4 um thick),,-,-,-,0,0
779.0,16.2,0.678,8.6,"1.0 M 1,3-dimethylimidazolium iodide, 0.03 M I2, 0.05 M LiI, 0.1 M guanidinium thiocyanate, and 0.50 M 4-tert-butylpyridine in an 85:15 acetonitrile/valeronitrile mixture",TiO2 film (12 + 4 um thick),,-,-,-,0,0
805.0,12.8,0.748,7.7,"0.25 M [Co(bpy)3]((CF3SO2)2N)2, 0.05 M [Co(bpy)3]((CF3SO2)2N)3 , 0.1 M LiTFSI, and 0.5 M 4-tert-butylpyridine in acetonitrile",TiO2 film (12 + 4 um thick),,-,-,-,0,0
891.0,14.7,0.743,9.7,"0.25 M [Co(bpy)3]((CF3SO2)2N)2, 0.05 M [Co(bpy)3]((CF3SO2)2N)3 , 0.1 M LiTFSI, and 0.5 M 4-tert-butylpyridine in acetonitrile",TiO2 film (12 + 4 um thick),,-,-,-,0,0
680.0,17.48,0.747,8.89,"1-butyl-3-methylimidazolium iodide (1 M), I2 (0.03 M), LiI (0.1 M), 4-tert butylpyridine (0.5 M), guanidine thiocyanate (0.1 M) in acetonitrile and valeronitrile",TiO2 film 18 um thick,0.28,304 nmol/cm2,-,-,0,0
760.0,12.05,0.68,6.46,"0.6 M 3-propyl-1,2-dimethylimidazolium iodide, 0.05 M I2, 0.1 M LiI, and 0.5 M TBP in a mixture of acetonitrile/valeronitrile (V/V:1/1)",TiO2 film (8 um transparent + 4 um scattering layer),0.159,-,-,-,0,0
780.0,14.89,0.6978,8.11,"0.6 M 1-propyl-2,3-dimethylimidazolium iodide, 0.05 M I2, 0.1 M LiI, 0.1 M guanidine thiocyanate, and 0.5 M tert-butylpyridine in acetonitrile and valteronitrile in 85:15 vol ratio",TiO2 film (8 um transparent + 4 um scattering layer),0.09,126 nmol/cm2,-,-,0,0
710.0,16.7,0.73,8.64,"0.6 M DMPII, 0.5 M LiI, 0.05 M I2, 0.5 M TBP in an acetonitrrile",TiO2 14 um thick,,-,-,-,0,0
710.0,16.7,0.73,8.64,"0.6 M 1,2-dimethyl-3-propyl imidazolium iodide, 0.05 M iodine, 0.1 M LiI, and 0.5 M tert-butylpyridine in acetonitrile","TiO2 film (5 um,+4um scattering layer )",,-,-,-,0,0
710.0,16.7,0.73,8.64,"0.6MDMPII, 0.5MLiI, 0.05M I2, 0.5 M TBP in an acetonitrile solution",TiO2 film (13 um thick),,-,-,-,0,0
710.0,16.7,0.73,8.64,"0.6 M DMPII, 0.5 M LiI, 0.05 M I2, 0. 5 M TBP in acetonitrile",TiO2 film (12 um thick + 2 um scattering layer),0.16,-,-,-,0,0
701.0,15.84,0.713,7.91,"0.6 M 1,2-dimethyl-3-propylimidazolium iodide (DMPII), 0.1 M LiI and 0.05 M I2 in acetonitrile and 4-tert-butylpyridine (volume ratio, 1:1)",TiO2 film (12 um transparent + 6 um scattering layer),,-,-,-,0,0
701.0,15.84,0.713,7.91,"0.6 M 1,2-dimethyl-3-propylimidazolium iodide (DMPII), 0.1 M LiI and 0.05 M I2 in acetonitrile and 4-tert-butylpyridine (volume ratio, 1:1)",TiO2 film (12 um thick + 6 um scattering layer),0.2,194 nmol/cm2,-,-,0,0
775.0,16.1,0.647,8.07,"0.3 M 1,2-dimethyl-3-propylimidazolium iodide (DMPII), 0.1 M LiI, 0.05 M I2 and 0.5 M 4-tert-butylpyridine in acetonitrile",TiO2 film (12 um thick + 4 um scattering layer),0.16,-,-,-,0,0
731.0,17.2,0.6,7.53,"LiI (0.5 M), I2 (0.05 M), and TBP (0.5 M) in MeCN",TiO2 film 16-18 um thick,0.28,-,,,0,0
743.0,17.0,0.62,7.79,"3-dimethylimidazolium iodide (1.0 M), LiI (0.05 M), I2 (0.03 M), guanidinium thiocyanate (0.1 M), and TBP (0.5 M) in MeCN:valeronitrile (85:15, v/v)",TiO2 film 16-18 um thick,0.28,-,,,0,0
620.0,7.53,0.52,2.47,"0.6 M 1-butyl-3-methyl-imidazolium iodide (BMII), 0.1 M lithium iodide (LiI), 0.05 M iodine (I2) and 0.5 M tert-butyl pyridine (TBP) in 3-methoxypropionitrile",TiO2 film 10 um thick,0.36,-,-,-,0,0
449.0,2.7,0.67,0.8,"0.10 M lithium iodide, 0.60 M butylmethylimidazolium iodide, 0.03 M I2 , and 0.05 M 4-tert-butylpyridine in acetonitrile/valeronitrile 75:25",TiO2 film (12 um thick),,33.5 nmol/cm2,-,-,0,0
449.0,2.1,0.62,0.6,"0.10 M lithium iodide, 0.60 M butylmethylimidazolium iodide, 0.03 M I2 , and 0.05 M 4-tert-butylpyridine in acetonitrile/valeronitrile 75:25",TiO2 film (12 um thick),,25.3 nmol/cm2,-,-,0,0
620.0,7.83,0.7,3.4,"0.6 M 1-butyl-3-methylimidazolium iodide (BMII), 0.1 M lithium iodide, 0.05 M iodine and 0.5 M 4-tert-butylpyridine in a 1:1 mixture of acetonitrile-valeronitrile",TiO2 film (8 + 4 um thick),0.16,-,-,-,0,0
610.0,6.18,0.69,2.54,"0.6 M 1-butyl-3-methylimidazolium iodide (BMII), 0.1 M lithium iodide, 0.05 M iodine and 0.5 M 4-tert-butylpyridine in a 1:1 mixture of acetonitrile-valeronitrile",TiO2 film (8 + 4 um thick),0.16,-,-,-,0,0
750.0,3.67,0.75,2.06,"0.2 M tris(1,10-phenanthroline)cobalt( II )(TFSI)2 , 0.02 M tris(1,10-phenanthroline) cobalt(III)(TFSI)3 , 0.1 M lithium perchlorate and 0.5 M 4-tert-butylpyridine in a 85:15 mixture of acetonitrile-valeronitrile",TiO2 film (8 + 4 um thick),0.16,-,-,-,0,0
760.0,4.44,0.74,2.48,"0.2 M tris(1,10-phenanthroline)cobalt( II )(TFSI)2 , 0.02 M tris(1,10-phenanthroline) cobalt(III)(TFSI)3 , 0.1 M lithium perchlorate and 0.5 M 4-tert-butylpyridine in a 85:15 mixture of acetonitrile-valeronitrile",TiO2 film (8 + 4 um thick),0.16,-,-,-,0,0
770.0,3.17,0.66,1.61,"0.2 M tris(1,10-phenanthroline)cobalt( II )(TFSI)2 , 0.02 M tris(1,10-phenanthroline) cobalt(III)(TFSI)3 , 0.1 M lithium perchlorate and 0.5 M 4-tert-butylpyridine in a 85:15 mixture of acetonitrile-valeronitrile",TiO2 film (8 + 4 um thick),0.16,-,-,-,0,0
750.0,3.82,0.72,2.05,"0.2 M tris(1,10-phenanthroline)cobalt( II )(TFSI)2 , 0.02 M tris(1,10-phenanthroline) cobalt(III)(TFSI)3 , 0.1 M lithium perchlorate and 0.5 M 4-tert-butylpyridine in a 85:15 mixture of acetonitrile-valeronitrile",TiO2 film (8 + 4 um thick),0.16,-,-,-,0,0
760.0,15.25,0.72,8.42,"0.5 M 1-butyl-3-methylimidazolium iodide (BMII), 0.1 M lithium iodide, 0.05 M iodine, and 0.5 M 4-tert-butylpyridine in a 85:15 mixture of acetonitrile-valeronitrile",TiO2 film (8 + 4 um thick),0.16,-,-,-,0,0
760.0,14.363,0.68,7.17,"1-butyl-3-methylimidazolium iodide (0.7 M), lithium iodide (LiI, 0.2 M), iodine (I2, 0.05 M), and t-butylpyridine (TBP, 0.5 M) in acetonitrile/valeronitrile (85:15, v/v)",TiO2 film,,-,-,-,0,0
720.0,16.08,0.63,7.19,"0.5 M lithium iodide (LiI), 0.05 M iodine (I2), and 0.5 M 4-tert-butylpyridine dissolved in acetonitrile",TiO2 film 18 um thick,0.25,-,-,-,0,0
490.0,3.8,0.51,0.96,"[Co(bpy)3](PF6)2 (0.21 M), [Co(bpy)3](PF6)3 (0.033 M), NaClO4 (0.1 M), tBP (0.2 M) in MeCN",TiO2 film (12 um thick + 3 um scattering layer),0.13,-,-,-,0,0
660.1,2.13,0.796,7.8,DMII/EMII/EMITCB/I2/TBP/GNCS (molar ratio: 12/12/16/1.67/3.33/0.67),TiO2 film (7 um thick + 5 um scattering layer),0.158,-,0.3 mM CDCA,-,1,0
809.0,1.84,0.8,12.5,cobalt tris(bipyridine) in acetonitrile,TiO2 film,,-,-,-,0,0
678.0,3.8,0.784,7.7,DMII/EMII/EMITCB/I2/TBP/GNCS (molar ratio: 12/12/16/1.67/3.33/0.67),TiO2 film (7 um thick + 5 um scattering layer),0.158,-,0.3 mM CDCA,-,1,0
698.8,7.5,0.769,7.6,DMII/EMII/EMITCB/I2/TBP/GNCS (molar ratio: 12/12/16/1.67/3.33/0.67),TiO2 film (7 um thick + 5 um scattering layer),0.158,-,0.3 mM CDCA,-,1,0
713.0,13.34,0.752,7.2,DMII/EMII/EMITCB/I2/TBP/GNCS (molar ratio: 12/12/16/1.67/3.33/0.67),TiO2 film (7 um thick + 5 um scattering layer),0.158,-,0.3 mM CDCA,-,1,0
655.0,12.61,0.68,5.62,"0.6 M 1-butyl-3-methylimidazolium iodide (BMII), 30 mM I2, 50 mM LiI, 0.5 M tert-butylpyridine and 0.1 M guanidiniumthiocyanate (GuNCS) in a solvent mixture of acetonitrile and valeronitrile (volume ratio, 85:15)",TiO2 film 12 um thick,0.16,62.5 nmol/cm2,-,-,0,0
692.0,13.67,0.676,6.4,"0.6 M 1-butyl-3-methylimidazolium iodide (BMII), 30 mM I2, 50 mM LiI, 0.5 M tert-butylpyridine and 0.1 M guanidiniumthiocyanate (GuNCS) in a solvent mixture of acetonitrile and valeronitrile (volume ratio, 85:15)",TiO2 film 12 um thick,0.16,41.1 nmol/cm2,-,-,0,0
550.0,4.72,0.69,1.81,"0.05 M I2, 0.1 M lithium iodide (LiI), 0.6 M 1,2-dimethyl-3-propylimidazolium iodide (DMPII), and 0.6 M 4-tertbutylpyridine (TBP) in dry CH3CN",TiO2 film (12 + 4 um thick),0.16,28 nmol/cm2,0.2 mM CDCA,-,1,0
600.0,8.35,0.67,3.37,"0.05 M I2, 0.1 M lithium iodide (LiI), 0.6 M 1,2-dimethyl-3-propylimidazolium iodide (DMPII), and 0.6 M 4-tertbutylpyridine (TBP) in dry CH3CN",TiO2 film (12 + 4 um thick),0.16,32 nmol/cm2,0.2 mM CDCA,-,1,0
600.0,9.0,0.69,3.72,"0.05 M I2, 0.1 M lithium iodide (LiI), 0.6 M 1,2-dimethyl-3-propylimidazolium iodide (DMPII), and 0.6 M 4-tertbutylpyridine (TBP) in dry CH3CN",TiO2 film (12 + 4 um thick),0.16,38 nmol/cm2,0.2 mM CDCA,-,1,0
560.0,7.86,0.65,2.88,"0.05 M I2, 0.1 M lithium iodide (LiI), 0.6 M 1,2-dimethyl-3-propylimidazolium iodide (DMPII), and 0.6 M 4-tertbutylpyridine (TBP) in dry CH3CN",TiO2 film (12 + 4 um thick),0.16,81 nmol/cm2,0.2 mM CDCA,-,1,0
570.0,7.43,0.67,2.84,"0.05 M I2, 0.1 M lithium iodide (LiI), 0.6 M 1,2-dimethyl-3-propylimidazolium iodide (DMPII), and 0.6 M 4-tertbutylpyridine (TBP) in dry CH3CN",TiO2 film (12 + 4 um thick),0.16,36 nmol/cm2,0.2 mM CDCA,-,1,0
590.0,10.48,0.65,4.02,"0.05 M I2, 0.1 M lithium iodide (LiI), 0.6 M 1,2-dimethyl-3-propylimidazolium iodide (DMPII), and 0.6 M 4-tertbutylpyridine (TBP) in dry CH3CN",TiO2 film (12 + 4 um thick),0.16,81 nmol/cm2,0.2 mM CDCA,-,1,0
660.0,11.75,0.69,5.36,"0.05 M I2, 0.1 M lithium iodide (LiI), 0.6 M 1,2-dimethyl-3-propylimidazolium iodide (DMPII), and 0.6 M 4-tertbutylpyridine (TBP) in dry CH3CN",TiO2 film (12 + 4 um thick),0.16,62 nmol/cm2,0.2 mM CDCA,-,1,0
593.0,6.59,0.77,3.0,"lithium iodide (LiI, 0.1 M), diiodine (I2, 0.01 M), 4-tert-butylpyridine (TBP, 0.5 M), 1-butyl-3-methylimidazolium iodide (BMII, 0.6 M), and guanidinium thiocyanate (GuNCS, 0.1 M) in a mixture of acetonitrile and valeronitrile (15/1, v/v)",TiO2 film (10 um thick),0.16,-,0.3 mM CDCA,-,1,0
546.0,6.08,0.75,2.5,"lithium iodide (LiI, 0.1 M), diiodine (I2, 0.01 M), 4-tert-butylpyridine (TBP, 0.5 M), 1-butyl-3-methylimidazolium iodide (BMII, 0.6 M), and guanidinium thiocyanate (GuNCS, 0.1 M) in a mixture of acetonitrile and valeronitrile (15/1, v/v)",TiO2 film (10 um thick),0.16,-,0.3 mM CDCA,-,1,0
545.0,4.34,0.74,1.8,"lithium iodide (LiI, 0.1 M), diiodine (I2, 0.01 M), 4-tert-butylpyridine (TBP, 0.5 M), 1-butyl-3-methylimidazolium iodide (BMII, 0.6 M), and guanidinium thiocyanate (GuNCS, 0.1 M) in a mixture of acetonitrile and valeronitrile (15/1, v/v)",TiO2 film (10 um thick),0.16,-,0.3 mM CDCA,-,1,0
683.0,15.2,0.658,6.83,"0.6 M 1-butyl-3-methylimidazolium iodide (BMII), 30 mM I2, 50 mM LiI, 0.5 M tert-butylpyridine and 0.1 M guanidiniumthiocyanate (GuNCS) in a solvent mixture of acetonitrile and valeronitrile (volume ratio, 85:15)",TiO2 film 12 um thick,0.16,47.2 nmol/cm2,-,-,0,0
590.0,6.67,0.79,3.13,"0.6 M propylmethyl iodide (PMII), 0.1 M LiI, 0.05 M I2, and 0.5 M ter-butyl pyridine (TBP)) in acetonitrile",TiO2 film,,176 nmol/cm2,-,-,0,0
480.0,2.06,0.72,0.71,"0.6 M propylmethyl iodide (PMII), 0.1 M LiI, 0.05 M I2, and 0.5 M ter-butyl pyridine (TBP)) in acetonitrile",TiO2 film,,-,-,-,0,0
650.0,8.42,0.82,4.17,"0.6 M propylmethyl iodide (PMII), 0.1 M LiI, 0.05 M I2, and 0.5 M ter-butyl pyridine (TBP)) in acetonitrile",TiO2 film,,219 nmol/cm2,-,-,0,0
743.0,14.76,0.625,6.92,"0.60 M butylmethylimidazolium iodide, 0.03 M I2, 0.10 M guanidinium thiocyanate and 0.50 M tert-butylpyridine",TiO2 film (12 um thick + 3 um scattering layer),0.28,-,-,-,0,0
684.0,12.3,0.71,6.0,iodide/triiodide + TBP,TiO2 film (8 + 4 um thick),0.16,-,-,-,0,0
584.0,11.7,0.68,4.7,iodide/triiodide,TiO2 film (8 + 4 um thick),0.16,-,-,-,0,0
644.0,9.2,0.7,4.1,iodide/triiodide + TBP,TiO2 film (8 + 4 um thick),0.16,-,-,-,0,0
574.0,12.35,0.7,5.0,iodide/triiodide,TiO2 film (8 + 4 um thick),0.16,-,-,-,0,0
600.0,1.52,0.73,0.66,"0.8 M 1,3-dimethylimidazolium iodide (DMII), 0.15 M iodine, 0.5 M methylbenzimidazole and 0.1 M guanadinium thiocyanate in 3-methoxypropionitrile (MPN)",TiO2 film (7 um thick),0.25,-,-,-,0,0
660.0,15.4,0.62,6.36,"lithium iodide (LiI, 0.1 M), diiodine (I2, 0.05 M), PMII (0.6 M), and TBP (0.5 M) in a mixture of acetonitrile and methoxypropionitrile (v/v = 1:1)",TiO2 film (7 um thick),0.25,104 nmol/cm2,CDCA,-,1,0
650.0,6.92,0.73,3.29,"lithium iodide (LiI, 0.1 M), diiodine (I2, 0.05 M), PMII (0.6 M), and TBP (0.5 M) in a mixture of acetonitrile and methoxypropionitrile (v/v = 1:1)",TiO2 film (7 um thick),0.25,159 nmol/cm2,CDCA,-,1,0
755.0,10.5,0.712,5.6,"1.0 m 1,3-dimethylimidazolium iodide, 0.03 m iodine, 0.5 m tert-butylpyridine, 0.05 m LiI, 0.1m guanidinium thiocyanate), in an 85:15 acetonitrile/valeronitrile",TiO2 film (2.4 um thick),0.16,-,0.4 mM CDCA,-,1,0
750.0,13.3,0.698,6.9,"1.0 m 1,3-dimethylimidazolium iodide, 0.03 m iodine, 0.5 m tert-butylpyridine, 0.05 m LiI, 0.1m guanidinium thiocyanate), in an 85:15 acetonitrile/valeronitrile",TiO2 film (4.5 um thick),0.16,-,0.4 mM CDCA,-,1,0
739.0,15.0,0.709,7.9,"1.0 m 1,3-dimethylimidazolium iodide, 0.03 m iodine, 0.5 m tert-butylpyridine, 0.05 m LiI, 0.1m guanidinium thiocyanate), in an 85:15 acetonitrile/valeronitrile",TiO2 film (6.7 um thick),0.16,-,0.4 mM CDCA,-,1,0
732.0,16.3,0.71,8.4,"1.0 m 1,3-dimethylimidazolium iodide, 0.03 m iodine, 0.5 m tert-butylpyridine, 0.05 m LiI, 0.1m guanidinium thiocyanate), in an 85:15 acetonitrile/valeronitrile",TiO2 film (8.9 um thick),0.16,-,0.4 mM CDCA,-,1,0
735.0,16.7,0.715,8.8,"1.0 m 1,3-dimethylimidazolium iodide, 0.03 m iodine, 0.5 m tert-butylpyridine, 0.05 m LiI, 0.1m guanidinium thiocyanate), in an 85:15 acetonitrile/valeronitrile",TiO2 film (11.5 um thick),0.16,-,0.4 mM CDCA,-,1,0
742.0,12.6,0.732,6.9,"1.0 m 1,3-dimethylimidazolium iodide, 0.03 m iodine, 0.5 m tert-butylpyridine, 0.05 m LiI, 0.1m guanidinium thiocyanate), in an 85:15 acetonitrile/valeronitrile",TiO2 film (2.4 um thick),0.16,-,0.4 mM CDCA,D-205,1,1
638.0,12.1,0.66,5.1,"0.6 M BMII, 0.05 M I2, 0.1 M LiI, and 0.5 M 4-tert-butyl pyridine in 1:1 acetonitrile/valeronitrile",TiO2 film (10 + 4 um thick),,-,-,-,0,0
680.0,14.0,0.74,7.1,"0.6 M BMII, 0.05 M I2, 0.1 M LiI, and 0.5 M 4-tert-butyl pyridine in 1:1 acetonitrile/valeronitrile",TiO2 film (10 + 4 um thick),,-,-,-,0,0
642.0,14.8,0.63,5.8,"0.6 M BMII, 0.05 M I2, 0.1 M LiI, and 0.5 M 4-tert-butyl pyridine in 1:1 acetonitrile/valeronitrile",TiO2 film (10 + 4 um thick),,-,-,-,0,0
701.0,13.4,0.68,6.4,"0.6 M BMII, 0.05 M I2, 0.1 M LiI, and 0.5 M 4-tert-butyl pyridine in 1:1 acetonitrile/valeronitrile",TiO2 film (10 + 4 um thick),,-,-,-,0,0
649.0,13.4,0.61,5.3,"0.6 M BMII, 0.05 M I2, 0.1 M LiI, and 0.5 M 4-tert-butyl pyridine in 1:1 acetonitrile/valeronitrile",TiO2 film (10 + 4 um thick),,-,-,-,0,0
685.0,13.3,0.68,6.1,"0.6 M BMII, 0.05 M I2, 0.1 M LiI, and 0.5 M 4-tert-butyl pyridine in 1:1 acetonitrile/valeronitrile",TiO2 film (10 + 4 um thick),,-,-,-,0,0
674.0,9.735,0.728,4.78,"LiI (0.1 M), I2 (0.05 M), PMII (0.6 M), 4-tert-butylpyridine (0.5 M) in a mixture of acetonitrile and valeronitrile (volume ratio 85 : 15)",TiO2 film (17 + 5 um thick),0.16,-,-,-,0,0
741.0,13.235,0.758,7.43,"LiI (0.1 M), I2 (0.05 M), PMII (0.6 M), 4-tert-butylpyridine (0.5 M) in a mixture of acetonitrile and valeronitrile (volume ratio 85 : 15)",TiO2 film (17 + 5 um thick),0.16,-,-,-,0,0
697.0,18.438,0.727,9.34,"LiI (0.1 M), I2 (0.05 M), PMII (0.6 M), 4-tert-butylpyridine (0.5 M) in a mixture of acetonitrile and valeronitrile (volume ratio 85 : 15)",TiO2 film (17 + 5 um thick),0.16,-,-,-,0,0
736.0,19.167,0.721,10.17,"LiI (0.1 M), I2 (0.05 M), PMII (0.6 M), 4-tert-butylpyridine (0.5 M) in a mixture of acetonitrile and valeronitrile (volume ratio 85 : 15)",TiO2 film (17 + 5 um thick),0.16,-,-,-,0,0
680.0,10.72,0.69,4.97,"LiI (0.05 M), I2 (0.03 M), 1 methyl-3-n-propylimidazolium iodide (0.6 M) and tert-butylpyridine (0.5 M in a mixture of acetonitrile and valeronitrile, 85 : 15 volume ratio)",TiO2 film (10-12 um thick),,120 nmol/cm2,2 mM CDCA,-,1,0
720.0,11.92,0.71,5.98,"LiI (0.05 M), I2 (0.03 M), 1 methyl-3-n-propylimidazolium iodide (0.6 M) and tert-butylpyridine (0.5 M in a mixture of acetonitrile and valeronitrile, 85 : 15 volume ratio)",TiO2 film (10-12 um thick),,122 nmol/cm2,2 mM CDCA,-,1,0
514.57,2.5,0.75,0.97,"1.0 M 1,2-dimethylimidazolium iodide (DMPII), 0.03 M iodine, 0.1 M guanidinium thiocyanate and 0.5 M tert-butylpyridine in a mixture of acetonitrile/valeronitrile (85 : 15, v/v).",TiO2 film,0.25,32 nmol/cm2,0.4 mM CDCA,-,1,0
609.81,10.07,0.72,4.4,"1.0 M 1,2-dimethylimidazolium iodide (DMPII), 0.03 M iodine, 0.1 M guanidinium thiocyanate and 0.5 M tert-butylpyridine in a mixture of acetonitrile/valeronitrile (85 : 15, v/v).",TiO2 film,0.25,37 nmol/cm2,0.4 mM CDCA,-,1,0
609.81,10.07,0.72,4.4,"1.0 M 1,2-dimethyl1.0 M 1,2-dimethylimidazolium iodide (DMPII), 0.03 M iodine, 0.1 M guanidinium thiocyanate and 0.5 M tertbutylpyridine in a mixture of acetonitrile/valeronitrile (85:15, v/v).",TiO2 film (8 um thick),0.25,37 nmol/cm2,0.4 mM CDCA,-,1,0
633.84,11.43,0.69,5.0,"1.0 M 1,2-dimethylimidazolium iodide (DMPII), 0.03 M iodine, 0.1 M guanidinium thiocyanate and 0.5 M tert-butylpyridine in a mixture of acetonitrile/valeronitrile (85 : 15, v/v).",TiO2 film,0.25,37 nmol/cm2,0.4 mM CDCA,-,1,0
594.0,11.05,0.716,4.7,Z-50 (Solaronix),TiO2 film (8 um thick + 4 um scattering layer),0.22,54 nmol/cm2,1 mM CDCA,-,1,0
639.48,12.18,0.72,5.58,"1.0 M 1,2-dimethyl1.0 M 1,2-dimethylimidazolium iodide (DMPII), 0.03 M iodine, 0.1 M guanidinium thiocyanate and 0.5 M tertbutylpyridine in a mixture of acetonitrile/valeronitrile (85:15, v/v).",TiO2 film (8 um thick),0.25,35 nmol/cm2,0.4 mM CDCA,-,1,0
599.44,8.53,0.73,3.75,"1.0 M 1,2-dimethyl1.0 M 1,2-dimethylimidazolium iodide (DMPII), 0.03 M iodine, 0.1 M guanidinium thiocyanate and 0.5 M tertbutylpyridine in a mixture of acetonitrile/valeronitrile (85:15, v/v).",TiO2 film (8 um thick),0.25,34 nmol/cm2,0.4 mM CDCA,-,1,0
604.25,9.81,0.73,4.3,"1.0 M 1,2-dimethyl1.0 M 1,2-dimethylimidazolium iodide (DMPII), 0.03 M iodine, 0.1 M guanidinium thiocyanate and 0.5 M tertbutylpyridine in a mixture of acetonitrile/valeronitrile (85:15, v/v).",TiO2 film (8 um thick),0.25,34 nmol/cm2,0.4 mM CDCA,-,1,0
520.0,1.17,0.82,0.65,"0.6 M propylmethyl iodide (PMII), 0.1 M LiI, 0.05 M I2, and 0.5 M ter-butyl pyridine (TBP)) in acetonitrile",TiO2 film,,-,-,-,0,0
600.0,4.82,0.77,2.42,"0.6 M propylmethyl iodide (PMII), 0.1 M LiI, 0.05 M I2, and 0.5 M ter-butyl pyridine (TBP)) in acetonitrile",TiO2 film,,-,-,-,0,0
550.0,1.61,0.74,0.65,"0.6 M propylmethyl iodide (PMII), 0.1 M LiI, 0.05 M I2, and 0.5 M ter-butyl pyridine (TBP)) in acetonitrile",TiO2 film,,-,-,-,0,0
610.0,5.19,0.78,2.45,"0.6 M propylmethyl iodide (PMII), 0.1 M LiI, 0.05 M I2, and 0.5 M ter-butyl pyridine (TBP)) in acetonitrile",TiO2 film,,-,-,-,0,0
671.0,10.36,0.523,3.64,"0.1 M LiI, 0.05 M I2, 0.6 M 1-butyl-3-methyl imidazolium iodide (BMII), and 0.5 M 4-tert-butylpyridine (TBP) in a mixture of acetonitrile and valeronitrile (volume ratio of 1:1)",TiO2 film,0.25,-,-,-,0,0
732.0,13.93,0.566,5.77,"0.1 M LiI, 0.05 M I2, 0.6 M 1-butyl-3-methyl imidazolium iodide (BMII), and 0.5 M 4-tert-butylpyridine (TBP) in a mixture of acetonitrile and valeronitrile (volume ratio of 1:1)",TiO2 film,0.25,-,-,-,0,0
592.0,6.47,0.601,2.3,"0.1 M LiI, 0.05 M I2, 0.6 M 1-butyl-3-methyl imidazolium iodide (BMII), and 0.5 M 4-tert-butylpyridine (TBP) in a mixture of acetonitrile and valeronitrile (volume ratio of 1:1)",TiO2 film,0.25,-,-,-,0,0
700.0,14.92,0.7243,7.56,"0.1 M lithium iodide (LiI), 0.05 M iodine (I2), 1 M 1-propyl-3-methyl imidazolium iodide (PMII), and 0.5 M 4-tert-butylpyridine in a mixture of acetonitrile and valeronitrile (in 85:15 volume ratio)",TiO2 film (12 + 4 um thick),,126.7 nmol/cm2,1 mM CDCA,-,1,0
740.0,17.1,0.7141,9.0,"0.1 M lithium iodide (LiI), 0.05 M iodine (I2), 1 M 1-propyl-3-methyl imidazolium iodide (PMII), and 0.5 M 4-tert-butylpyridine in a mixture of acetonitrile and valeronitrile (in 85:15 volume ratio)",TiO2 film (12 + 4 um thick),,160.5 nmol/cm2,1 mM CDCA,-,1,0
730.0,17.29,0.7246,9.19,"0.1 M lithium iodide (LiI), 0.05 M iodine (I2), 1 M 1-propyl-3-methyl imidazolium iodide (PMII), and 0.5 M 4-tert-butylpyridine in a mixture of acetonitrile and valeronitrile (in 85:15 volume ratio)",TiO2 film (12 + 4 um thick),,130.4 nmol/cm2,1 mM CDCA,-,1,0
720.0,15.22,0.7266,7.93,"0.1 M lithium iodide (LiI), 0.05 M iodine (I2), 1 M 1-propyl-3-methyl imidazolium iodide (PMII), and 0.5 M 4-tert-butylpyridine in a mixture of acetonitrile and valeronitrile (in 85:15 volume ratio)",TiO2 film (12 + 4 um thick),,148.1 nmol/cm2,1 mM CDCA,-,1,0
570.0,4.88,0.76,2.09,"0.6 M propylmethyl iodide (PMII), 0.1 M LiI, 0.05 M I2, and 0.5 M ter-butyl pyridine (TBP)) in acetonitrile",TiO2 film,,-,-,-,0,0
560.0,3.01,0.73,1.99,"0.6 M propylmethyl iodide (PMII), 0.1 M LiI, 0.05 M I2, and 0.5 M ter-butyl pyridine (TBP)) in acetonitrile",TiO2 film,,-,-,-,0,0
620.0,10.6,0.62,4.1,"0.1 M LiI, 0.05 M I2, 0.6 M 2,3-dimethyl-1-propylimidazolium iodide, and 0.5 M 4-t-butylpyridine in acetonitrile",TiO2 film 10 um thick,,0.094 nmol/cm2,-,-,0,0
530.0,3.6,0.58,1.1,"0.1 M LiI, 0.05 M I2, 0.6 M 2,3-dimethyl-1-propylimidazolium iodide, and 0.5 M 4-t-butylpyridine in acetonitrile",TiO2 film 10 um thick,,0.11 nmol/cm2,-,-,0,0
610.0,6.7,0.68,2.8,"0.1 M LiI, 0.05 M I2, 0.6 M 2,3-dimethyl-1-propylimidazolium iodide, and 0.5 M 4-t-butylpyridine in acetonitrile",TiO2 film 10 um thick,,0.11 nmol/cm2,-,-,0,0
790.0,15.26,0.7324,8.79,"0.1 M lithium iodide (LiI), 0.05 M iodine (I2), 1 M 1-propyl-3-methyl imidazolium iodide (PMII), and 0.5 M 4-tert-butylpyridine in a mixture of acetonitrile and valeronitrile (in 85:15 volume ratio)",TiO2 film (12 + 4 um thick),,125.7 nmol/cm2,1 mM CDCA,-,1,0
790.0,15.45,0.7307,8.92,"0.1 M lithium iodide (LiI), 0.05 M iodine (I2), 1 M 1-propyl-3-methyl imidazolium iodide (PMII), and 0.5 M 4-tert-butylpyridine in a mixture of acetonitrile and valeronitrile (in 85:15 volume ratio)",TiO2 film (12 + 4 um thick),,99.7 nmol/cm2,1 mM CDCA,-,1,0
760.0,14.07,0.706,7.58,"0.1 M lithium iodide (LiI), 0.05 M iodine (I2), 1 M 1-propyl-3-methyl imidazolium iodide (PMII), and 0.5 M 4-tert-butylpyridine in a mixture of acetonitrile and valeronitrile (in 85:15 volume ratio)",TiO2 film (12 + 4 um thick),,105.1 nmol/cm2,1 mM CDCA,-,1,0
640.0,9.38,0.56,3.36,"0.05 M I2, 0.5 M LiI, 0.6 M dimethylpropyl-benzimidiazole iodide (DPMII), 0.5 M 4-tert-butylpyridine (TBP) in acetonitrile",TiO2 film (14 um thick),,-,CDCA,-,1,0
680.0,10.64,0.62,4.48,"0.05 M I2, 0.5 M LiI, 0.6 M dimethylpropyl-benzimidiazole iodide (DPMII), 0.5 M 4-tert-butylpyridine (TBP) in acetonitrile",TiO2 film (14 um thick),,-,-,-,0,0
720.0,11.56,0.68,5.66,"0.05 M I2, 0.5 M LiI, 0.6 M dimethylpropyl-benzimidiazole iodide (DPMII), 0.5 M 4-tert-butylpyridine (TBP) in acetonitrile",TiO2 film (14 um thick),,-,-,-,0,0
670.0,6.34,0.52,2.27,"LiI (0.05 M), I2 (0.5 M), dimethyl-propyl-benzimidazole iodide (DPMII), (0.6 M) and 4-tert-butylpyridine (TBP) (0.5 M) in acetonitrile",TiO2 film (6 um thick),,-,-,-,0,0
650.0,7.36,0.54,2.58,"LiI (0.05 M), I2 (0.5 M), dimethyl-propyl-benzimidazole iodide (DPMII), (0.6 M) and 4-tert-butylpyridine (TBP) (0.5 M) in acetonitrile",TiO2 film (8 um thick),,-,-,-,0,0
640.0,8.72,0.57,3.18,"LiI (0.05 M), I2 (0.5 M), dimethyl-propyl-benzimidazole iodide (DPMII), (0.6 M) and 4-tert-butylpyridine (TBP) (0.5 M) in acetonitrile",TiO2 film (10 um thick),,-,-,-,0,0
640.0,10.56,0.6,3.9,"LiI (0.05 M), I2 (0.5 M), dimethyl-propyl-benzimidazole iodide (DPMII), (0.6 M) and 4-tert-butylpyridine (TBP) (0.5 M) in acetonitrile",TiO2 film (12 um thick),,56 nmol/cm2,-,-,0,0
620.0,9.33,0.58,3.35,"LiI (0.05 M), I2 (0.5 M), dimethyl-propyl-benzimidazole iodide (DPMII), (0.6 M) and 4-tert-butylpyridine (TBP) (0.5 M) in acetonitrile",TiO2 film (14 um thick),,-,-,-,0,0
600.0,9.2,0.56,3.1,"LiI (0.05 M), I2 (0.5 M), dimethyl-propyl-benzimidazole iodide (DPMII), (0.6 M) and 4-tert-butylpyridine (TBP) (0.5 M) in acetonitrile",TiO2 film (12 um thick),,45 nmol/cm2,-,-,0,0
600.0,7.6,0.54,2.46,"LiI (0.05 M), I2 (0.5 M), dimethyl-propyl-benzimidazole iodide (DPMII), (0.6 M) and 4-tert-butylpyridine (TBP) (0.5 M) in acetonitrile",TiO2 film (12 um thick),,35 nmol/cm2,-,-,0,0
680.0,12.04,0.64,5.24,"LiI (0.05 M), I2 (0.5 M), dimethyl-propyl-benzimidazole iodide (DPMII), (0.6 M) and 4-tert-butylpyridine (TBP) (0.5 M) in acetonitrile",TiO2 film (12 um thick),,64 nmol/cm2,-,-,0,0
700.0,12.86,0.68,6.12,"LiI (0.05 M), I2 (0.5 M), dimethyl-propyl-benzimidazole iodide (DPMII), (0.6 M) and 4-tert-butylpyridine (TBP) (0.5 M) in acetonitrile",TiO2 film (12 um thick),,52 nmol/cm2,DCA,-,1,0
670.0,7.2,0.67,3.1,"0.1 M LiI, 0.05 M I2, 0.6 M 2,3-dimethyl-1-propylimidazolium iodide, and 0.5 M 4-t-butylpyridine in acetonitrile)",TiO2 film (10 um thick),,470 nmol/cm2,-,-,0,0
620.0,5.8,0.65,2.3,"0.1 M LiI, 0.05 M I2, 0.6 M 2,3-dimethyl-1-propylimidazolium iodide, and 0.5 M 4-t-butylpyridine in acetonitrile)",TiO2 film (10 um thick),,670 nmol/cm2,-,-,0,0
620.0,4.3,0.67,1.8,"0.1 M LiI, 0.05 M I2, 0.6 M 2,3-dimethyl-1-propylimidazolium iodide, and 0.5 M 4-t-butylpyridine in acetonitrile)",TiO2 film (10 um thick),,200 nmol/cm2,-,-,0,0
720.0,11.2,0.68,5.2,"0.1 M LiI, 0.05 M I2, 0.6 M 2,3-dimethyl-1-propyl imidazolium iodide, and 0.5 M 4-t-butylpyridine in CH3CN",TiO2 film (10 um thick),0.25,-,-,-,0,0
670.0,9.3,0.64,4.0,"0.1 M LiI, 0.05 M I2, 0.6 M 2,3-dimethyl-1-propyl imidazolium iodide, and 0.5 M 4-t-butylpyridine in CH3CN",TiO2 film (10 um thick),0.25,-,-,-,0,0
645.0,8.1,0.764,3.99,"iodide/triiodide, 0.5 M TBP",TiO2 film (12 um thick),0.25,-,-,-,0,0
625.0,17.7,0.698,7.7,iodide/triiodide,TiO2 film (12 um thick),0.25,-,0.8 mM CDCA,-,1,0
635.0,12.9,0.746,6.1,"iodide/triiodide, 0.5 M TBP",TiO2 film (12 um thick),0.25,-,0.8 mM CDCA,-,1,0
495.0,6.91,0.726,2.48,iodide/triiodide,TiO2 film (12 um thick),0.25,-,-,-,0,0
605.0,5.23,0.748,2.37,"iodide/triiodide, 0.5 M TBP",TiO2 film (12 um thick),0.25,-,-,-,0,0
525.0,9.11,0.698,3.4,iodide/triiodide,TiO2 film (12 um thick),0.25,-,0.8 mM CDCA,-,1,0
615.0,5.22,0.743,2.39,"iodide/triiodide, 0.5 M TBP",TiO2 film (12 um thick),0.25,-,0.8 mM CDCA,-,1,0
535.0,6.54,0.74,2.58,iodide/triiodide,TiO2 film (12 um thick),0.25,-,-,-,0,0
655.0,4.47,0.765,2.24,"iodide/triiodide, 0.5 M TBP",TiO2 film (12 um thick),0.25,-,-,-,0,0
565.0,7.34,0.71,2.93,iodide/triiodide,TiO2 film (12 um thick),0.25,-,0.8 mM CDCA,-,1,0
664.0,11.36,0.674,5.09,"0.6 M 1-butyl-3-methylimidazolium iodide (BMII), 30 mM I2, 50 mM LiI, 0.5 M tert-butylpyridine and 0.1 M guanidiniumthiocyanate (GuNCS) in a solvent mixture of acetonitrile and valeronitrile (volume ratio, 85:15)",TiO2 film 12 um thick,0.16,33 nmol/cm2,-,-,0,0
640.0,8.2,0.65,3.4,"0.1 M LiI, 0.05 M I2, 0.6 M 2,3-dimethyl-1-propylimidazolium iodide, and 0.5 M 4-t-butylpyridine in acetonitrile",TiO2 film 10 um thick,,0.10 nmol/cm2,-,-,0,0
630.0,11.0,0.61,4.2,"0.1 M LiI, 0.05 M I2, 0.6 M 2,3-dimethyl-1-propylimidazolium iodide, and 0.5 M 4-t-butylpyridine in acetonitrile",TiO2 film 10 um thick,,-,-,Zn-3,0,1
595.0,10.66,0.732,4.64,iodide/triiodide,TiO2 film (12 um thick),0.25,-,-,-,0,0
675.0,5.9,0.763,3.04,"iodide/triiodide, 0.5 M TBP",TiO2 film (12 um thick),0.25,-,0.8 mM CDCA,-,1,0
550.0,1.73,0.595,0.56,"0.6 M DMPII, 0.05 M I2, and 0.5 M TBP in a mixture solution of acetonitrile and valeronitrile (85:15, v/v)",TiO2 film (15 um thick),0.16,-,-,-,0,0
560.0,5.14,0.708,2.04,"0.6 M DMPII, 0.05 M I2, and 0.5 M TBP in a mixture solution of acetonitrile and valeronitrile (85:15, v/v)",TiO2 film (15 um thick),0.16,-,-,-,0,0
600.0,5.95,0.632,2.26,"0.6 M DMPII, 0.05 M I2, and 0.5 M TBP in a mixture solution of acetonitrile and valeronitrile (85:15, v/v)",TiO2 film (15 um thick),0.16,-,-,-,0,0
550.0,1.83,0.637,0.64,"0.6 M DMPII, 0.05 M I2, and 0.5 M TBP in a mixture solution of acetonitrile and valeronitrile (85:15, v/v)",TiO2 film (15 um thick),0.16,-,-,-,0,0
630.0,11.14,0.649,4.55,"0.6 M DMPII, 0.05 M I2, and 0.5 M TBP in a mixture solution of acetonitrile and valeronitrile (85:15, v/v)",TiO2 film (15 um thick),0.16,-,-,-,0,0
560.0,3.55,0.619,1.22,"0.6 M DMPII, 0.05 M I2, and 0.5 M TBP in a mixture solution of acetonitrile and valeronitrile (85:15, v/v)",TiO2 film (15 um thick),0.16,-,-,-,0,0
660.0,5.92,0.77,3.01,"0.06 M LiI, 0.03 M I2, 0.6 M 1,2-dimethyl-3-propylimidazolium iodide (DMPII), 0.5 M 4-tertbutylpyridine (TBP) in acetonitrile",TiO2 film (15 um thick),0.159,67 nmol/cm2,-,-,0,0
680.0,7.0,0.729,3.47,"0.06 M LiI, 0.03 M I2, 0.6 M 1,2-dimethyl-3-propylimidazolium iodide (DMPII), 0.5 M 4-tertbutylpyridine (TBP) in acetonitrile",TiO2 film (15 um thick),0.159,52 nmol/cm2,-,-,0,0
670.0,6.93,0.78,3.62,"0.06 M LiI, 0.03 M I2, 0.6 M 1,2-dimethyl-3-propylimidazolium iodide (DMPII), 0.5 M 4-tertbutylpyridine (TBP) in acetonitrile",TiO2 film (15 um thick),0.159,57 nmol/cm2,-,-,0,0
640.0,5.2,0.767,2.55,"0.06 M LiI, 0.03 M I2, 0.6 M 1,2-dimethyl-3-propylimidazolium iodide (DMPII), 0.5 M 4-tertbutylpyridine (TBP) in acetonitrile",TiO2 film (15 um thick),0.159,35 nmol/cm2,-,-,0,0
590.0,14.11,0.66,5.46,"0.5 M LiI, 0.05 M I2, and 0.5 M 4-tert-butylpyridine (TBP) in 3-methoxypropionitrile",TiO2 film (10-15 transparent + 4-6 scattering layer um thick),0.196,24 nmol/cm2,-,-,0,0
610.0,10.86,0.71,4.67,"0.5 M LiI, 0.05 M I2, and 0.5 M 4-tert-butylpyridine (TBP) in 3-methoxypropionitrile",TiO2 film (10-15 transparent + 4-6 scattering layer um thick),0.196,8.5 nmol/cm2,-,-,0,0
640.0,11.5,0.6,4.4,"0.1 M LiI, 0.05 M I2, 0.6 M 2,3-dimethyl-1-propylimidazolium iodide, and 0.5 M 4-t-butylpyridine in acetonitrile",TiO2 film 10 um thick,,-,-,Zn-3,0,1
650.0,11.6,0.6,4.5,"0.1 M LiI, 0.05 M I2, 0.6 M 2,3-dimethyl-1-propylimidazolium iodide, and 0.5 M 4-t-butylpyridine in acetonitrile",TiO2 film 10 um thick,,-,-,Zn-3,0,1
660.0,11.6,0.64,4.9,"0.1 M LiI, 0.05 M I2, 0.6 M 2,3-dimethyl-1-propylimidazolium iodide, and 0.5 M 4-t-butylpyridine in acetonitrile",TiO2 film 10 um thick,,-,-,Zn-3,0,1
560.0,12.13,0.65,4.44,"0.5MLiI, 0.05M I2, and 0.5 M 4-tert-butylpyridine (TBP) in 3-methoxypropionitrile",TiO2 film,,29 nmol/cm2,-,-,0,0
590.0,14.18,0.68,5.71,"0.5MLiI, 0.05M I2, and 0.5 M 4-tert-butylpyridine (TBP) in 3-methoxypropionitrile",TiO2 film,,48.4 nmol/cm2,-,-,0,0
570.0,11.37,0.7,4.54,"0.5MLiI, 0.05M I2, and 0.5 M 4-tert-butylpyridine (TBP) in 3-methoxypropionitrile",TiO2 film,,38.3 nmol/cm2,-,-,0,0
670.0,11.7,0.64,5.0,"0.1 M LiI, 0.05 M I2, 0.6 M 2,3-dimethyl-1-propylimidazolium iodide, and 0.5 M 4-t-butylpyridine in acetonitrile",TiO2 film 10 um thick,,-,-,Zn-3,0,1
670.0,10.8,0.64,4.6,"0.1 M LiI, 0.05 M I2, 0.6 M 2,3-dimethyl-1-propylimidazolium iodide, and 0.5 M 4-t-butylpyridine in acetonitrile",TiO2 film 10 um thick,,-,-,Zn-3,0,1
701.0,12.79,0.7163,6.42,"0.1 M LiI, 0.05 M I2, 0.6 M 1-methyl-3-propylimidazolium iodide, and 0.5 M 4-tert-butylpyridine in acetonitrile",TiO2 film (12 um + 5 um scattering layer),,-,-,-,0,0
650.0,13.3,0.73,6.3,"BMII (1-butyl-3-methylimidazolium iodide) (0.6 M), I2 (0.06 M), NaI (0.1 M), tBP (4-tert-butylpyridine) (0.5 M), GuSCN (guanidinium thiocyanate) (0.1 M) in MeCN",TiO2 film (12 um thick + 3 um scattering layer),0.13,-,-,-,0,0
765.0,8.52,0.77,9.48,"0.60 M butylmethylimidazolium iodide (BMII), 0.03 M I2, 0.10 M guanidinium thiocyanate and 0.50 M tert-butylpyridine in a mixture of acetonitrile and valeronitrile (volume ratio:85:15",TiO2 film (14 um thick + 4 um scattering layer),,-,-,-,0,0
785.0,15.82,0.75,9.31,"0.60 M butylmethylimidazolium iodide (BMII), 0.03 M I2, 0.10 M guanidinium thiocyanate and 0.50 M tert-butylpyridine in a mixture of acetonitrile and valeronitrile (volume ratio:85:15",TiO2 film (14 um thick + 4 um scattering layer),,-,-,-,0,0
819.0,7.27,0.76,4.56,"0.60 M butylmethylimidazolium iodide (BMII), 0.03 M I2, 0.10 M guanidinium thiocyanate and 0.50 M tert-butylpyridine in a mixture of acetonitrile and valeronitrile (volume ratio:85:15",TiO2 film 2 um thick,,-,-,-,0,0
810.0,9.94,0.77,6.19,"0.60 M butylmethylimidazolium iodide (BMII), 0.03 M I2, 0.10 M guanidinium thiocyanate and 0.50 M tert-butylpyridine in a mixture of acetonitrile and valeronitrile (volume ratio:85:15",TiO2 film 5 um thick,,-,-,-,0,0
718.0,17.34,0.65,8.0,"0.1 M LiI, 0.05 M I2, 0.6 M 1-methyl-3-propyl-imidazolium iodide (PMII), and 0.5 M 4-tert-butylpyridine (TBP) in acetonitrile",TiO2 film (6 um transparent + 8 um scattering layer),,-,-,XW4,0,1
750.0,16.3,0.67,8.35,"0.1 M LiI, 0.05 M I2, 0.6 M 1-methyl-3-propyl-imidazolium iodide (PMII), and 0.5 M 4-tert-butylpyridine (TBP) in acetonitrile",TiO2 film (6 um transparent + 8 um scattering layer),,-,-,XW4,0,1
750.0,15.66,0.69,8.08,"0.1 M LiI, 0.05 M I2, 0.6 M 1-methyl-3-propyl-imidazolium iodide (PMII), and 0.5 M 4-tert-butylpyridine (TBP) in acetonitrile",TiO2 film (6 um transparent + 8 um scattering layer),,-,-,XW4,0,1
560.0,11.56,0.7,4.54,"0.5MLiI, 0.05M I2, and 0.5 M 4-tert-butylpyridine (TBP) in 3-methoxypropionitrile",TiO2 film,,42.7 nmol/cm2,-,-,0,0
690.0,6.06,0.63,2.61,"0.6 M 1,2-dimethyl-3-propylimidazolium iodide (DMPII), 0.1 M LiI, 0.05 M I2, 0.5 M tert-butylpyridine in acetonitrile:valeronitrile 85:15 (vol).",TiO2 film 2.2 um thick,0.16,-,2 mM CDCA,-,1,0
770.0,7.37,0.57,3.26,"0.6 M 1,2-dimethyl-3-propylimidazolium iodide (DMPII), 0.1 M LiI, 0.05 M I2, 0.5 M tert-butylpyridine in acetonitrile:valeronitrile 85:15 (vol).",TiO2 film 2.2 um thick,0.16,-,2 mM CDCA,-,1,0
735.0,7.28,0.6,3.22,"0.6 M 1,2-dimethyl-3-propylimidazolium iodide (DMPII), 0.1 M LiI, 0.05 M I2, 0.5 M tert-butylpyridine in acetonitrile:valeronitrile 85:15 (vol).",TiO2 film 2.2 um thick,0.16,-,2 mM CDCA,-,1,0
745.0,6.76,0.65,3.28,"0.6 M 1,2-dimethyl-3-propylimidazolium iodide (DMPII), 0.1 M LiI, 0.05 M I2, 0.5 M tert-butylpyridine in acetonitrile:valeronitrile 85:15 (vol).",TiO2 film 2.2 um thick,0.16,-,2 mM CDCA,-,1,0
740.0,7.27,0.62,3.35,"0.6 M 1,2-dimethyl-3-propylimidazolium iodide (DMPII), 0.1 M LiI, 0.05 M I2, 0.5 M tert-butylpyridine in acetonitrile:valeronitrile 85:15 (vol).",TiO2 film 2.2 um thick,0.16,-,2 mM CDCA,-,1,0
745.0,7.26,0.63,3.42,"0.6 M 1,2-dimethyl-3-propylimidazolium iodide (DMPII), 0.1 M LiI, 0.05 M I2, 0.5 M tert-butylpyridine in acetonitrile:valeronitrile 85:15 (vol).",TiO2 film 2.2 um thick,0.16,-,2 mM CDCA,-,1,0
605.0,10.81,0.68,4.44,"0.6 M 1,2-dimethyl-3-propylimidazolium iodide (DMPII), 0.1 M LiI, 0.05 M I2, 0.5 M tert-butylpyridine in acetonitrile:valeronitrile 85:15 (vol).",TiO2 film (12 um transparent + 5.5 um scattering layer),0.16,-,2 mM CDCA,-,1,0
710.0,13.76,0.64,6.23,"0.6 M 1,2-dimethyl-3-propylimidazolium iodide (DMPII), 0.1 M LiI, 0.05 M I2, 0.5 M tert-butylpyridine in acetonitrile:valeronitrile 85:15 (vol).",TiO2 film (12 um transparent + 5.5 um scattering layer),0.16,-,2 mM CDCA,-,1,0
710.0,12.94,0.66,6.05,"0.6 M 1,2-dimethyl-3-propylimidazolium iodide (DMPII), 0.1 M LiI, 0.05 M I2, 0.5 M tert-butylpyridine in acetonitrile:valeronitrile 85:15 (vol).",TiO2 film (12 um transparent + 5.5 um scattering layer),0.16,-,2 mM CDCA,-,1,0
675.0,12.7,0.65,5.59,"0.6 M 1,2-dimethyl-3-propylimidazolium iodide (DMPII), 0.1 M LiI, 0.05 M I2, 0.5 M tert-butylpyridine in acetonitrile:valeronitrile 85:15 (vol).",TiO2 film (12 um transparent + 5.5 um scattering layer),0.16,-,2 mM CDCA,-,1,0
685.0,12.23,0.65,5.46,"0.6 M 1,2-dimethyl-3-propylimidazolium iodide (DMPII), 0.1 M LiI, 0.05 M I2, 0.5 M tert-butylpyridine in acetonitrile:valeronitrile 85:15 (vol).",TiO2 film (12 um transparent + 5.5 um scattering layer),0.16,-,2 mM CDCA,-,1,0
685.0,12.42,0.67,5.69,"0.6 M 1,2-dimethyl-3-propylimidazolium iodide (DMPII), 0.1 M LiI, 0.05 M I2, 0.5 M tert-butylpyridine in acetonitrile:valeronitrile 85:15 (vol).",TiO2 film (12 um transparent + 5.5 um scattering layer),0.16,-,2 mM CDCA,-,1,0
605.0,11.25,0.63,4.26,"0.6 M 1,2-dimethyl-3-propylimidazolium iodide (DMPII), 0.1 M LiI, 0.05 M I2, 0.5 M tert-butylpyridine in acetonitrile:valeronitrile 85:15 (vol).",TiO2 film 16.6 um thick,0.16,-,2 mM CDCA,-,1,0
705.0,12.56,0.65,5.72,"0.6 M 1,2-dimethyl-3-propylimidazolium iodide (DMPII), 0.1 M LiI, 0.05 M I2, 0.5 M tert-butylpyridine in acetonitrile:valeronitrile 85:15 (vol).",TiO2 film 16.7 um thick,0.16,-,2 mM CDCA,-,1,0
714.0,13.01,0.7,6.42,"0.1 M LiI, 0.05 M I2, 0.6 M 1-methyl-3-propyl-imidazolium iodide (PMII), and 0.5 M 4-tert-butylpyridine (TBP) in acetonitrile",TiO2 film (6 um transparent + 8 um scattering layer),,-,-,WS-5,0,1
733.0,19.36,0.73,10.27,"0.1 M LiI, 0.05 M I2, 0.6 M 1-methyl-3-propyl-imidazolium iodide (PMII), and 0.5 M 4-tert-butylpyridine (TBP) in acetonitrile",TiO2 film (6 um transparent + 8 um scattering layer),,-,-,WS-5,0,1
797.0,11.73,0.77,7.21,"0.60 M butylmethylimidazolium iodide (BMII), 0.03 M I2, 0.10 M guanidinium thiocyanate and 0.50 M tert-butylpyridine in a mixture of acetonitrile and valeronitrile (volume ratio:85:15",TiO2 film 7 um thick,,-,-,-,0,0
788.0,12.86,0.76,7.78,"0.60 M butylmethylimidazolium iodide (BMII), 0.03 M I2, 0.10 M guanidinium thiocyanate and 0.50 M tert-butylpyridine in a mixture of acetonitrile and valeronitrile (volume ratio:85:15",TiO2 film 9 um thick,,-,-,-,0,0
580.0,1.26,0.62,4.54,"0.5 M tetrabutylammonium iodide (TBAI), 0.02 M lithium iodide (LiI), 0.05 M iodine (I2), and 0.5 M 4-tert-butylpyridine in acetonitrile",TiO2 film,1.0,-,-,-,0,0
700.0,14.8,0.71,7.5,"1.0 M 1,3-dimethylimidazolium iodide, 0.15 M iodine, 0.5 M N-butyl benzimidazole, 0.1 M guanidinium thiocyanate in 3-methoxy propionitrile",TiO2 film (7 um thick + 5 um scattering layer),,-,-,-,0,0
810.0,8.9,0.74,5.4,"1.0 M 1,3-dimethylimidazolium iodide, 0.15 M iodine, 0.5 M N-butyl benzimidazole, 0.1 M guanidinium thiocyanate in 3-methoxy propionitrile",TiO2 film 3 um thick,,-,"4-guanidino
butyric acid",-,1,0
800.0,11.1,0.74,6.6,"1.0 M 1,3-dimethylimidazolium iodide, 0.15 M iodine, 0.5 M N-butyl benzimidazole, 0.1 M guanidinium thiocyanate in 3-methoxy propionitrile",TiO2 film 5 um thick,,-,"4-guanidino
butyric acid",-,1,0
820.0,6.0,0.6,3.1,Spiro-MeOTAD as hole transport,TiO2 film 2 um thick,,-,"4-guanidino
butyric acid",-,1,0
650.0,15.9,0.58,6.01,"0.05 M I2, 0.1 M LiI, 0.5 M t-butylpyridine, 0.6 M butylmethylimidazolium iodide (BMII) in 1:1 methylcyanide (acetonitrile)/1-butyl cyanide (valeronitrile) solvent and 10% 3-methyl-2-oxazolidinone (NMO)",TiO2 film 15 um thick,0.25,110 nmol/cm2,-,-,0,0
765.0,15.7,0.668,8.02,"0.6 M 1-butyl-3-methylimidazolium iodide (BMII), 0.1 M guanidinium thiocyanate, 0.03 M I2, and 0.5 M 4-tert-butylpyridine (TBP) in acetonitrile and valeronitrile solution (volume ratio: 85:15)",TiO2 film (12 um thick + 4 um scattering layer),0.16,118 nmol/cm2,0.3 DCA,-,1,0
760.0,15.64,0.72,8.56,"0.60M butylmethylimidazolium iodide (BMII), 0.03 M I2, 0.10 M guanidinium thiocycanate, and 0.50 M tert-butylpyridine in acetonitrile and valeronitrile (volume ratio of 85:15)",TiO2 film (12 um thick + 5 um scattering layer),0.144,-,-,-,0,0
783.0,14.157,0.7,7.8,"1-butyl- 3-methyl-imidazolium iodide (BMII, 1.0 M), guanidinium thiocyanate (0.1 M), LiI (0.05 M), I2 (0.03 M) and 4-t-butylpyridine (TBP, 0.5 M) in acetonitrile and valeronitrile (volume ratio 85:15)",TiO2 film (12 um thick + 3 um scattering layer),0.16,-,0.3 mM CDCA,-,1,0
810.0,10.656,0.74,6.4,"1-butyl- 3-methyl-imidazolium iodide (BMII, 1.0 M), guanidinium thiocyanate (0.1 M), LiI (0.05 M), I2 (0.03 M) and 4-t-butylpyridine (TBP, 0.5 M) in acetonitrile and valeronitrile (volume ratio 85:15)",TiO2 film (3 um thick + 3 um scattering layer),0.16,-,0.3 mM CDCA,-,1,0
790.0,13.064,0.72,7.4,"1-butyl- 3-methyl-imidazolium iodide (BMII, 1.0 M), guanidinium thiocyanate (0.1 M), LiI (0.05 M), I2 (0.03 M) and 4-t-butylpyridine (TBP, 0.5 M) in acetonitrile and valeronitrile (volume ratio 85:15)",TiO2 film (9 um thick + 3 um scattering layer),0.16,-,0.3 mM CDCA,-,1,0
699.0,14.56,0.735,7.5,"1-ethyl-3-methylimidazolium thiocyanate (EMISCN), 0.15 M K(SeCN)3, 10 0.1 M guanidinium thiocyanate, and 0.5 M N-methylbenzimidazole",TiO2 film (8 um + 4 um scattering layer),0.152,-,0.3 mM 3-phenylpropionic acid,-,1,0
610.0,10.66,0.69,4.53,"0.5 M LiI, 0.05 M I2, and 0.5 M 4-tertbutylpyridine (TBP) in 3-methoxypropionitrile",TiO2 film (10-15 um transparent + 4-6 um scattering layer),0.196,8.19 nmol/cm2,10 mM CDCA,-,1,0
620.0,9.41,0.68,3.98,"0.5 M LiI, 0.05 M I2, and 0.5 M 4-tertbutylpyridine (TBP) in 3-methoxypropionitrile",TiO2 film (10-15 um transparent + 4-6 um scattering layer),0.196,1.58 nmol/cm2,10 mM CDCA,-,1,0
750.0,7.07,0.743,3.94,"0.06 M LiI, 0.03 M I2, 0.6 M 1,2-dimethyl-3-propylimidazolium iodide, and 0.5 M 4-tert-butylpyridine in acetonitrile",TiO2 film 10 um thick,0.159,63 nmol/cm2,-,-,0,0
680.0,6.01,0.718,2.93,"0.06 M LiI, 0.03 M I2, 0.6 M 1,2-dimethyl-3-propylimidazolium iodide, and 0.5 M 4-tert-butylpyridine in acetonitrile",TiO2 film 10 um thick,0.159,37.4 nmol/cm2,-,-,0,0
710.0,8.01,0.732,4.16,"0.06 M LiI, 0.03 M I2, 0.6 M 1,2-dimethyl-3-propylimidazolium iodide, and 0.5 M 4-tert-butylpyridine in acetonitrile",TiO2 film 10 um thick,0.159,56.1 nmol/cm2,-,-,0,0
630.0,8.82,0.65,3.61,"0.05 M I2, 0.5 M LiI, 0.6 M dimethylpropyl-benzimidiazole iodide, 0.5 M 4-tert-butylpyridine in acetonitrile",TiO2 film 10 um thick,,2420 nmol/cm2,20 mM CDCA,-,1,0
660.0,9.94,0.68,4.46,"0.05 M I2, 0.5 M LiI, 0.6 M dimethylpropyl-benzimidiazole iodide, 0.5 M 4-tert-butylpyridine in acetonitrile",TiO2 film 10 um thick,,2680 nmol/cm2,20 mM CDCA,-,1,0
620.0,7.06,0.7127,3.12,"0.06 M LiI, 0.03 M I2, 0.6 M 1,2-dimethyl-3-propylimidazolium iodide, and 0.5 M 4-tert-butylpyridine in acetonitrile",TiO2 film 15 um thick,0.159,64 nmol/cm2,-,-,0,0
630.0,4.52,0.7444,2.12,"0.06 M LiI, 0.03 M I2, 0.6 M 1,2-dimethyl-3-propylimidazolium iodide, and 0.5 M 4-tert-butylpyridine in acetonitrile",TiO2 film 15 um thick,0.159,26.1 nmol/cm2,-,-,0,0
600.0,3.54,0.7335,1.56,"0.06 M LiI, 0.03 M I2, 0.6 M 1,2-dimethyl-3-propylimidazolium iodide, and 0.5 M 4-tert-butylpyridine in acetonitrile",TiO2 film 15 um thick,0.159,13.2 nmol/cm2,-,-,0,0
590.0,2.46,0.6986,1.01,"0.06 M LiI, 0.03 M I2, 0.6 M 1,2-dimethyl-3-propylimidazolium iodide, and 0.5 M 4-tert-butylpyridine in acetonitrile",TiO2 film 15 um thick,0.159,-,-,-,0,0
620.0,7.92,0.7236,3.55,"0.06 M LiI, 0.03 M I2, 0.6 M 1,2-dimethyl-3-propylimidazolium iodide, and 0.5 M 4-tert-butylpyridine in acetonitrile",TiO2 film 15 um thick,0.159,275 nmol/cm2,-,-,0,0
690.0,18.8,0.68,8.82,"0.1 M lithium iodide, 0.6 M DMPII, 0.05 M iodine, and 0.5 M 4-tert-butylpyridine in 3-methoxypropionitrile/acetonitrile (volume ratio of 1:1)",TiO2 film (12 um thick + 4 um scattering layer),0.16,-,,-,0,0
520.0,6.09,0.67,2.1,"0.5 M LiI, 0.05 M I2, and 0.5 M 4-tertbutylpyridine (TBP) in 3-methoxypropionitrile",TiO2 film (10-15 um transparent + 4-6 um scattering layer),0.196,7.72 nmol/cm2,10 mM CDCA,-,1,0
690.0,8.17,0.7418,4.18,"0.06 M LiI, 0.03 M I2, 0.6 M 1,2-dimethyl-3-propylimidazolium iodide, and 0.5 M 4-tert-butylpyridine in acetonitrile",TiO2 film 15 um thick,0.159,201 nmol/cm2,-,-,0,0
730.0,9.09,0.7216,4.79,"0.06 M LiI, 0.03 M I2, 0.6 M 1,2-dimethyl-3-propylimidazolium iodide, and 0.5 M 4-tert-butylpyridine in acetonitrile",TiO2 film 15 um thick,0.159,139 nmol/cm2,-,-,0,0
710.0,9.75,0.7344,5.08,"0.06 M LiI, 0.03 M I2, 0.6 M 1,2-dimethyl-3-propylimidazolium iodide, and 0.5 M 4-tert-butylpyridine in acetonitrile",TiO2 film 15 um thick,0.159,115 nmol/cm2,-,-,0,0
493.0,2.8,0.69,0.95,"0.1 M LiI, 0.03 M I2, 0.6 M 1-methyl-3-propylimidazolium iodide, and 0.5 M t-butylpyridine in acetonitrile",TiO2 film,0.2,-,-,-,0,0
551.0,3.33,0.69,1.27,"0.1 M LiI, 0.03 M I2, 0.6 M 1-methyl-3-propylimidazolium iodide, and 0.5 M t-butylpyridine in acetonitrile",TiO2 film,0.2,-,5 mM CDCA,-,1,0
577.0,5.83,0.66,2.22,"0.1 M LiI, 0.03 M I2, 0.6 M 1-methyl-3-propylimidazolium iodide, and 0.5 M t-butylpyridine in acetonitrile",TiO2 film,0.2,-,10 mM CDCA,-,1,0
568.0,5.56,0.597,1.89,"0.1 mol/L iodine, 0.6 mol/L methylhexylimidazolium iodide, 0.5 mol/L tertbutylpyridine, and 0.1 mol/L lithium iodide in 3-methoxypropionitrile",TiO2 film,0.36,-,-,-,0,0
750.0,13.2,0.641,6.35,"0.6 mol/L 1-butyl-3-methylimidazolium iodide (BMII), 0.05 mol/L LiI, 0.03 mol/L I2, 0.5 mol/L 4-tert-butylpyridine, and 0.1 mol/L guanidinium thiocyanate in acetonitrile and valeronitrile (85/15, V/V)",TiO2 film 15 um thick,0.16,-,-,-,0,0
710.0,7.74,0.6,3.3,EL141 dyesol,TiO2 film 6 um thick,0.2,-,-,-,0,0
720.0,5.74,0.65,2.65,"0.5 M 1-propyl-3-methylimidazolium iodide (PMII), 0.05 M iodine and 0.5 M 4-tert-butylpyrindine (TBP) in 3-methoxypropionitrile (MPN)",TiO2 film 6 um thick,0.2,-,-,-,0,0
670.0,5.86,0.6,2.34,"0.25 M di-imidazole iodide polyethyleneglycol (PEG 100 mol wt), 0.05 M iodine and 0.5 M 4-tert-butylpyrindine (TBP), 0.1 M tetrabutylammonium perchlorate (TBAP) in 3-methoxypropionitrile (MPN)",TiO2 film 6 um thick,0.2,-,-,-,0,0
670.0,2.07,0.58,0.81,"0.25 M di-imidazole iodide polyethyleneglycol (PEG 200 mol wt), 0.05 M iodine and 0.5 M 4-tert-butylpyrindine (TBP), 0.1 M tetrabutylammonium perchlorate (TBAP) in 3-methoxypropionitrile (MPN)",TiO2 film 6 um thick,0.2,-,-,-,0,0
713.0,14.36,0.69,7.09,"0.1 M LiI, 0.05 M I2, 0.6 M 1-methyl-3-propyl-imidazolium iodide (PMII), and 0.5 M 4-tert-butylpyridine (TBP) in a mixture of acetonitrile and valeronitrile (volume ratio of 85:15)",TiO2 film (12 um transparent + 5 um scattering layer),0.12,-,-,-,0,0
648.0,10.65,0.69,4.77,"0.1 M LiI, 0.05 M I2, 0.6 M 1-methyl-3-propyl-imidazolium iodide (PMII), and 0.5 M 4-tert-butylpyridine (TBP) in a mixture of acetonitrile and valeronitrile (volume ratio of 85:15)",TiO2 film (12 um transparent + 5 um scattering layer),0.12,-,-,-,0,0
689.0,12.19,0.7,5.92,"0.1 M LiI, 0.05 M I2, 0.6 M 1-methyl-3-propyl-imidazolium iodide (PMII), and 0.5 M 4-tert-butylpyridine (TBP) in a mixture of acetonitrile and valeronitrile (volume ratio of 85:15)",TiO2 film (12 um transparent + 5 um scattering layer),0.12,-,-,-,0,0
610.0,13.1,0.72,5.75,"0.1 M LiI, 0.05 M I2, 0.6 M 1-methyl-3-propyl-imidazolium iodide (PMII), and 0.5 M 4-tert-butylpyridine (TBP) in a mixture of acetonitrile and valeronitrile (volume ratio of 85:15)",TiO2 film (12 um transparent + 5 um scattering layer),0.12,-,-,-,0,0
700.0,15.72,0.69,7.59,"0.1 M LiI, 0.05 M I2, 0.6 M 1-methyl-3-propyl-imidazolium iodide (PMII), and 0.5 M 4-tert-butylpyridine (TBP) in a mixture of acetonitrile and valeronitrile (volume ratio of 85:15)",TiO2 film (12 um transparent + 5 um scattering layer),0.12,-,-,-,0,0
723.0,17.17,0.7,8.75,"0.1 M LiI, 0.05 M I2, 0.6 M 1-methyl-3-propyl-imidazolium iodide (PMII), and 0.5 M 4-tert-butylpyridine (TBP) in a mixture of acetonitrile and valeronitrile (volume ratio of 85:15)",TiO2 film (12 um transparent + 5 um scattering layer),0.12,-,-,XS-3,0,1
705.0,18.23,0.73,9.31,"0.1 M LiI, 0.05 M I2, 0.6 M 1-methyl-3-propyl-imidazolium iodide (PMII), and 0.5 M 4-tert-butylpyridine (TBP) in a mixture of acetonitrile and valeronitrile (volume ratio of 85:15)",TiO2 film (12 um transparent + 5 um scattering layer),0.12,-,-,XS-3,0,1
570.0,5.43,0.72,2.22,"0.1 M LiI, 0.05 M I2, 0.6 M 1-butyl-3-methyl imidazolium iodide (BMII), and 0.5 M 4-tert-butylpyridine (TBP) in a mixture of acetonitrile and valeronitrile (volume ratio 1:1)",TiO2 film (10 um transparent + 4 um scattering layer),0.25,-,-,-,0,0
680.0,11.3,0.71,5.51,"0.1 M LiI, 0.05 M I2, 0.6 M 1-butyl-3-methyl imidazolium iodide (BMII), and 0.5 M 4-tert-butylpyridine (TBP) in a mixture of acetonitrile and valeronitrile (volume ratio 1:1)",TiO2 film (10 um transparent + 4 um scattering layer),0.25,-,-,-,0,0
640.0,17.11,0.51,5.6,"0.6 M butyl-bis(3-methylimidazolium)diiodide (K34), 0.1 M lithium iodide (LiI), 0.05 M iodine (I 2 ) and 0,5 M tert-butyl pyridine (TBP) in 3-methoxy propyonitrile (MPN)",TiO2 film 10 um thick,1.0,-,-,-,0,0
640.0,12.83,0.68,5.55,"0.5 M LiI, 0.05 M I2 , and 0.5 M 4-tert-butylpyridine (TBP) in 3-methoxypropionitrile",TiO2 film (10-15 um transparent + 4-6 um scattering layer),0.196,-,-,-,0,0
630.0,13.71,0.67,5.8,"0.5 M LiI, 0.05 M I2 , and 0.5 M 4-tert-butylpyridine (TBP) in 3-methoxypropionitrile",TiO2 film (10-15 um transparent + 4-6 um scattering layer),0.196,-,-,-,0,0
640.0,15.59,0.65,6.47,"0.5 M LiI, 0.05 M I2 , and 0.5 M 4-tert-butylpyridine (TBP) in 3-methoxypropionitrile",TiO2 film (10-15 um transparent + 4-6 um scattering layer),0.196,-,-,-,0,0
730.0,17.77,0.75,9.73,"0.6 M 1-methyl-3-propylimidazolium iodide (PMII), 0.1 M LiI, 0.05 M I2, and 0.5 M4-tert-butylpyridine (4-TBP) in a mixture of acetonitrile-valeronitrile (85:15, v/v)",TiO2 film (12 um transparent + 4 um scattering layer),0.096,165 nmol/cm2,-,-,0,0
680.0,14.17,0.72,6.97,"0.6 M 1-methyl-3-propylimidazolium iodide (PMII), 0.1 M LiI, 0.05 M I2, and 0.5 M4-tert-butylpyridine (4-TBP) in a mixture of acetonitrile-valeronitrile (85:15, v/v)",TiO2 film (12 um transparent + 4 um scattering layer),0.096,161 nmol/cm2,-,-,0,0
579.0,12.94,0.712,5.37,Z-50 (Solaronix),TiO2 film (8 um thick + 4 um scattering layer),0.22,94 nmol/cm2,0.3 mM CDCA,-,1,0
720.0,17.76,0.74,9.51,"0.6 M 1-methyl-3-propylimidazolium iodide (PMII), 0.1 M LiI, 0.05 M I2, and 0.5 M4-tert-butylpyridine (4-TBP) in a mixture of acetonitrile-valeronitrile (85:15, v/v)",TiO2 film (12 um transparent + 4 um scattering layer),0.096,120  nmol/cm2,-,-,0,0
680.0,14.2,0.69,6.7,"0.6 M 1-methyl-3-propylimidazolium iodide (PMII), 0.1 M LiI, 0.05 M I2, and 0.5 M4-tert-butylpyridine (4-TBP) in a mixture of acetonitrile-valeronitrile (85:15, v/v)",TiO2 film (12 um transparent + 4 um scattering layer),0.096,114  nmol/cm2,-,-,0,0
720.0,18.82,0.74,10.03,"0.6 M 1-methyl-3-propylimidazolium iodide (PMII), 0.1 M LiI, 0.05 M I2, and 0.5 M4-tert-butylpyridine (4-TBP) in a mixture of acetonitrile-valeronitrile (85:15, v/v)",TiO2 film (12 um transparent + 4 um scattering layer),0.096,133  nmol/cm2,-,-,0,0
697.0,10.42,0.69,5.0,"LiI (0.1 M), I2 (0.05 M), 1-methyl-3-propylimidazolium iodide (PMII, 0.6 M), 4-tert-butylpyridine (TBP, 0.5 M) in a mixture of acetonitrile and valeronitrile (volume ratio 1:1)",TiO2 film (10 um transparent + 4 um scattering layer),0.16,140 nmol/cm2,0.4 mM CDCA,-,1,0
714.0,14.8,0.67,7.1,"LiI (0.1 M), I2 (0.05 M), 1-methyl-3-propylimidazolium iodide (PMII, 0.6 M), 4-tert-butylpyridine (TBP, 0.5 M) in a mixture of acetonitrile and valeronitrile (volume ratio 1:1)",TiO2 film (10 um transparent + 4 um scattering layer),0.16,148 nmol/cm2,0.4 mM CDCA,-,1,0
712.0,14.27,0.67,6.8,"LiI (0.1 M), I2 (0.05 M), 1-methyl-3-propylimidazolium iodide (PMII, 0.6 M), 4-tert-butylpyridine (TBP, 0.5 M) in a mixture of acetonitrile and valeronitrile (volume ratio 1:1)",TiO2 film (10 um transparent + 4 um scattering layer),0.16,131 nmol/cm2,0.4 mM CDCA,-,1,0
623.0,9.42,0.71,4.2,"LiI (0.1 M), I2 (0.05 M), 1-methyl-3-propylimidazolium iodide (PMII, 0.6 M), 4-tert-butylpyridine (TBP, 0.5 M) in a mixture of acetonitrile and valeronitrile (volume ratio 1:1)",TiO2 film (10 um transparent + 4 um scattering layer),0.16,128 nmol/cm2,0.4 mM CDCA,-,1,0
704.0,12.21,0.64,5.5,"LiI (0.1 M), I2 (0.05 M), 1-methyl-3-propylimidazolium iodide (PMII, 0.6 M), 4-tert-butylpyridine (TBP, 0.5 M) in a mixture of acetonitrile and valeronitrile (volume ratio 1:1)",TiO2 film (10 um transparent + 4 um scattering layer),0.16,111 nmol/cm2,0.4 mM CDCA,-,1,0
722.0,13.99,0.69,7.0,"LiI (0.1 M), I2 (0.05 M), 1-methyl-3-propylimidazolium iodide (PMII, 0.6 M), 4-tert-butylpyridine (TBP, 0.5 M) in a mixture of acetonitrile and valeronitrile (volume ratio 1:1)",TiO2 film (10 um transparent + 4 um scattering layer),0.16,142 nmol/cm2,0.4 mM CDCA,-,1,0
682.0,12.92,0.717,6.3,"LiI (0.05 M), I2 (0.05 M), DMPII (1.0 M), 4-tert-butylpyridine (0.5 M) in acetonitrile and valeronitrile (volume ratio 85:15)",TiO2 film (17 um transparent + 5 um scattering layer),0.16,-,-,-,0,0
689.0,17.26,0.681,8.1,"LiI (0.05 M), I2 (0.05 M), DMPII (1.0 M), 4-tert-butylpyridine (0.5 M) in acetonitrile and valeronitrile (volume ratio 85:15)",TiO2 film (17 um transparent + 5 um scattering layer),0.16,-,-,-,0,0
685.0,15.51,0.7,7.4,"LiI (0.05 M), I2 (0.05 M), DMPII (1.0 M), 4-tert-butylpyridine (0.5 M) in acetonitrile and valeronitrile (volume ratio 85:15)",TiO2 film (17 um transparent + 5 um scattering layer),0.16,-,-,-,0,0
644.0,11.78,0.708,5.4,"LiI (0.05 M), I2 (0.05 M), DMPII (1.0 M), 4-tert-butylpyridine (0.5 M) in acetonitrile and valeronitrile (volume ratio 85:15)",TiO2 film (17 um transparent + 5 um scattering layer),0.16,-,-,-,0,0
624.0,9.07,0.727,4.1,"LiI (0.05 M), I2 (0.05 M), DMPII (1.0 M), 4-tert-butylpyridine (0.5 M) in acetonitrile and valeronitrile (volume ratio 85:15)",TiO2 film (17 um transparent + 5 um scattering layer),0.16,-,-,-,0,0
680.0,14.27,0.62,6.01,"0.1 M LiI, 0.05 M I2, 0.6 M 1-methyl-3-propylimidazolium iodide (PMII), and 0.5 M 4-tert-butylpyridine (TBP) in acetonitrile",TiO2 film (12-14 um transparent + 4-5 um scattering layer),0.25,-,-,-,0,0
630.0,12.51,0.54,4.23,"0.1 M LiI, 0.05 M I2, 0.6 M 1-methyl-3-propylimidazolium iodide (PMII), and 0.5 M 4-tert-butylpyridine (TBP) in acetonitrile",TiO2 film (12-14 um transparent + 4-5 um scattering layer),0.25,-,-,-,0,0
580.0,12.76,0.59,4.38,"0.1 M LiI, 0.05 M I2, 0.6 M 1-methyl-3-propylimidazolium iodide (PMII), and 0.5 M 4-tert-butylpyridine (TBP) in acetonitrile",TiO2 film (12-14 um transparent + 4-5 um scattering layer),0.25,-,-,-,0,0
600.0,13.61,0.62,5.0,"0.1 M LiI, 0.05 M I2, 0.6 M 1-methyl-3-propylimidazolium iodide (PMII), and 0.5 M 4-tert-butylpyridine (TBP) in acetonitrile",TiO2 film (12-14 um transparent + 4-5 um scattering layer),0.25,-,-,-,0,0
727.0,18.035,0.7061,9.25,"I2 (0.05 M), LiI (0.1 M), 1-methyl-3-propylimidazolium iodide (PMII) (1.0 M), and 4-tert-butylpyridine (0.5 M) in acetonitrile and valeronitrile with a volume ratio of 85/15",TiO2 film (12 um transparent + 5 um scattering layer),0.16,-,-,-,0,0
668.0,11.389,0.7386,5.62,"I2 (0.05 M), LiI (0.1 M), 1-methyl-3-propylimidazolium iodide (PMII) (1.0 M), and 4-tert-butylpyridine (0.5 M) in acetonitrile and valeronitrile with a volume ratio of 85/15",TiO2 film (12 um transparent + 5 um scattering layer),0.16,-,-,-,0,0
698.0,16.714,0.7127,8.31,"I2 (0.05 M), LiI (0.1 M), 1-methyl-3-propylimidazolium iodide (PMII) (1.0 M), and 4-tert-butylpyridine (0.5 M) in acetonitrile and valeronitrile with a volume ratio of 85/15",TiO2 film (12 um transparent + 5 um scattering layer),0.16,-,-,H2LD14,0,1
716.0,18.76,0.7229,9.72,"I2 (0.05 M), LiI (0.1 M), 1-methyl-3-propylimidazolium iodide (PMII) (1.0 M), and 4-tert-butylpyridine (0.5 M) in acetonitrile and valeronitrile with a volume ratio of 85/15",TiO2 film (12 um transparent + 5 um scattering layer),0.16,-,-,H2LD14+AN-3,0,1
676.0,17.432,0.7103,8.37,"LiI (0.05 M), I2 (0.05 M), DMPII (1.0 M), 4-tert-butylpyridine (0.5 M) in a mixture of acetonitrile and valeronitrile (volume ratio 85:15)",TiO2 film (17 um transparent + 5 um scattering layer),0.16,-,-,-,0,0
676.0,17.867,0.726,8.77,"LiI (0.05 M), I2 (0.05 M), DMPII (1.0 M), 4-tert-butylpyridine (0.5 M) in a mixture of acetonitrile and valeronitrile (volume ratio 85:15)",TiO2 film (17 um transparent + 5 um scattering layer),0.16,-,-,-,0,0
662.0,13.719,0.704,6.39,"LiI (0.05 M), I2 (0.05 M), DMPII (1.0 M), 4-tert-butylpyridine (0.5 M) in a mixture of acetonitrile and valeronitrile (volume ratio 85:15)",TiO2 film (17 um transparent + 5 um scattering layer),0.16,-,-,-,0,0
632.0,17.019,0.7212,5.91,"LiI (0.05 M), I2 (0.05 M), DMPII (1.0 M), 4-tert-butylpyridine (0.5 M) in a mixture of acetonitrile and valeronitrile (volume ratio 85:15)",TiO2 film (17 um transparent + 5 um scattering layer),0.16,-,-,-,0,0
710.0,20.397,0.694,10.05,"LiI (0.05 M), I2 (0.05 M), DMPII (1.0 M), 4-tert-butylpyridine (0.5 M) in a mixture of acetonitrile and valeronitrile (volume ratio 85:15)",TiO2 film (17 um transparent + 5 um scattering layer),0.16,-,-,-,0,0
669.0,18.561,0.7183,8.92,"LiI (0.05 M), I2 (0.05 M), DMPII (1.0 M), 4-tert-butylpyridine (0.5 M) in a mixture of acetonitrile and valeronitrile (volume ratio 85:15)",TiO2 film (17 um transparent + 5 um scattering layer),0.16,-,-,-,0,0
707.0,20.587,0.7037,10.24,"LiI (0.05 M), I2 (0.05 M), DMPII (1.0 M), 4-tert-butylpyridine (0.5 M) in a mixture of acetonitrile and valeronitrile (volume ratio 85:15)",TiO2 film (17 um transparent + 5 um scattering layer),0.16,-,-,-,0,0
714.0,18.33,0.6838,8.94,"LiI (0.05 M), I2 (0.05 M), DMPII (1.0 M), 4-tert-butylpyridine (0.5 M) in a mixture of acetonitrile and valeronitrile (volume ratio 85:15)",TiO2 film (17 um transparent + 5 um scattering layer),0.16,-,-,-,0,0
660.0,10.562,0.733,5.11,"LiI (0.1 M), I2 (0.05 M), PMII (0.6 M), 4-tert-butyl-pyridine (0.5 M) in a mixture of acetonitrile and valeronitrile (volume ratio 85:15)",TiO2 film (14 um transparent + 5 um scattering layer),0.16,90 nmol/cm2,-,-,0,0
682.0,15.921,0.7208,7.83,"LiI (0.1 M), I2 (0.05 M), PMII (0.6 M), 4-tert-butyl-pyridine (0.5 M) in a mixture of acetonitrile and valeronitrile (volume ratio 85:15)",TiO2 film (14 um transparent + 5 um scattering layer),0.16,96 nmol/cm2,-,-,0,0
654.0,14.044,0.7311,6.62,"LiI (0.1 M), I2 (0.05 M), PMII (0.6 M), 4-tert-butyl-pyridine (0.5 M) in a mixture of acetonitrile and valeronitrile (volume ratio 85:15)",TiO2 film (14 um transparent + 5 um scattering layer),0.16,107 nmol/cm2,-,-,0,0
678.0,17.019,0.7162,8.26,"LiI (0.1 M), I2 (0.05 M), PMII (0.6 M), 4-tert-butyl-pyridine (0.5 M) in a mixture of acetonitrile and valeronitrile (volume ratio 85:15)",TiO2 film (14 um transparent + 5 um scattering layer),0.16,113 nmol/cm2,-,-,0,0
711.0,19.627,0.7209,10.06,"LiI (0.1 M), I2 (0.05 M), PMII (0.6 M), 4-tert-butyl-pyridine (0.5 M) in a mixture of acetonitrile and valeronitrile (volume ratio 85:15)",TiO2 film (14 um transparent + 5 um scattering layer),0.16,109 nmol/cm2,-,-,0,0
680.0,15.73,0.64,6.84,"0.1 M LiI, 0.05 M I2, 0.6 M 1-methyl-3-propyl-imidazolium iodide (PMII), and 0.5 M 4-tert-butylpyridine (TBP) in acetonitrile and valeronitrile (volume ratio of 85:15)",TiO2 film (12 um transparent + 5 um scattering layer),,-,-,-,0,0
740.0,12.6,0.7,6.54,"lithium iodide (LiI, 0.1 M), diiodine (I2, 0.05 M), PMII (0.6 M), and TBP (0.5 M) in a mixture of acetonitrile and methoxypropionitrile (v/v = 1:1)",TiO2 film 7 um,0.3,-,-,-,0,0
702.0,16.22,0.7,7.94,"0.1 M LiI, 0.05 M I2, 0.6 M 1-methyl-3-propyl-imidazolium iodide (PMII), and 0.5 M 4-tert-butylpyridine (TBP) in acetonitrile and valeronitrile (volume ratio of 85:15)",TiO2 film (12 um transparent + 5 um scattering layer),,-,-,-,0,0
746.0,17.53,0.71,9.24,"0.1 M LiI, 0.05 M I2, 0.6 M 1,2-dimethyl-3-propyl-imidazolium iodide (DMPII), and 0.5 M 4-tert-butylpyridine (TBP) in acetonitrile and valeronitrile (volume ratio of 85:15)",TiO2 film (12 um transparent + 5 um scattering layer),,-,-,C1,0,1
753.0,17.4,0.68,8.92,"0.1 M LiI, 0.05 M I2, 0.6 M 1,2-dimethyl-3-propyl-imidazolium iodide (DMPII), and 0.5 M 4-tert-butylpyridine (TBP) in acetonitrile and valeronitrile (volume ratio of 85:15)",TiO2 film (12 um transparent + 5 um scattering layer),,-,-,C1,0,1
693.0,17.9,0.68,8.0,"0.1 M LiI, 0.05 M I2, 0.6 M 1,2-dimethyl-3-propyl-imidazolium iodide (DMPII), and 0.5 M 4-tert-butylpyridine (TBP) in acetonitrile and valeronitrile (volume ratio of 85:15)",TiO2 film (12 um transparent + 5 um scattering layer),,-,-,C1,0,1
697.0,18.22,0.7,8.96,"0.1 M LiI, 0.05 M I2, 0.6 M 1,2-dimethyl-3-propyl-imidazolium iodide (DMPII), and 0.5 M 4-tert-butylpyridine (TBP) in acetonitrile and valeronitrile (volume ratio of 85:15)",TiO2 film (12 um transparent + 5 um scattering layer),,-,-,C1,0,1
704.0,18.18,0.69,8.77,"0.1 M LiI, 0.05 M I2, 0.6 M 1,2-dimethyl-3-propyl-imidazolium iodide (DMPII), and 0.5 M 4-tert-butylpyridine (TBP) in acetonitrile and valeronitrile (volume ratio of 85:15)",TiO2 film (12 um transparent + 5 um scattering layer),,-,-,C1,0,1
698.0,17.6,0.7,8.59,"0.1 M LiI, 0.05 M I2, 0.6 M 1,2-dimethyl-3-propyl-imidazolium iodide (DMPII), and 0.5 M 4-tert-butylpyridine (TBP) in acetonitrile and valeronitrile (volume ratio of 85:15)",TiO2 film (12 um transparent + 5 um scattering layer),,-,-,C1,0,1
590.0,5.38,0.66,2.09,"0.6 M 1,2-dimetyl-3-propyl imidazolium iodide, 0.05 M iodine, 0.1 M LiI, and 0.5 M tert-butylpyridine in acetonitrile",TiO2 film (9.5 um transparent + 4 um scattering layer),,-,-,-,0,0
705.0,18.42,0.7,9.05,"0.1 M LiI, 0.05 M I2, 0.6 M 1,2-dimethyl-3-propyl-imidazolium iodide (DMPII), and 0.5 M 4-tert-butylpyridine (TBP) in acetonitrile and valeronitrile (volume ratio of 85:15)",TiO2 film (12 um transparent + 5 um scattering layer),,-,-,C1,0,1
711.0,17.9,0.71,8.91,"0.1 M LiI, 0.05 M I2, 0.6 M 1,2-dimethyl-3-propyl-imidazolium iodide (DMPII), and 0.5 M 4-tert-butylpyridine (TBP) in acetonitrile and valeronitrile (volume ratio of 85:15)",TiO2 film (12 um transparent + 5 um scattering layer),,-,-,C1,0,1
725.0,18.2,0.69,9.0,"0.1 M LiI, 0.05 M I2, 0.6 M 1,2-dimethyl-3-propyl-imidazolium iodide (DMPII), and 0.5 M 4-tert-butylpyridine (TBP) in acetonitrile and valeronitrile (volume ratio of 85:15)",TiO2 film (12 um transparent + 5 um scattering layer),,-,-,C1,0,1
736.0,20.15,0.71,10.45,"0.1 M LiI, 0.05 M I2, 0.6 M 1,2-dimethyl-3-propyl-imidazolium iodide (DMPII), and 0.5 M 4-tert-butylpyridine (TBP) in acetonitrile and valeronitrile (volume ratio of 85:15)",TiO2 film (12 um transparent + 5 um scattering layer),,-,-,C1,0,1
740.0,19.97,0.69,10.09,"0.1 M LiI, 0.05 M I2, 0.6 M 1,2-dimethyl-3-propyl-imidazolium iodide (DMPII), and 0.5 M 4-tert-butylpyridine (TBP) in acetonitrile and valeronitrile (volume ratio of 85:15)",TiO2 film (12 um transparent + 5 um scattering layer),,-,-,C1,0,1
490.0,5.5,0.65,1.75,"0.5 M LiI, 0.05 M I2 and 0.5 M 4-tert-butyl-pyridine (TBP) in 3-methoxypropionitrile",TiO2 film 10-15 um thick,0.96,183 nmol/cm2,-,-,0,0
400.0,4.0,0.66,1.06,"0.5 M LiI, 0.05 M I2 and 0.5 M 4-tert-butyl-pyridine (TBP) in 3-methoxypropionitrile",TiO2 film 10-15 um thick,0.96,126 nmol/cm2,-,-,0,0
725.0,17.07,0.7,8.6,"0.1 M LiI, 0.05 M I2, 0.6 M 1-methyl-3-propyl-imidazoliumiodide (PMII), and 0.5 M 4-tert-butylpyridine (TBP) in acetonitrile",TiO2 film (12 um transparent + 5 um scattering layer),,-,2 mM CDCA,-,1,0
720.0,18.02,0.67,8.7,"0.1 M LiI, 0.05 M I2, 0.6 M 1-methyl-3-propyl-imidazoliumiodide (PMII), and 0.5 M 4-tert-butylpyridine (TBP) in acetonitrile",TiO2 film (12 um transparent + 5 um scattering layer),,-,2 mM CDCA,-,1,0
734.0,17.92,0.7,9.1,"0.1 M LiI, 0.05 M I2, 0.6 M 1-methyl-3-propyl-imidazoliumiodide (PMII), and 0.5 M 4-tert-butylpyridine (TBP) in acetonitrile",TiO2 film (12 um transparent + 5 um scattering layer),,-,2 mM CDCA,-,1,0
700.0,18.79,0.72,9.5,"0.1 M LiI, 0.05 M I2, 0.6 M 1-methyl-3-propyl-imidazoliumiodide (PMII), and 0.5 M 4-tert-butylpyridine (TBP) in acetonitrile",TiO2 film (12 um transparent + 5 um scattering layer),,-,2 mM CDCA,-,1,0
765.0,18.54,0.7,9.9,"0.1 M LiI, 0.05 M I2, 0.6 M 1-methyl-3-propyl-imidazoliumiodide (PMII), and 0.5 M 4-tert-butylpyridine (TBP) in acetonitrile",TiO2 film (12 um transparent + 5 um scattering layer),,-,2 mM CDCA,WS-5,1,1
763.0,18.88,0.71,10.1,"0.1 M LiI, 0.05 M I2, 0.6 M 1-methyl-3-propyl-imidazoliumiodide (PMII), and 0.5 M 4-tert-butylpyridine (TBP) in acetonitrile",TiO2 film (12 um transparent + 5 um scattering layer),,-,2 mM CDCA,WS-5,1,1
773.0,19.01,0.72,10.4,"0.1 M LiI, 0.05 M I2, 0.6 M 1-methyl-3-propyl-imidazoliumiodide (PMII), and 0.5 M 4-tert-butylpyridine (TBP) in acetonitrile",TiO2 film (12 um transparent + 5 um scattering layer),,-,2 mM CDCA,WS-5,1,1
670.0,14.03,0.69,6.49,"0.6 M 1,2-dimethyl-3-n-propylimidazolium iodide (DMPII), 0.1 M LiI, 0.05 M I2 and 0.5 M tert-butylpyridine (TBP) in CH3CN",TiO2 film 12 um thick,0.25,-,-,-,0,0
716.0,14.99,0.66,7.13,"0.1 M LiI, 0.05 M I2, 0.6 M 1-methyl-3-propyl-imidazolium iodide (PMII), and 0.5 M 4-tert-butylpyridine (TBP) in acetonitrile and valeronitrile (volume ratio of 85:15)",TiO2 film (12 um transparent + 5 um scattering layer),,-,-,-,0,0
694.0,15.6,0.68,7.32,"0.1 M LiI, 0.05 M I2, 0.6 M 1-methyl-3-propyl-imidazolium iodide (PMII), and 0.5 M 4-tert-butylpyridine (TBP) in acetonitrile and valeronitrile (volume ratio of 85:15)",TiO2 film (12 um transparent + 5 um scattering layer),,-,-,-,0,0
729.0,16.9,0.7,8.67,"0.1 M LiI, 0.05 M I2, 0.6 M 1,2-dimethyl-3-propyl-imidazolium iodide (DMPII), and 0.5 M 4-tert-butylpyridine (TBP) in acetonitrile and valeronitrile (volume ratio of 85:15)",TiO2 film (12 um transparent + 5 um scattering layer),,-,-,C1,0,1
748.0,20.3,0.72,10.9,"0.1 M LiI, 0.05 M I2, 0.6 M 1-methyl-3-propyl-imidazoliumiodide (PMII), and 0.5 M 4-tert-butylpyridine (TBP) in acetonitrile",TiO2 film (12 um transparent + 5 um scattering layer),,-,2 mM CDCA,WS-5,1,1
676.0,16.59,0.7,7.88,"5 wt% poly(vinylidenefluoride-co-hexafluoropropylene) in a redox solution containing 0.1 M LiI, 0.05 M I2 , 0.6 M 1,2-dimethyl-3-n-propylimidazolium iodide (DMPImI) and 0.5 M 4-tert-butylpyridine (TBP) in 3-methoxypropionitrile (MPN)",TiO2 film 15 um thick,0.25,-,0.4 mM DCA,-,1,0
683.0,17.03,0.7,8.14,"5 wt% poly(vinylidenefluoride-co-hexafluoropropylene) in a redox solution containing 0.1 M LiI, 0.05 M I2 , 0.6 M 1,2-dimethyl-3-n-propylimidazolium iodide (DMPImI) and 0.5 M 4-tert-butylpyridine (TBP) in 3-methoxypropionitrile (MPN)",TiO2 film 15 um thick,0.25,-,0.4 mM DCA,FNE46 cosensitizer,1,1
678.0,16.6,0.7,7.88,"5 wt% poly(vinylidenefluoride-co-hexafluoropropylene) in a redox solution containing 0.1 M LiI, 0.05 M I2 , 0.6 M 1,2-dimethyl-3-n-propylimidazolium iodide (DMPImI) and 0.5 M 4-tert-butylpyridine (TBP) in 3-methoxypropionitrile (MPN)",TiO2 film 15 um thick,0.25,-,0.4 mM DCA,FNE46 cosensitizer,1,1
540.0,7.57,0.67,2.74,"0.6 M 1,2-dimetyl-3-propyl imidazolium iodide, 0.05 M iodine, 0.1 M LiI, and 0.5 M tert-butylpyridine in acetonitrile",TiO2 film (9.5 um transparent + 4 um scattering layer),,-,-,-,0,0
671.0,16.32,0.69,7.56,"5 wt% poly(vinylidenefluoride-co-hexafluoropropylene) in a redox solution containing 0.1 M LiI, 0.05 M I2 , 0.6 M 1,2-dimethyl-3-n-propylimidazolium iodide (DMPImI) and 0.5 M 4-tert-butylpyridine (TBP) in 3-methoxypropionitrile (MPN)",TiO2 film 15 um thick,0.25,-,0.4 mM DCA,FNE46 cosensitizer,1,1
661.0,15.99,0.65,6.87,"5 wt% poly(vinylidenefluoride-co-hexafluoropropylene) in a redox solution containing 0.1 M LiI, 0.05 M I2 , 0.6 M 1,2-dimethyl-3-n-propylimidazolium iodide (DMPImI) and 0.5 M 4-tert-butylpyridine (TBP) in 3-methoxypropionitrile (MPN)",TiO2 film 15 um thick,0.25,-,0.4 mM DCA,FNE46 cosensitizer,1,1
679.0,16.06,0.68,7.42,"5 wt% poly(vinylidenefluoride-co-hexafluoropropylene) in a redox solution containing 0.1 M LiI, 0.05 M I2 , 0.6 M 1,2-dimethyl-3-n-propylimidazolium iodide (DMPImI) and 0.5 M 4-tert-butylpyridine (TBP) in 3-methoxypropionitrile (MPN)",TiO2 film 15 um thick,0.25,-,0.4 mM DCA,FNE46 cosensitizer,1,1
679.0,15.24,0.7,7.24,"5 wt% poly(vinylidenefluoride-co-hexafluoropropylene) in a redox solution containing 0.1 M LiI, 0.05 M I2 , 0.6 M 1,2-dimethyl-3-n-propylimidazolium iodide (DMPImI) and 0.5 M 4-tert-butylpyridine (TBP) in 3-methoxypropionitrile (MPN)",TiO2 film 15 um thick,0.25,-,0.4 mM DCA,FNE46 cosensitizer,1,1
703.0,12.06,0.71,6.02,"5 wt% poly(vinylidenefluoride-co-hexafluoropropylene) in a redox solution containing 0.1 M LiI, 0.05 M I2 , 0.6 M 1,2-dimethyl-3-n-propylimidazolium iodide (DMPImI) and 0.5 M 4-tert-butylpyridine (TBP) in 3-methoxypropionitrile (MPN)",TiO2 film 15 um thick,0.25,-,0.4 mM DCA,FNE46 cosensitizer,1,1
703.0,12.06,0.71,6.02,"5 wt% poly(vinylidenefluoride-co-hexafluoropropylene) in a redox solution containing 0.1 M LiI, 0.05 M I2 , 0.6 M 1,2-dimethyl-3-n-propylimidazolium iodide (DMPImI) and 0.5 M 4-tert-butylpyridine (TBP) in 3-methoxypropionitrile (MPN)",TiO2 film 15 um thick,0.25,123 nmol/cm2,0.4 mM DCA,-,1,0
731.0,12.07,0.738,6.5,"0.5 M TBP, 0.25 M tris(2,2'-bipyridiene)-cobalt(II) di[bis(trifluoromethanesulfonyl)-imide], 0.05 M tris-(2,2'-bipyridiene)cobalt(III) tris[bis(trifluoromethanesulfonyl)imide], and 0.1 M LiTFSI in acetonitrile",TiO2 film (4 um transparent + 5 um scattering layer),0.16,-,10 mM CDCA,-,1,0
706.0,10.06,0.78,5.5,"0.5 M TBP, 0.25 M tris(2,2'-bipyridiene)-cobalt(II) di[bis(trifluoromethanesulfonyl)-imide], 0.05 M tris-(2,2'-bipyridiene)cobalt(III) tris[bis(trifluoromethanesulfonyl)imide], and 0.1 M LiTFSI in acetonitrile",TiO2 film (4 um transparent + 5 um scattering layer),0.16,-,10 mM CDCA,-,1,0
805.0,17.22,0.741,10.3,"0.5 M TBP, 0.25 M tris(2,2'-bipyridiene)-cobalt(II) di[bis(trifluoromethanesulfonyl)-imide], 0.05 M tris-(2,2'-bipyridiene)cobalt(III) tris[bis(trifluoromethanesulfonyl)imide], and 0.1 M LiTFSI in acetonitrile",TiO2 film (4 um transparent + 5 um scattering layer),0.16,-,10 mM CDCA,-,1,0
700.0,4.2,0.78,2.3,"1.0 M 1,3-dimethylimidazolium iodide (DMII), 0.5 M tert-butylpyridine (tBP), 0.1 M guanidiniumthiocyanate (GNCS), 0.1 M LiI and 0.03 M I2 in acetonitrile and valeronitrile (v/v, 85/15)",TiO2 film (8 um transparent + 5 um scattering layer),,-,-,-,0,0
630.0,8.58,0.66,3.57,"0.05 M I2, 0.5 M LiI, 0.5 M 1,2-dimethyl-3-n-propylimdazolium iodide and 0.5 M tert-butyl-pyridine (TBP) in CH3CN/valeronitrile (85/15 v/v)",TiO2 film,0.2,-,0.4 mM CDCA,-,1,0
690.0,10.52,0.7,5.08,"0.05 M I2, 0.5 M LiI, 0.5 M 1,2-dimethyl-3-n-propylimdazolium iodide and 0.5 M tert-butyl-pyridine (TBP) in CH3CN/valeronitrile (85/15 v/v)",TiO2 film,0.2,-,0.4 mM CDCA,-,1,0
700.0,14.43,0.73,7.35,"1.0 M 1,3-dimethylimidazolium iodide (DMII), 0.03 M I2, 0.05 M LiI, 0.1 M GuNCS, 0.5 M 4-t-butylpyridine in acetonitrile",TiO2 film (10 um transparent + 3 um scattering layer),0.16,-,0.2 mM CDCA,-,1,0
708.0,11.37,0.6913,5.57,"0.1 M LiI, 0.05 M I2, 0.6 M 1-methyl-3-propylimidazolium iodide, and 0.5 M 4-tert-butylpyridine in acetonitrile",TiO2 film (12 um + 5 um scattering layer),,-,2 mM CDCA,-,1,0
660.0,10.9,0.73,5.25,"1.0 M 1,3-dimethylimidazolium iodide (DMII), 0.03 M I2, 0.05 M LiI, 0.1 M GuNCS, 0.5 M 4-t-butylpyridine in acetonitrile",TiO2 film (10 um transparent + 3 um scattering layer),0.16,-,0.2 mM CDCA,-,1,0
660.0,10.4,0.53,3.65,"1.0 M 1,3-dimethylimidazolium iodide (DMII), 0.03 M I2, 0.05 M LiI, 0.1 M GuNCS, 0.5 M 4-t-butylpyridine in acetonitrile",TiO2 film (10 um transparent + 3 um scattering layer),0.16,-,0.2 mM CDCA,-,1,0
660.0,13.38,0.71,6.25,"1.0 M 1,3-dimethylimidazolium iodide (DMII), 0.1 M guanidinium thiocyanate (GuSCN), 0.03 M I2, 0.05 M LiI, and 0.5 M tert-butypyridine (4-TBP) in acetonitrile (CH3CN) and valeronitrile (VN) (85:15 v/v)",TiO2 film (9 um transparent + 5 um scattering layer),0.25,1.50+e17 molecules/cm2,-,-,0,0
660.0,11.02,0.7,5.09,"1.0 M 1,3-dimethylimidazolium iodide (DMII), 0.1 M guanidinium thiocyanate (GuSCN), 0.03 M I2, 0.05 M LiI, and 0.5 M tert-butypyridine (4-TBP) in acetonitrile (CH3CN) and valeronitrile (VN) (85:15 v/v)",TiO2 film (9 um transparent + 5 um scattering layer),0.25,1.33+e17 molecules/cm2,-,-,0,0
630.0,7.93,0.7,3.5,"1.0 M 1,3-dimethylimidazolium iodide (DMII), 0.1 M guanidinium thiocyanate (GuSCN), 0.03 M I2, 0.05 M LiI, and 0.5 M tert-butypyridine (4-TBP) in acetonitrile (CH3CN) and valeronitrile (VN) (85:15 v/v)",TiO2 film (9 um transparent + 5 um scattering layer),0.25,1.97+e17 molecules/cm2,1:2 CDCA,-,1,0
670.0,12.66,0.71,5.99,"1.0 M 1,3-dimethylimidazolium iodide (DMII), 0.1 M guanidinium thiocyanate (GuSCN), 0.03 M I2, 0.05 M LiI, and 0.5 M tert-butypyridine (4-TBP) in acetonitrile (CH3CN) and valeronitrile (VN) (85:15 v/v)",TiO2 film (9 um transparent + 5 um scattering layer),0.25,1.02+e17 molecules/cm2,1:2 CDCA,-,1,0
660.0,11.99,0.69,5.51,"1.0 M 1,3-dimethylimidazolium iodide (DMII), 0.1 M guanidinium thiocyanate (GuSCN), 0.03 M I2, 0.05 M LiI, and 0.5 M tert-butypyridine (4-TBP) in acetonitrile (CH3CN) and valeronitrile (VN) (85:15 v/v)",TiO2 film (9 um transparent + 5 um scattering layer),0.25,8.91+e16 molecules/cm2,1:5 CDCA,-,1,0
570.0,9.04,0.66,3.36,"0.6 M 1,2-dimetyl-3-propyl imidazolium iodide, 0.05 M iodine, 0.1 M LiI, and 0.5 M tert-butylpyridine in acetonitrile",TiO2 film (9.5 um transparent + 4 um scattering layer),,-,-,-,0,0
965.0,17.3,0.71,11.9,"0.165 M [Co(bpy)3](B(CN)4)2, 0.045 M [Co(bpy)3](B(CN)4)3, 0.8M tert-butyl pyridine (TBP) and 0.1 M LiClO4 in acetonitrile",TiO2 film (5 um transparent + 5 um scattering layer),0.36,-,-,-,0,0
772.0,15.0,0.66,7.6,"0.165 M 1,3-dimethylimidazolium iodide, 0.045 M I2, 0.8 M tert-butyl pyridine (TBP) and 0.1 M LiClO4 in acetonitrile",TiO2 film (5 um transparent + 5 um scattering layer),0.36,-,-,-,0,0
832.0,15.8,0.71,9.4,"1.0 M 1,3-dimethylimidazolium iodide (DMII), 0.03 M iodine, 0.1 M guanidinium thiocyanate and 0.5 M tert-butylpyridine in valeronitrile/acetonitrile (15:85 v/v)",TiO2 film (5 um transparent + 5 um scattering layer),0.36,-,-,-,0,0
843.0,1.843,0.841,13.07,"0.165 M [Co(bpy)3](B(CN)4)2, 0.045 M [Co(bpy)3](B(CN)4)3, 0.8M tert-butyl pyridine (TBP) and 0.1 M LiClO4 in acetonitrile",TiO2 film (5 um transparent + 5 um scattering layer),0.36,-,-,Y123,0,1
896.0,9.177,0.798,13.15,"0.165 M [Co(bpy)3](B(CN)4)2, 0.045 M [Co(bpy)3](B(CN)4)3, 0.8M tert-butyl pyridine (TBP) and 0.1 M LiClO4 in acetonitrile",TiO2 film (5 um transparent + 5 um scattering layer),0.36,-,-,Y123,0,1
927.0,17.053,0.779,12.29,"0.165 M [Co(bpy)3](B(CN)4)2, 0.045 M [Co(bpy)3](B(CN)4)3, 0.8M tert-butyl pyridine (TBP) and 0.1 M LiClO4 in acetonitrile",TiO2 film (5 um transparent + 5 um scattering layer),0.36,-,-,Y123,0,1
745.0,1.5,0.82,9.5,"0.165 M [Co(bpy)3](B(CN)4)2, 0.045 M [Co(bpy)3](B(CN)4)3, 0.8M tert-butyl pyridine (TBP) and 0.1 M LiClO4 in acetonitrile",TiO2 film (5 um transparent + 5 um scattering layer),0.36,-,-,-,0,0
805.0,8.0,0.76,9.5,"0.165 M [Co(bpy)3](B(CN)4)2, 0.045 M [Co(bpy)3](B(CN)4)3, 0.8M tert-butyl pyridine (TBP) and 0.1 M LiClO4 in acetonitrile",TiO2 film (5 um transparent + 5 um scattering layer),0.36,-,-,-,0,0
825.0,14.9,0.69,8.4,"0.165 M [Co(bpy)3](B(CN)4)2, 0.045 M [Co(bpy)3](B(CN)4)3, 0.8M tert-butyl pyridine (TBP) and 0.1 M LiClO4 in acetonitrile",TiO2 film (5 um transparent + 5 um scattering layer),0.36,-,-,-,0,0
792.0,1.77,0.809,12.2,"0.165 M [Co(bpy)3](B(CN)4)2, 0.045 M [Co(bpy)3](B(CN)4)3, 0.8M tert-butyl pyridine (TBP) and 0.1 M LiClO4 in acetonitrile",TiO2 film (5 um transparent + 5 um scattering layer),0.36,-,-,Y123,0,1
862.0,9.57,0.773,12.5,"0.165 M [Co(bpy)3](B(CN)4)2, 0.045 M [Co(bpy)3](B(CN)4)3, 0.8M tert-butyl pyridine (TBP) and 0.1 M LiClO4 in acetonitrile",TiO2 film (5 um transparent + 5 um scattering layer),0.36,-,-,Y123,0,1
891.0,18.21,0.746,12.2,"0.165 M [Co(bpy)3](B(CN)4)2, 0.045 M [Co(bpy)3](B(CN)4)3, 0.8M tert-butyl pyridine (TBP) and 0.1 M LiClO4 in acetonitrile",TiO2 film (5 um transparent + 5 um scattering layer),0.36,-,-,Y123,0,1
875.0,1.7,0.77,12.5,"0.165 M [Co(bpy)3](B(CN)4)2, 0.045 M [Co(bpy)3](B(CN)4)3, 0.8M tert-butyl pyridine (TBP) and 0.1 M LiClO4 in acetonitrile",TiO2 film (5 um transparent + 5 um scattering layer),0.36,-,-,-,0,0
650.0,15.89,0.5,5.16,"0.6 M triethyleneglycol-bis(3-methylimidazolium)diiodide (K36), 0.1 M lithium iodide (LiI), 0.05 M iodine (I 2 ) and 0,5 M tert-butyl pyridine (TBP) in 3-methoxy propyonitrile (MPN)",TiO2 film 10 um thick,1.0,-,-,-,0,0
570.0,6.28,0.7,2.51,"1.0 M 1,3-dimethylimidazolium iodide (DMII), 0.1 M guanidinium thiocyanate (GuSCN), 0.03 M I2, 0.05 M LiI, and 0.5 M tert-butypyridine (4-TBP) in acetonitrile (CH3CN) and valeronitrile (VN) (85:15 v/v)",TiO2 film (9 um transparent + 5 um scattering layer),0.25,2.35+e17 molecules/cm2,-,-,0,0
940.0,9.3,0.74,12.7,"0.165 M [Co(bpy)3](B(CN)4)2, 0.045 M [Co(bpy)3](B(CN)4)3, 0.8M tert-butyl pyridine (TBP) and 0.1 M LiClO4 in acetonitrile",TiO2 film (5 um transparent + 5 um scattering layer),0.36,-,-,-,0,0
710.0,12.6,0.67,5.9,"1.0 M 1,3-dimethylimidazolium iodide (DMII), 0.03 M I2, 0.05 M LiI, 0.1 M GuNCS, 0.5 M 4-t-butylpyridine in acetonitrile",TiO2 film (10 um transparent + 3 um scattering layer),0.16,-,2 mM CDCA,-,1,0
676.0,17.43,0.686,8.1,"0.6 M propylmethylimidazolium iodide (PMII), 50 mM I2, 10 mM LiI, 0.1 M Guanidinium thiocianate (GuNCS), 0.5 M tert-butylpyridine (TBP) in acetonitrile:valeronitrile (85:15 vol)",TiO2 film 15 um thick,0.16,-,-,-,0,0
631.0,12.05,0.721,5.5,"0.6 M propylmethylimidazolium iodide (PMII), 50 mM I2, 10 mM LiI, 0.1 M Guanidinium thiocianate (GuNCS), 0.5 M tert-butylpyridine (TBP) in acetonitrile:valeronitrile (85:15 vol)",TiO2 film 15 um thick,0.16,-,-,-,0,0
634.0,14.87,0.7,6.6,"0.6 M propylmethylimidazolium iodide (PMII), 50 mM I2, 10 mM LiI, 0.1 M Guanidinium thiocianate (GuNCS), 0.5 M tert-butylpyridine (TBP) in acetonitrile:valeronitrile (85:15 vol)",TiO2 film 15 um thick,0.16,-,-,-,0,0
439.0,4.59,0.6715,1.35,"0.4 M LiI, 0.4 M tetrabutylammonium iodide (TBAI), and 0.04 M I2 dissolved in 0.3 M N-methylbenzimidazole (NMB) in acetonitrile (ACN) and 3-methoxypropionitrile (MPN) solvent mixture at a volume ratio of 1:1",TiO2 film,0.25,-,-,-,0,0
525.0,8.19,0.7321,3.14,"0.4 M LiI, 0.4 M tetrabutylammonium iodide (TBAI), and 0.04 M I2 dissolved in 0.3 M N-methylbenzimidazole (NMB) in acetonitrile (ACN) and 3-methoxypropionitrile (MPN) solvent mixture at a volume ratio of 1:1",TiO2 film,0.25,-,-,-,0,0
443.0,3.04,0.6892,0.92,"0.4 M LiI, 0.4 M tetrabutylammonium iodide (TBAI), and 0.04 M I2 dissolved in 0.3 M N-methylbenzimidazole (NMB) in acetonitrile (ACN) and 3-methoxypropionitrile (MPN) solvent mixture at a volume ratio of 1:1",TiO2 film,0.25,-,-,-,0,0
570.0,5.7,0.7,2.27,AN-50,TiO2 film (10 um transparent + 4 um scattering layer),0.16,-,0.4 mM CDCA,-,1,0
424.0,4.21,0.7188,1.28,"0.4 M LiI, 0.4 M tetrabutylammonium iodide (TBAI), and 0.04 M I2 dissolved in 0.3 M N-methylbenzimidazole (NMB) in acetonitrile (ACN) and 3-methoxypropionitrile (MPN) solvent mixture at a volume ratio of 1:1",TiO2 film,0.25,-,-,-,0,0
713.0,14.06,0.721,7.23,"LiI (0.1 M), I2 (0.05 M), PMII (1.0 M), 4-tert-butylpyridine (0.5 M) in a mixture of acetonitrile and valeronitrile (volume ratio 85:15)",TiO2 film (10 um transparent + 4 um scattering layer),,-,10 mM CDCA,-,1,0
679.0,5.09,0.743,2.57,"LiI (0.1 M), I2 (0.05 M), PMII (1.0 M), 4-tert-butylpyridine (0.5 M) in a mixture of acetonitrile and valeronitrile (volume ratio 85:15)",TiO2 film (10 um transparent + 4 um scattering layer),,-,10 mM CDCA,-,1,0
651.0,8.79,0.748,4.28,"LiI (0.1 M), I2 (0.05 M), PMII (1.0 M), 4-tert-butylpyridine (0.5 M) in a mixture of acetonitrile and valeronitrile (volume ratio 85:15)",TiO2 film (10 um transparent + 4 um scattering layer),,-,10 mM CDCA,-,1,0
632.0,6.03,0.752,2.86,"LiI (0.1 M), I2 (0.05 M), PMII (1.0 M), 4-tert-butylpyridine (0.5 M) in a mixture of acetonitrile and valeronitrile (volume ratio 85:15)",TiO2 film (10 um transparent + 4 um scattering layer),,-,10 mM CDCA,-,1,0
745.0,15.37,0.702,8.04,"LiI (0.1 M), I2 (0.05 M), PMII (1.0 M), 4-tert-butylpyridine (0.5 M) in a mixture of acetonitrile and valeronitrile (volume ratio 85:15)",TiO2 film (10 um transparent + 4 um scattering layer),,-,10 mM CDCA,-,1,0
720.0,11.59,0.723,6.03,"LiI (0.1 M), I2 (0.05 M), PMII (1.0 M), 4-tert-butylpyridine (0.5 M) in a mixture of acetonitrile and valeronitrile (volume ratio 85:15)",TiO2 film (10 um transparent + 4 um scattering layer),,-,10 mM CDCA,-,1,0
696.0,11.3,0.737,5.8,"LiI (0.1 M), I2 (0.05 M), PMII (1.0 M), 4-tert-butylpyridine (0.5 M) in a mixture of acetonitrile and valeronitrile (volume ratio 85:15)",TiO2 film (10 um transparent + 4 um scattering layer),,-,10 mM CDCA,-,1,0
673.0,7.17,0.755,3.64,"LiI (0.1 M), I2 (0.05 M), PMII (1.0 M), 4-tert-butylpyridine (0.5 M) in a mixture of acetonitrile and valeronitrile (volume ratio 85:15)",TiO2 film (10 um transparent + 4 um scattering layer),,-,10 mM CDCA,-,1,0
829.0,13.54,0.683,7.7,"0.25 M tris(2,2'-bipyridine) cobalt(II) di[bis(trifluoromethanesulfonyl)imide], 0.05 M tris(2,2'-bipyridine)cobalt(III) tris[bis(trifluoromethanesulfonyl)imide], 0.5 M 4-tert-butylpyridine (TBP) and 0.1 M lithium bis(tri-fluoromethanesulfonyl)imide (LiTFSI) in acetonitrile",TiO2 film (4.2 um transparent + 5 um scattering layer),,11.8 nmol/cm2,-,-,0,0
749.0,8.15,0.76,4.6,"0.25 M tris(2,2'-bipyridine) cobalt(II) di[bis(trifluoromethanesulfonyl)imide], 0.05 M tris(2,2'-bipyridine)cobalt(III) tris[bis(trifluoromethanesulfonyl)imide], 0.5 M 4-tert-butylpyridine (TBP) and 0.1 M lithium bis(tri-fluoromethanesulfonyl)imide (LiTFSI) in acetonitrile",TiO2 film (4.2 um transparent + 5 um scattering layer),,16.2 nmol/cm2,-,-,0,0
774.0,12.93,0.657,6.6,"0.25 M tris(2,2'-bipyridine) cobalt(II) di[bis(trifluoromethanesulfonyl)imide], 0.05 M tris(2,2'-bipyridine)cobalt(III) tris[bis(trifluoromethanesulfonyl)imide], 0.5 M 4-tert-butylpyridine (TBP) and 0.1 M lithium bis(tri-fluoromethanesulfonyl)imide (LiTFSI) in acetonitrile",TiO2 film (4.2 um transparent + 5 um scattering layer),,9.6 nmol/cm2,-,-,0,0
689.0,9.88,0.72,4.9,"5 wt% poly(vinylidenefluoride-co-hexafluoropropylene) in a redox solution containing 0.1 M LiI, 0.05 M I2 , 0.6 M 1,2-dimethyl-3-n-propylimidazolium iodide (DMPImI) and 0.5 M 4-tert-butylpyridine (TBP) in 3-methoxypropionitrile (MPN)",TiO2 film 15 um thick,0.25,149 nmol/cm2,0.4 mM DCA,-,1,0
730.0,15.72,0.74,8.45,"1.0 M 1,3-dimethylimidazolium iodide (DMII), 0.03 M I2, 0.05 M LiI, 0.1 M GuNCS, 0.5 M 4-t-butylpyridine in acetonitrile",TiO2 film (10 um transparent + 3 um scattering layer),0.16,-,0.2 mM CDCA,-,1,0
650.0,8.6,0.58,3.75,"1.0 M 1,3-dimethylimidazolium iodide (DMII), 0.03 M I2, 0.05 M LiI, 0.1 M GuNCS, 0.5 M 4-t-butylpyridine in acetonitrile",TiO2 film (10 um transparent + 3 um scattering layer),0.16,-,0.2 mM CDCA,-,1,0
700.0,15.8,0.7,7.7,"1.0 M 1,3-dimethylimidazolium iodide (DMII), 0.03 M I2, 0.05 M LiI, 0.1 M GuNCS, 0.5 M 4-t-butylpyridine in acetonitrile",TiO2 film (10 um transparent + 3 um scattering layer),0.16,-,2 mM CDCA,-,1,0
730.0,15.6,0.68,7.7,"1.0 M 1,3-dimethylimidazolium iodide, 0.03 M I2 , 0.05 M LiI, 0.1 M guanidinium thiocyanate and 0.50 M 4-tert-butylpyridine in 85:15 mixture of acetonitrile and valeronitrile",TiO2 film (12 um transparent + 4 um scattering layer),,830 nmol/cm2,-,-,0,0
780.0,17.3,0.65,8.8,"1.0 M 1,3-dimethylimidazolium iodide, 0.03 M I2 , 0.05 M LiI, 0.1 M guanidinium thiocyanate and 0.50 M 4-tert-butylpyridine in 85:15 mixture of acetonitrile and valeronitrile",TiO2 film (12 um transparent + 4 um scattering layer),,850 nmol/cm2,-,-,0,0
917.0,14.46,0.784,10.4,"0.25 M tris(1,10-phenanthroline)cobalt(II) di[bis(trifluoromethanesulfonyl)imide], 0.05 M tris(1,10-phenanthroline) cobalt(III) tris[bis(trifluoromethanesulfonyl)imide], 0.7 M tert-butylpyridine (TBP), and 0.05 M lithium bis(trifluoromethanesulfonyl)imide in acetonitrile",TiO2 film (4.2 uM thick + 5 uM scattering layer),0.16,-,-,-,0,0
575.0,7.8,0.7,3.13,AN-50,TiO2 film (10 um transparent + 4 um scattering layer),0.16,-,0.4 mM CDCA,-,1,0
530.0,2.26,0.61,0.73,"0.05 M LiI, 0.03 M I2, 0.5 M 4-tert-butylpyridine (TBP), 0.1 M guanidinium thiocyanate (GNCS), 1 M methyl-N-butylimidazolium iodide (BMII) in acetonitrile/valeronitrile (85:15 v/v)",TiO2 film (8-10 um transparent + 3-4 um scattering layer),0.16,-,-,-,0,0
550.0,3.98,0.7,1.54,"0.05 M LiI, 0.03 M I2, 0.5 M 4-tert-butylpyridine (TBP), 0.1 M guanidinium thiocyanate (GNCS), 1 M methyl-N-butylimidazolium iodide (BMII) in acetonitrile/valeronitrile (85:15 v/v)",TiO2 film (8-10 um transparent + 3-4 um scattering layer),0.16,-,-,-,0,0
590.0,4.04,0.74,1.75,"0.05 M LiI, 0.03 M I2, 0.5 M 4-tert-butylpyridine (TBP), 0.1 M guanidinium thiocyanate (GNCS), 1 M methyl-N-butylimidazolium iodide (BMII) in acetonitrile/valeronitrile (85:15 v/v)",TiO2 film (8-10 um transparent + 3-4 um scattering layer),0.16,-,10 mM CDCA,-,1,0
755.0,16.42,0.671,8.32,"0.1 M LiI, 0.05 M I2, 0.6 M 1-methyl-3-propyl-imidazolium iodide (PMII), and 0.5 M 4-tert-butylpyridine (TBP) in acetonitrile",TiO2 film,,-,-,-,0,0
754.0,18.78,0.672,9.5,"0.1 M LiI, 0.05 M I2, 0.6 M 1-methyl-3-propyl-imidazolium iodide (PMII), and 0.5 M 4-tert-butylpyridine (TBP) in acetonitrile",TiO2 film,,-,8 mM CDCA,-,1,0
755.0,16.9,0.649,8.28,"0.1 M LiI, 0.05 M I2, 0.6 M 1-methyl-3-propyl-imidazolium iodide (PMII), and 0.5 M 4-tert-butylpyridine (TBP) in acetonitrile",TiO2 film,,-,-,-,0,0
742.0,18.54,0.685,9.42,"0.1 M LiI, 0.05 M I2, 0.6 M 1-methyl-3-propyl-imidazolium iodide (PMII), and 0.5 M 4-tert-butylpyridine (TBP) in acetonitrile",TiO2 film,,-,8 mM CDCA,-,1,0
716.0,13.36,0.676,6.46,"0.1 M LiI, 0.05 M I2, 0.6 M 1-methyl-3-propyl-imidazolium iodide (PMII), and 0.5 M 4-tert-butylpyridine (TBP) in acetonitrile",TiO2 film,,-,-,-,0,0
737.0,18.09,0.654,8.72,"0.1 M LiI, 0.05 M I2, 0.6 M 1-methyl-3-propyl-imidazolium iodide (PMII), and 0.5 M 4-tert-butylpyridine (TBP) in acetonitrile",TiO2 film,,-,8 mM CDCA,-,1,0
723.0,15.66,0.663,7.5,"0.1 M LiI, 0.05 M I2, 0.6 M 1-methyl-3-propyl-imidazolium iodide (PMII), and 0.5 M 4-tert-butylpyridine (TBP) in acetonitrile",TiO2 film,,-,-,-,0,0
734.0,19.62,0.668,9.62,"0.1 M LiI, 0.05 M I2, 0.6 M 1-methyl-3-propyl-imidazolium iodide (PMII), and 0.5 M 4-tert-butylpyridine (TBP) in acetonitrile",TiO2 film,,-,8 mM CDCA,-,1,0
710.0,14.08,0.7226,7.17,"0.1 M LiI, 0.05 M I2, 0.6 M 1-methyl-3-propylimidazolium iodide, and 0.5 M 4-tert-butylpyridine in acetonitrile",TiO2 film (12 um + 5 um scattering layer),,-,2 mM CDCA,-,1,0
747.0,19.58,0.69,10.18,"0.1 M LiI, 0.05 M I2, 0.6 M 1-methyl-3-propyl-imidazolium iodide (PMII), and 0.5 M 4-tert-butylpyridine (TBP) in acetonitrile",TiO2 film (6 um transparent + 8 um scattering layer),,-,-,WS-5,0,1
704.0,12.4,0.6,5.21,"0.3 M DMPII, 0.1 M LiI, 0.05 M I2, and 0.5 M 4-TBP in acetonitrile",TiO2 film (10 uM thick + 4 uM scattering layer),0.196,77 nmol/cm2,-,-,0,0
661.0,14.1,0.62,5.8,"0.3 M DMPII, 0.1 M LiI, 0.05 M I2, and 0.5 M 4-TBP in acetonitrile",TiO2 film (10 uM thick + 4 uM scattering layer),0.196,87.9 nmol/cm2,-,-,0,0
677.0,15.3,0.6,6.25,"0.3 M DMPII, 0.1 M LiI, 0.05 M I2, and 0.5 M 4-TBP in acetonitrile",TiO2 film (10 uM thick + 4 uM scattering layer),0.196,91.3 nmol/cm2,-,-,0,0
670.0,12.0,0.61,4.91,"0.3 M DMPII, 0.1 M LiI, 0.05 M I2, and 0.5 M 4-TBP in acetonitrile",TiO2 film (10 uM thick + 4 uM scattering layer),0.196,-,-,-,0,0
622.0,12.2,0.6,4.53,"0.3 M DMPII, 0.1 M LiI, 0.05 M I2, and 0.5 M 4-TBP in acetonitrile",TiO2 film (10 uM thick + 4 uM scattering layer),0.196,-,-,-,0,0
620.0,10.6,0.63,4.18,"0.3 M DMPII, 0.1 M LiI, 0.05 M I2, and 0.5 M 4-TBP in acetonitrile",TiO2 film (10 uM thick + 4 uM scattering layer),0.196,-,-,-,0,0
664.0,11.3,0.62,4.64,"0.3 M DMPII, 0.1 M LiI, 0.05 M I2, and 0.5 M 4-TBP in acetonitrile",TiO2 film (10 uM thick + 4 uM scattering layer),0.196,-,-,-,0,0
774.0,13.48,0.73,7.6,"0.5 M 1-butyl-3-methylimidazolium iodide (BMII), 0.1 M lithium iodide, 0.05 M iodine, and 0.5 M tert-butylpyridine in acetonitrile/valeronitrile (85:15)",TiO2 film (13 um transparent + 4 um scattering layer),0.16,-,0.5 mM CDCA,-,1,0
774.0,12.83,0.75,7.43,"0.5 M 1-butyl-3-methylimidazolium iodide (BMII), 0.1 M lithium iodide, 0.05 M iodine, and 0.5 M tert-butylpyridine in acetonitrile/valeronitrile (85:15)",TiO2 film (13 um transparent + 4 um scattering layer),0.16,-,0.5 mM CDCA,-,1,0
674.0,12.2,0.67,5.59,"0.5 M 1-butyl-3-methylimidazolium iodide (BMII), 0.1 M lithium iodide, 0.05 M iodine, and 0.5 M tert-butylpyridine in acetonitrile/valeronitrile (85:15)",TiO2 film (13 um transparent + 4 um scattering layer),0.16,-,0.5 mM CDCA,-,1,0
699.0,14.47,0.72,7.31,"0.5 M 1-butyl-3-methylimidazolium iodide (BMII), 0.1 M lithium iodide, 0.05 M iodine, and 0.5 M tert-butylpyridine in acetonitrile/valeronitrile (85:15)",TiO2 film (13 um transparent + 4 um scattering layer),0.16,-,0.5 mM CDCA,-,1,0
704.0,13.41,0.73,6.86,"0,5 M BMII, 0,05 M I2, 0,5 M TBP and 0,1 M LiI in ACN",TiO2 film (8 um transparent + 4 um scattering layer),0.16,-,0.4 mM CDCA,-,1,0
739.0,14.72,0.67,7.31,"1 M BMII, 0.03 M I2, 0.5 M TBP, 0.1 M Guan and 0.05 M LiI in ACN/VAL (85:15)",TiO2 film (8 um transparent + 4 um scattering layer),0.16,-,0.4 mM CDCA,-,1,0
680.0,12.9,0.73,6.39,"0,5 M BMII, 0,05 M I2, 0,5 M TBP and 0,1 M LiI in ACN",TiO2 film (12 um transparent + 4 um scattering layer),0.16,-,0.4 mM CDCA,-,1,0
730.0,14.0,0.68,6.97,"1 M BMII, 0.03 M I2, 0.5 M TBP, 0.1 M Guan and 0.05 M LiI in ACN/VAL (85:15)",TiO2 film (12 um transparent + 4 um scattering layer),0.16,-,0.4 mM CDCA,-,1,0
685.0,13.68,0.71,6.66,"0,5 M BMII, 0,05 M I2, 0,5 M TBP and 0,1 M LiI in ACN",TiO2 film (8 um transparent + 4 um scattering layer),0.16,-,0.4 mM CDCA,-,1,0
734.0,14.97,0.65,7.1,"1 M BMII, 0.03 M I2, 0.5 M TBP, 0.1 M Guan and 0.05 M LiI in ACN/VAL (85:15)",TiO2 film (8 um transparent + 4 um scattering layer),0.16,-,0.4 mM CDCA,-,1,0
675.0,14.17,0.72,6.91,"0,5 M BMII, 0,05 M I2, 0,5 M TBP and 0,1 M LiI in ACN",TiO2 film (12 um transparent + 4 um scattering layer),0.16,-,0.4 mM CDCA,-,1,0
734.0,15.06,0.67,7.36,"1 M BMII, 0.03 M I2, 0.5 M TBP, 0.1 M Guan and 0.05 M LiI in ACN/VAL (85:15)",TiO2 film (12 um transparent + 4 um scattering layer),0.16,-,0.4 mM CDCA,-,1,0
438.0,7.28,0.514,1.64,"LI (0.5 M), I2 (0.05) M, t-BPy (0.5 M) in methoxypropionitrile",TiO2 film,0.25,-,-,-,0,0
510.0,1.84,0.67,0.63,"0.05 M I2, 0.1 M LiI, 0.6 M butylmethylimidazolium iodide, 0.5 M 4-tert-butylpyridine in 4:1 acetonitrile/valeronitrile",TiO2 film 7-8 um thick,,-,-,-,0,0
540.0,4.45,0.61,1.48,"0.05 M I2, 0.1 M LiI, 0.6 M butylmethylimidazolium iodide, 0.5 M 4-tert-butylpyridine in 4:1 acetonitrile/valeronitrile",TiO2 film 7-8 um thick,,-,-,-,0,0
540.0,6.2,0.62,2.08,"0.05 M I2, 0.1 M LiI, 0.6 M butylmethylimidazolium iodide, 0.5 M 4-tert-butylpyridine in 4:1 acetonitrile/valeronitrile",TiO2 film 7-8 um thick,,-,-,-,0,0
560.0,6.74,0.62,2.37,"0.05 M I2, 0.1 M LiI, 0.6 M butylmethylimidazolium iodide, 0.5 M 4-tert-butylpyridine in 4:1 acetonitrile/valeronitrile",TiO2 film 7-8 um thick,,-,-,-,0,0
621.0,10.5,0.61,4.01,"0.3 M DMPII, 0.1 M LiI, 0.05 M I2, and 0.5 M 4-TBP in acetonitrile",TiO2 film (10 uM thick + 4 uM scattering layer),0.196,83.7 nmol/cm2,-,-,0,0
590.0,8.38,0.62,3.03,"0.05 M I2, 0.1 M LiI, 0.6 M butylmethylimidazolium iodide, 0.5 M 4-tert-butylpyridine in 4:1 acetonitrile/valeronitrile",TiO2 film 7-8 um thick,,-,-,-,0,0
620.0,9.9,0.62,3.8,"LiI (0.05 M), I2 (0.5 M), dimethyl-propyl-benzimidiazole iodide (DPMII) (0.6 M), 4-tert-butylpyridine (TBP) (0.5 M) in acetonitrile",TiO2 film 15 um thick,,-,-,-,0,0
660.0,11.1,0.66,4.83,"LiI (0.05 M), I2 (0.5 M), dimethyl-propyl-benzimidiazole iodide (DPMII) (0.6 M), 4-tert-butylpyridine (TBP) (0.5 M) in acetonitrile",TiO2 film 15 um thick,,-,-,-,0,0
700.0,10.6,0.66,4.9,"LiI (0.05 M), I2 (0.5 M), dimethyl-propyl-benzimidiazole iodide (DPMII) (0.6 M), 4-tert-butylpyridine (TBP) (0.5 M) in acetonitrile",TiO2 film 15 um thick,,-,10 mM CDCA,-,1,0
720.0,12.4,0.68,6.07,"LiI (0.05 M), I2 (0.5 M), dimethyl-propyl-benzimidiazole iodide (DPMII) (0.6 M), 4-tert-butylpyridine (TBP) (0.5 M) in acetonitrile",TiO2 film 15 um thick,,-,10 mM CDCA,-,1,0
790.0,16.2,0.67,8.64,"0.1 M LiI, 0.05 M I2, 0.6 M 1-methyl-3-propyl-imidazolium iodide (PMII), and 0.5 M 4-tert-butylpyridine (TBP) in acetonitrile",TiO2 film (6 um transparent + 8 um scattering layer),,-,-,XW4,0,1
741.0,19.52,0.71,10.28,"0.1 M LiI, 0.05 M I2, 0.6 M 1-methyl-3-propyl-imidazolium iodide (PMII), and 0.5 M 4-tert-butylpyridine (TBP) in acetonitrile",TiO2 film (6 um transparent + 8 um scattering layer),,-,-,WS-5,0,1
774.0,18.79,0.72,10.41,"0.1 M LiI, 0.05 M I2, 0.6 M 1-methyl-3-propyl-imidazolium iodide (PMII), and 0.5 M 4-tert-butylpyridine (TBP) in acetonitrile",TiO2 film (6 um transparent + 8 um scattering layer),,-,-,WS-5,0,1
803.0,16.03,0.7,9.02,"0.1 M LiI, 0.05 M I2, 0.6 M 1-methyl-3-propyl-imidazolium iodide (PMII), and 0.5 M 4-tert-butylpyridine (TBP) in acetonitrile",TiO2 film (6 um transparent + 8 um scattering layer),,-,-,WS-5,0,1
645.0,12.0,0.7,5.42,"0.6 M of 1,3-dimethylimidazolium iodide, 0.1 M of lithium iodide, 0.05 M of I2, and 0.5 M 4-tert-butylpyridine in acetonitrile",TiO2 film (12 um transparent + 4 um scattering layer),0.16,-,1 mM CDCA,-,1,0
670.0,12.8,0.71,6.09,"0.6 M of 1,3-dimethylimidazolium iodide, 0.1 M of lithium iodide, 0.05 M of I2, and 0.5 M 4-tert-butylpyridine in acetonitrile",TiO2 film (12 um transparent + 4 um scattering layer),0.16,-,1 mM CDCA,-,1,0
690.0,12.9,0.69,6.14,"0.6 M of 1,3-dimethylimidazolium iodide, 0.1 M of lithium iodide, 0.05 M of I2, and 0.5 M 4-tert-butylpyridine in acetonitrile",TiO2 film (12 um transparent + 4 um scattering layer),0.16,-,1 mM CDCA,-,1,0
705.0,13.2,0.68,6.32,"0.6 M of 1,3-dimethylimidazolium iodide, 0.1 M of lithium iodide, 0.05 M of I2, and 0.5 M 4-tert-butylpyridine in acetonitrile",TiO2 film (12 um transparent + 4 um scattering layer),0.16,-,1 mM CDCA,-,1,0
645.0,12.5,0.71,5.72,"0.6 M of 1,3-dimethylimidazolium iodide, 0.1 M of lithium iodide, 0.05 M of I2, and 0.5 M 4-tert-butylpyridine in acetonitrile",TiO2 film (12 um transparent + 4 um scattering layer),0.16,-,1 mM CDCA,-,1,0
655.0,12.2,0.7,5.59,"0.6 M of 1,3-dimethylimidazolium iodide, 0.1 M of lithium iodide, 0.05 M of I2, and 0.5 M 4-tert-butylpyridine in acetonitrile",TiO2 film (12 um transparent + 4 um scattering layer),0.16,-,1 mM CDCA,-,1,0
635.0,5.0,0.66,2.1,"0.6 M of 1,3-dimethylimidazolium iodide, 0.1 M of lithium iodide, 0.05 M of I2, and 0.5 M 4-tert-butylpyridine in acetonitrile",TiO2 film 8 um thick,0.16,-,,-,0,0
582.0,12.35,0.715,5.14,Z-50 (Solaronix),TiO2 film (8 um thick + 4 um scattering layer),0.22,98 nmol/cm2,0.2 mM CDCA,-,1,0
680.0,5.9,0.62,2.5,"0.6 M of 1,3-dimethylimidazolium iodide, 0.1 M of lithium iodide, 0.05 M of I2, and 0.5 M 4-tert-butylpyridine in acetonitrile",TiO2 film 8 um thick,0.16,-,0.2 mM CDCA,-,1,0
685.0,6.8,0.62,2.9,"0.6 M of 1,3-dimethylimidazolium iodide, 0.1 M of lithium iodide, 0.05 M of I2, and 0.5 M 4-tert-butylpyridine in acetonitrile",TiO2 film 8 um thick,0.16,-,0.4 mM CDCA,-,1,0
680.0,7.7,0.63,3.3,"0.6 M of 1,3-dimethylimidazolium iodide, 0.1 M of lithium iodide, 0.05 M of I2, and 0.5 M 4-tert-butylpyridine in acetonitrile",TiO2 film 8 um thick,0.16,-,1 mM CDCA,-,1,0
713.0,16.85,0.712,8.55,"I2 (0.05 M), LiI (0.1 M), PMII (1.0 M), 4‐t‐butylpyridine (0.5 M) in acetonitrile and valeronitrile with a volume ratio 85/15",TiO2 film 19 um thick,0.16,-,0.75 mM CDCA,-,1,0
712.0,17.62,0.706,8.86,"I2 (0.05 M), LiI (0.1 M), PMII (1.0 M), 4‐t‐butylpyridine (0.5 M) in acetonitrile and valeronitrile with a volume ratio 85/15",TiO2 film 23 um thick,0.16,-,0.75 mM CDCA,-,1,0
724.0,17.75,0.715,9.19,"I2 (0.05 M), LiI (0.1 M), PMII (1.0 M), 4‐t‐butylpyridine (0.5 M) in acetonitrile and valeronitrile with a volume ratio 85/15",TiO2 film 25 um thick,0.16,-,0.75 mM CDCA,-,1,0
738.0,17.5,0.723,9.34,"I2 (0.05 M), LiI (0.1 M), PMII (1.0 M), 4‐t‐butylpyridine (0.5 M) in acetonitrile and valeronitrile with a volume ratio 85/15",TiO2 film 26 um thick,0.16,-,0.75 mM CDCA,-,1,0
699.0,20.02,0.711,9.95,"I2 (0.05 M), LiI (0.1 M), PMII (1.0 M), 4‐t‐butylpyridine (0.5 M) in acetonitrile and valeronitrile with a volume ratio 85/15",TiO2 film,0.16,-,0.75 mM CDCA,-,1,0
704.0,20.27,0.718,10.26,"I2 (0.05 M), LiI (0.1 M), PMII (1.0 M), 4‐t‐butylpyridine (0.5 M) in acetonitrile and valeronitrile with a volume ratio 85/15",TiO2 film,0.16,-,0.75 mM CDCA,-,1,0
635.0,6.5,0.74,3.05,"0.6 M 3-propyl-1,2-dimethylimidazolium iodide, 0.05 M I2, 0.1 M LiI, and 0.5 M TBP in a mixture of acetonitrile/valeronitrile (V/V:1/1)",TiO2 film (8 um transparent + 4 um scattering layer),0.159,-,-,-,0,0
518.0,4.05,0.74,1.56,"50 mM I2, 0.1 M LiI, 0.6 M 1-ethyl-2,3-dimethylimidazolium iodide and 0.25 M 4-tert-butylpyridine when mentioned, in dry distilled acetonitrile",TiO2 film 16 um  thick,0.25,-,-,-,0,0
620.0,7.19,0.755,3.37,"50 mM I2, 0.1 M LiI, 0.6 M 1-ethyl-2,3-dimethylimidazolium iodide and 0.25 M 4-tert-butylpyridine when mentioned, in dry distilled acetonitrile",TiO2 film 16 um  thick,0.25,-,5 mM CDCA,-,1,0
603.0,8.4,0.755,3.82,"50 mM I2, 0.1 M LiI, 0.6 M 1-ethyl-2,3-dimethylimidazolium iodide and 0.25 M 4-tert-butylpyridine when mentioned, in dry distilled acetonitrile",TiO2 film 16 um  thick,0.25,-,5 mM CDCA,bodipy,1,1
674.0,15.51,0.7015,7.37,"0.6 M 1-propyl-2,3-dimethylimidazolium iodide, 0.05 M I2, 0.1 M LiI, 0.1 M guanidine thiocyanate, and 0.5 M tert-butylpyridine in acetonitrile and valteronitrile in 85:15 vol ratio",TiO2 film (8 um transparent + 4 um scattering layer),0.09,105 nmol/cm2,-,-,0,0
760.0,10.3,0.54,4.22,"polymer electrolyte containing 0.0383 g of P25 TiO2 powder, 0.1 g of LiI, 0.019 g of I2, 0.264 g of PEO, and 44 uL of 4-tert-butyl pyridine in 1:1 acetone/propylene carbonate",TiO2 film,,-,40 mM DCA,-,1,0
650.0,10.6,0.66,4.6,"0.60 M 2,3-dimethyl-1-propylimidazolium iodide, 0.05 M I2, 0.10 M LiI, and 0.50 M 4-tert-butylpyridine in an acetonitrile",TiO2 film (12 um transparent + 4 um scattering layer),,-,0.5 mM CDCA,-,1,0
660.0,16.2,0.65,6.9,"0.60 M 2,3-dimethyl-1-propylimidazolium iodide, 0.05 M I2, 0.10 M LiI, and 0.50 M 4-tert-butylpyridine in an acetonitrile",TiO2 film (12 um transparent + 4 um scattering layer),,-,2 mM CDCA,-,1,0
779.0,16.97,0.625,8.25,"1.0 M 1,3-dimethylimidazolium iodide (DMII), 0.03 M I2, 0.1 M guanidinium thiocyanate, 0.5 M TBP, and 0.05 M LiI in a mixture of acetonitrile−valeronitrile (85:15, v/v)",TiO2 film,,-,0.4 mM CDCA,-,1,0
579.0,10.037,0.75,4.37,"0.6 M 1,2-dimethyl-3-propylimidazolium iodide (DMPII), and 0.1 M LiI, 0.05 M I2, 0.5 M 4-tert-butylpyridine (TBP) in dry acetonitrile",TiO2 film (12 um transparent + 8 um scattering layer),0.16,-,-,-,0,0
615.0,5.03,0.798,2.52,cobalt tris(bipyridine) in acetonitrile,TiO2 film,,-,-,-,0,0
597.0,2.62,0.8,2.48,cobalt tris(bipyridine) in acetonitrile,TiO2 film,,-,-,-,0,0
549.0,0.47,0.797,2.17,cobalt tris(bipyridine) in acetonitrile,TiO2 film,,-,-,-,0,0
885.0,18.53,0.773,12.75,cobalt tris(bipyridine) in acetonitrile,TiO2 film,,-,-,-,0,0
865.0,9.78,0.795,13.15,cobalt tris(bipyridine) in acetonitrile,TiO2 film,,-,-,-,0,0
486.0,1.14,0.765,4.35,"1-methyl-3-propylimidazolium iodide (PMII, 1M), iodine (60 mM), 4-tert-butylpyridine (0.5 M), and lithium bis(trifluoromethanesulfonyl)imide (0.1 M) in acetonitrile",TiO2 film,,-,-,-,0,0
536.0,5.99,0.764,4.75,"1-methyl-3-propylimidazolium iodide (PMII, 1M), iodine (60 mM), 4-tert-butylpyridine (0.5 M), and lithium bis(trifluoromethanesulfonyl)imide (0.1 M) in acetonitrile",TiO2 film,,-,-,-,0,0
552.0,11.5,0.751,4.84,"1-methyl-3-propylimidazolium iodide (PMII, 1M), iodine (60 mM), 4-tert-butylpyridine (0.5 M), and lithium bis(trifluoromethanesulfonyl)imide (0.1 M) in acetonitrile",TiO2 film,,-,-,-,0,0
688.0,1.83,0.715,9.54,"1-methyl-3-propylimidazolium iodide (PMII, 1M), iodine (60 mM), 4-tert-butylpyridine (0.5 M), and lithium bis(trifluoromethanesulfonyl)imide (0.1 M) in acetonitrile",TiO2 film,,-,-,-,0,0
721.0,9.7,0.684,9.35,"1-methyl-3-propylimidazolium iodide (PMII, 1M), iodine (60 mM), 4-tert-butylpyridine (0.5 M), and lithium bis(trifluoromethanesulfonyl)imide (0.1 M) in acetonitrile",TiO2 film,,-,-,-,0,0
732.0,18.45,0.657,8.9,"1-methyl-3-propylimidazolium iodide (PMII, 1M), iodine (60 mM), 4-tert-butylpyridine (0.5 M), and lithium bis(trifluoromethanesulfonyl)imide (0.1 M) in acetonitrile",TiO2 film,,-,-,-,0,0
540.0,2.53,0.68,0.92,"0.6 M 3-propyl-1,2-dimethylimidazolium iodide, 0.05 M I2, 0.1 M LiI, and 0.5 M TBP in a mixture of acetonitrile/valeronitrile (V/V:1/1)",TiO2 film (8 um transparent + 4 um scattering layer),0.159,-,CDCA,-,1,0
687.0,13.42,0.7004,6.46,"0.6 M 1-propyl-2,3-dimethylimidazolium iodide, 0.05 M I2, 0.1 M LiI, 0.1 M guanidine thiocyanate, and 0.5 M tert-butylpyridine in acetonitrile and valteronitrile in 85:15 vol ratio",TiO2 film (8 um transparent + 4 um scattering layer),0.09,113 nmol/cm2,-,-,0,0
917.0,14.44,0.783,10.4,"0.25 M tris(1,10-phenanthroline)cobalt(II) di[bis(trifluoromethanesulfonyl)imide], 0.05 M tris(1,10-phenanthroline)cobalt(III) tris[bis(trifluoromethanesulfonyl)imide], 0.7 M TBP, and 0.05 M LiTFSI in acetonitrile",TiO2 film (5.2 um + 5 um scattering layer),0.16,-,-,-,0,0
628.0,14.588,0.72,6.64,"0.6 M 1,2-dimethyl-3-propylimidazolium iodide (DMPII), and 0.1 M LiI, 0.05 M I2, 0.5 M 4-tert-butylpyridine (TBP) in dry acetonitrile",TiO2 film (12 um transparent + 8 um scattering layer),0.16,-,0.4 mM CDCA,-,1,0
669.0,15.303,0.71,7.22,"0.6 M 1,2-dimethyl-3-propylimidazolium iodide (DMPII), and 0.1 M LiI, 0.05 M I2, 0.5 M 4-tert-butylpyridine (TBP) in dry acetonitrile",TiO2 film (12 um transparent + 8 um scattering layer),0.16,-,0.1 mM HC-A,-,1,0
558.0,7.371,0.77,3.16,"0.6 M 1,2-dimethyl-3-propylimidazolium iodide (DMPII), and 0.1 M LiI, 0.05 M I2, 0.5 M 4-tert-butylpyridine (TBP) in dry acetonitrile",TiO2 film (12 um transparent + 8 um scattering layer),0.16,-,-,-,0,0
580.0,11.104,0.73,4.7,"0.6 M 1,2-dimethyl-3-propylimidazolium iodide (DMPII), and 0.1 M LiI, 0.05 M I2, 0.5 M 4-tert-butylpyridine (TBP) in dry acetonitrile",TiO2 film (12 um transparent + 8 um scattering layer),0.16,-,0.4 mM CDCA,-,1,0
680.0,8.31,0.63,3.6,"0.5 M TBP, 0.6 M DMPII, and 0.05 M I2 in acetonitrile",TiO2 film 15 um thick,0.16,165 nmol/cm2,-,-,0,0
700.0,12.61,0.66,5.8,"0.5 M TBP, 0.6 M DMPII, and 0.05 M I2 in acetonitrile",TiO2 film 15 um thick,0.16,167 nmol/cm2,-,-,0,0
660.0,7.08,0.61,2.9,"0.5 M TBP, 0.6 M DMPII, and 0.05 M I2 in acetonitrile",TiO2 film 15 um thick,0.16,142 nmol/cm2,-,-,0,0
550.0,4.19,0.6,1.4,"0.5 M TBP, 0.6 M DMPII, and 0.05 M I2 in acetonitrile",TiO2 film 15 um thick,0.16,135 nmol/cm2,-,-,0,0
720.0,15.74,0.68,7.7,"0.5 M TBP, 0.6 M DMPII, and 0.05 M I2 in acetonitrile",TiO2 film 15 um thick,0.16,128 nmol/cm2,-,-,0,0
750.0,16.39,0.69,8.5,"0.5 M TBP, 0.6 M DMPII, and 0.05 M I2 in acetonitrile",TiO2 film 15 um thick,0.16,131 nmol/cm2,-,-,0,0
650.0,7.57,0.61,3.0,"5 wt% poly(vinylidenefluoride-co-hexafluoropropylene) in 0.05 M LiI, 0.1 M I2, 0.6 M DMPImI and TBP in 3-methoxypropionitrile",TiO2 film 15 um thick,0.16,-,-,-,0,0
680.0,11.9,0.63,5.1,"5 wt% poly(vinylidenefluoride-co-hexafluoropropylene) in 0.05 M LiI, 0.1 M I2, 0.6 M DMPImI and TBP in 3-methoxypropionitrile",TiO2 film 15 um thick,0.16,-,-,-,0,0
640.0,6.69,0.58,2.5,"5 wt% poly(vinylidenefluoride-co-hexafluoropropylene) in 0.05 M LiI, 0.1 M I2, 0.6 M DMPImI and TBP in 3-methoxypropionitrile",TiO2 film 15 um thick,0.16,-,-,-,0,0
520.0,3.65,0.58,1.1,"5 wt% poly(vinylidenefluoride-co-hexafluoropropylene) in 0.05 M LiI, 0.1 M I2, 0.6 M DMPImI and TBP in 3-methoxypropionitrile",TiO2 film 15 um thick,0.16,-,-,-,0,0
730.0,15.91,0.68,7.9,"5 wt% poly(vinylidenefluoride-co-hexafluoropropylene) in 0.05 M LiI, 0.1 M I2, 0.6 M DMPImI and TBP in 3-methoxypropionitrile",TiO2 film 15 um thick,0.16,-,-,-,0,0
700.0,10.51,0.719,5.19,"0.1 M LiI, 0.05 M I2, 0.6 M 1-methyl-3-propylimidazolium iodide, and 0.5 M 4-tert-butylpyridine in acetonitrile",TiO2 film (12 um + 5 um scattering layer),,-,-,-,0,0
711.0,17.93,0.7154,9.12,"0.1 M LiI, 0.05 M I2, 0.6 M 1-methyl-3-propylimidazolium iodide, and 0.5 M 4-tert-butylpyridine in acetonitrile",TiO2 film (12 um + 5 um scattering layer),,-,-,-,0,0
715.0,19.38,0.7296,10.14,"0.1 M LiI, 0.05 M I2, 0.6 M 1-methyl-3-propylimidazolium iodide, and 0.5 M 4-tert-butylpyridine in acetonitrile",TiO2 film (12 um + 5 um scattering layer),,-,2 mM CDCA,-,1,0
625.0,12.56,0.69,5.4,"0.5 M LiI, 0.05 M I2, 0.6 M 4-tert-butylpyridine (TBP), and 0.6 M 1-methyl-3-hexylimidazolium iodide (HMII) in 3-methoxypropionitrile (MPN)",TiO2 film,0.2,-,-,-,0,0
730.0,16.22,0.59,7.02,"LiI (0.5 M), I2 (0.05 M) and TBP (0.5 M) in acetonitrile",TiO2 film (10-12 uM thick + 5 uM scattering layer),0.25,-,-,-,0,0
750.0,16.32,0.6,7.34,"3-dimethylimidazolium iodide (1.0 M), LiI (0.05 M), I2 (0.03 M), guanidinium thiocyanate (0.1 M) and TBP (0.5 M) in MeCN:valeronitrile (85:15, v/v)",TiO2 film (10-12 uM thick + 5 uM scattering layer),0.25,-,-,-,0,0
746.0,17.11,0.72,9.13,"1 M 1,3-dimethyl-imidazolium iodide (DMII), 100 mM LiI, 60 mM I2 , 0.5 M TBP and 0.1 M Guanidinium thiocyanate (GuNCS) in a solvent mixture of 85% acetonitrile with 15% valeronitrile",TiO2 film (20 um thick),,220 nmol/cm2,-,-,0,0
752.0,17.39,0.74,9.67,"1 M 1,3-dimethyl-imidazolium iodide (DMII), 100 mM LiI, 60 mM I2 , 0.5 M TBP and 0.1 M Guanidinium thiocyanate (GuNCS) in a solvent mixture of 85% acetonitrile with 15% valeronitrile",TiO2 film (20 um thick),,-,"150 μM 1-decylphosphonic
Acid",-,1,0
690.0,13.82,0.64,6.07,"0.6 M 1,2-dimetyl-3-propyl imidazolium iodide, 0.5 M lithium iodide, 0.05 M 4-tert-butylpyridine and 0.05 M iodine in acetonitrile",TiO2 film (12 um thick),0.16,-,-,-,0,0
713.0,16.48,0.74,8.65,"1.0 M 1,3-dimethylimidazolium iodide (DMII), 60 mM I2 , 0.5 M tert-butylpyridine, 0.05 M NaI and 0.1 M GuNCS in acetonitrile and valeronitrile (v/v, 85/15)",TiO2 film (15 um thick + 4.5 um scattering layer),,-,-,-,0,0
752.0,16.76,0.74,9.32,"1.0 M 1,3-dimethylimidazolium iodide, 0.03 M I2 , 0.05 M lithium iodide, 0.1 M guanidinium thiocyanate and 0.5 M tert-butylpyridine in acetonitrile and valeronitrile solvent mixture (85:15 v/v)",TiO2 film (15 um thick + 4.5 um scattering layer),,-,-,-,0,0
597.0,16.2,0.638,6.2,"0.6 M DMPII, 0.25 M LiI, 0.01 M I2, 0.1M TBP in CH3CN",TiO2 film,0.12,-,-,-,0,0
670.0,15.85,0.689,7.3,"0.6 M DMPII, 0.25 M LiI, 0.01 M I2 0.1 M TBP in CH3CN",TiO2 film,0.12,-,-,-,0,0
716.0,15.14,0.723,7.9,"0.6 M DMPII, 0.06 M LiI, 0.04 M I2 , 0.4 M TBP in CH3CN",TiO2 film,0.12,-,-,-,0,0
695.0,14.0,0.64,6.2,"0.6 M 1,2-dimethyl-3-propylimidazolium iodide (DMPII), 0.1 M LiI, 0.05 M I 2 , 0.6 M TBP in methoxy-propylnitrile (MPN)",TiO2 thin film (10 um),0.159,-,-,-,0,0
711.0,11.4,0.58,4.7,"0.6 M tetrabutylammonium iodide (TBAI), 0.1 M LiI, 0.05 M I 2, 0.5 M 4-tert-butylpyridine (TBP) in dry acetonitrile",TiO2 thin film (10 um),0.159,-,-,-,0,0
690.0,11.73,0.51,4.1,"0.6 M tetrabutylammonium iodide (TBAI), 0.1 M lithium iodide, 0.05 M iodine and 0.5 M 4-tert-butylpyridine (TBP) in 5 mL of acetonitrile",TiO2 thin film (13 um),0.78,-,-,-,0,0
690.0,11.73,0.51,4.1,"0.1 M LiI, 0.05 M I2, 0.6 M Bu4NI and 0.5 M 4-tert-butylpyridine in CH3CN",TiO2 film (11 um thick),,-,-,-,0,0
675.0,15.05,0.693,7.3,iodide/triiodide,TiO2 thin film (20 um),,-,-,-,0,0
736.0,13.89,0.687,7.02,"0.6 M butylmethylimidazolium iodide, 0.03 M I 2 , 0.1 M guanidinium thiocyanate, 0.5 M 4-tert-butylpyridine in acetonitrile and valeronitrile (85:15)",TiO2 thin film (13 um),,-,-,-,0,0
750.0,15.5,0.59,6.85,"acetonitrile solution containing LiI (0.5 M), I 2 (0.05 M) and 4-tert-butylpyridine (0.5 M)",TiO2 thin film (16-18 um),0.25,-,-,-,0,0
740.0,15.87,0.61,7.15,"LiI (0.5 M), I2 (0.05 M), and TBP (0.5 M) in MeCN",TiO2 thin film (16-18 um),0.25,-,-,-,0,0
760.0,18.61,0.63,8.93,"3-dimethylimidazolium iodide (1.0 M), LiI (0.05 M), I 2 (0.03 M), guanidinium thiocyanate (0.1 M), and TBP (0.5 M) in MeCN : valeronitrile (85:15, v/v)",TiO2 thin film (16-18 um),0.25,-,-,-,0,0
734.0,12.64,0.62,5.75,"0.05 M I 2 , 0.5 M LiI, and 0.5 M tert-butylpyridine in acetonitrile",TiO2 thin film (15 um),0.237,-,-,-,0,0
700.0,16.9,0.68,8.0,"0.6 M 1,2-dimethyl-3-propylimidazolium iodide (DMPII), 0.06M LiI, 0.04 M I 2 , and 0.4 M 4-tertbutylpyridine (TBP) in dry acetonitrile (AN)",TiO2 thin film (12 um  as the transparent layer and 4 um the scattering layer),,-,CDCA,-,1,0
775.0,9.8,0.73,5.5,"0.7 M 1-methyl-3-propylimidazolium iodide (MPII), 0.05 M I2, 0.2 M LiI, 0.5 M 4-tert-butylpyridine (TBP) in acetonitrile and valeronitrile (85:15 v/v)",TiO2 thin film (4.8 um),0.401,-,-,-,0,0
713.0,16.1,0.69,7.9,"0.7 M 1-methyl-3-propylimidazolium iodide (MPII), 0.05 M I2, 0.2 M LiI, 0.5 M 4-tert-butylpyridine (TBP) in acetonitrile and valeronitrile (85:15 v/v)",TiO2 thin film (14.5 um),0.455,-,-,-,0,0
777.0,8.63,0.63,5.25,"0.6 M 1-methyl-3-propylimidazolium iodide (PMII), 0.10 M guanidinium thiocyanate, 0.03 M I2 , 0.5 M tert-butylpyridine in acetonitrile and valeronitrile (85:15)",TiO2 thin film (14 um transparent layer and 4 um scattering layer),0.16,-,-,-,0,0
650.0,17.2,0.71,7.9,"0.3 M HMII, 0.5 M LiI, 0.05 M I 2 and 0.5 M TBP in MPN",TiO2 thin film (12 um thick film with 15-20 nm particles as the transparent layer and 4 um of 300-500 nm particles as the scattering layer),0.2,-,-,-,0,0
650.0,17.2,0.71,7.9,"0.3 M HMII, 0.5 M LiI, 0.05 M I 2 and 0.5 M TBP in MPN",TiO2 thin film (12 um thick 15-20 nm particles with scattering layer 4um containing 300-500 nm particles),0.2,-,-,-,0,0
620.0,18.13,0.66,7.39,"0.6 M PMII, 0.1 M LiI 0.05 M I2 and 0.5 M TBP",TiO2 film,,-,-,-,0,0
620.0,18.13,0.66,7.39,"0.6 M propyl methyl iodide (PMII), 0.1 M LiI, 0.05 M I2, and 0.5 M tert-butyl pyridine (TBP) in acetonitrile",TiO2 film,,-,-,-,0,0
712.0,17.177,0.6736,8.24,"3-propyl-1-methyl-imidazolium iodide (PMII, 1 M), lithium iodide (LiI, 0.2 M), iodide (I 2 , 0.05 M), and tert-butylpyridine (TBP, 0.5 M) in acetonitrile/valeronitrile (85:15)",TiO2 thin film (scattering layer containing 400 nm particles),0.24,-,-,-,0,0
783.0,16.91,0.67,8.84,"0.6 M 1-methyl-3-propylimidazolium iodide (PMII), 0.10 M guanidinium thiocyanate, 0.03 M I 2 , 0.5 M tert-butylpyridine in acetonitrile, and valeronitrile (85:15)",TiO2 thin film (20 nm particle size),0.16,-,-,-,0,0
572.0,11.22,0.706,4.53,Z-50 (Solaronix),TiO2 film (8 um thick + 4 um scattering layer),0.22,99 nmol/cm2,0.1 mM CDCA,-,1,0
774.0,16.72,0.68,8.83,"0.6 M 1-methyl-3-propylimidazolium iodide (PMII), 0.10 M guanidinium thiocyanate, 0.05 M LiI, 0.07 M I 2 and 0.5 M tert-butylpyridine in acetonitrile/Valeronitrile (85:15)",TiO2 films (12 um in thickness) with a scattering layer (4 um),0.16,-,-,-,0,0
606.0,14.74,0.716,6.4,"0.6 M dimethylpropylimidazolium iodide (DMPII), 0.05 M I 2 , 0.5 M TBP and 0.1 M LiI",TiO2 films (20 um thickness),0.23,-,-,-,0,0
606.0,14.74,0.716,6.4,"0.6 M dimethylpropyl-imidazolium iodide (DMPII), 0.05 M I2, 0.5 M TBP and 0.1 M LiI in acetonitrile",TiO2 film 20 um thick,0.25,-,-,-,0,0
710.0,17.95,0.64,8.1,"0.1 m lithium iodide (LiI), 0.05 m iodine (I2), 0.6 m 1,2-dimethyl-3-propylimidazolium iodide (DMPII), and 0.1 m guanidine thiocyanate (GuSCN) in acetonitrile","TiO2 film (12 um thick, 5 um scattering layer)",0.16,-,-,-,0,0
710.0,17.95,0.64,8.1,"0.1 m lithium iodide (LiI), 0.05 m iodine (I2), 0.6 m 1,2-dimethyl-3-propylimidazolium iodide (DMPII), and 0.1 m guanidine thiocyanate (GuSCN) dissolved in acetonitrile",TiO2 film (12 um),0.16,-,-,-,0,0
678.0,17.02,0.6007,6.93,"3-propyl-1-methyl-imidazolium iodide (PMII, 0.7 M), lithium iodide (LiI, 0.2 M), iodine (I2 , 0.05 M), and t-butylpyridine (TBP, 0.5 M) in acetonitrile/valeronitrile
(85:15)","TiO2 film (20-30 nm particles, 4 um scattering layer)",0.24,-,-,-,0,0
728.0,17.48,0.65,8.32,iodide/triiodide,TiO2 film,0.16,-,-,-,0,0
720.0,16.99,0.69,8.47,"0.1m lithium iodide (LiI), 0.05m iodine (I2), 0.6m 1,2-dimethyl-3-propylimidazolium iodide (DMPII), and 0.1m guanidine thiocyanate (GuSCN) dissolved in ACN/3-methoxypropionitrile (MPN) mixture (1:1)","TiO2 film (9 um thick, 3 um scattering layer)",0.16,-,-,-,0,0
732.1,16.57,0.65,7.88,"0.1 M LiI, 0.6 M 1-propyl-2,3-dimethylimidazolium iodide (DMPII), 0.05 M I2 , and 0.5 M tert-butylpyridine (TBP) in 3 methoxypropionitrile (MPN)/MeCN (1:1)","TiO2 film (12 um thick, 5 um scattering layer)",0.16,-,-,-,0,0
730.0,12.59,0.72,6.56,"0.5 M LiI, 0.05 M I2, and 0.5 M 4-tert-butylpyridine (TBP) in 3-methoxypropionitrile",TiO2 film (3 um scattering layer),0.2,-,-,-,0,0
780.0,14.89,0.6318,7.69,"0.7 M 1-propryl-3-methyl-imidazolium iodide (PMII), 0.2 M LiI, 0.05 M I 2 0.5 M TBP in acetonitrileevaleronitrile (v/v, 85/15)",TiO2 film (8 um),,-,10 mM CDCA,-,1,0
728.3,14.71,0.7285,7.8,"0.7 M 1-propryl-3-methyl-imidazolium iodide (PMII), 0.2 M LiI, 0.05 M I2 0.5 M TBP in acetonitrile-valeronitrile (v/v, 85/15)",TiO2 film (8 um),0.24,-,10 mM CDCA,-,1,0
699.0,16.9,0.68,8.0,"0.6 M 1,2-dimethyl-3-propylimidazolium iodide (DMPII), 0.06 M LiI, 0.04 M I2 , and 0.4 M 4-tert-butylpyridine (TBP) in dry acetonitrile",TiO2 film (12 um + 4 um scattering layer),0.159,-,-,-,0,0
650.0,14.94,0.73,7.13,"0.6 M dimethylpropyl imidazolium iodide, 0.05 M I2 , 0.1 M LiI and 0.5 M tert-butylpyridine in acetonitrile",TiO2 film (8 um + 4 um scattering layer),0.25,-,-,-,0,0
670.0,11.0,0.627,4.2,"0.3 M DMPIC, 0.2 M DMPIDC, 0.1 M LiClO4 , 0.4 M TBP in AN",TiO2 film (12 um + 4 um scattering layer),0.159,-,-,-,0,0
700.0,13.3,0.641,6.0,"0.6 M DMPIC, 0.2 M DMPIDC, 0.1 M LiClO4 , 0.4 M TBP in AN",TiO2 film (12 um + 4 um scattering layer),0.159,-,-,-,0,0
740.0,9.5,0.592,4.1,"0.6 M DMPIC, 0.1 M DMPIDC, 0.1 M LiClO4 , 0.4 M TBP in AN",TiO2 film (12 um + 4 um scattering layer),0.159,-,-,-,0,0
700.0,13.6,0.636,6.1,"0.6 M DMPIC, 0.06 M DMPIDC, 0.1 M LiClO4 , 0.4 M TBP in AN",TiO2 film (12 um + 4 um scattering layer),0.159,-,-,-,0,0
720.0,15.0,0.582,5.3,"0.3 M DMPIC, 0.03 M DMPIDC, 0.1 M LiClO4 , 0.4 M TBP in AN",TiO2 film (12 um + 4 um scattering layer),0.159,-,-,-,0,0
710.0,16.9,0.642,7.7,"0.6 M DMPIC, 0.02 M DMPIDC, 0.1 M LiClO4 , 0.4 M
TBP in AN",TiO2 film (12 um + 4 um scattering layer),0.159,-,-,-,0,0
720.0,14.1,0.691,7.0,"0.6 M DMPII, 0.02 M I2 , 0.1 M LiClO4 and 0.4 M TBP in AN.",TiO2 film (12 um + 4 um scattering layer),0.159,-,-,-,0,0
720.0,16.0,0.701,8.1,"0.6 M DMPII, 0.0653M LiI, 0.03 M I 2 , 0.28 M TBP and 0.05 M GuSCN in AN",TiO2 film (12 um + 4 um scattering layer),0.159,-,-,-,0,0
720.0,12.77,0.55,5.09,"0.6 M DMPII, 0.1 M LiI, 0.05 M I2 , 0.5 M TBP in AN/VN (85/15 by volume ratio)",TiO2 film (12 um),0.25,-,-,-,0,0
747.2,10.4,0.7469,5.8,"3-propyl-1-methyl-imidazolium iodide (PMII, 0.7 M), lithium iodide (LiI, 0.2 M), iodine (I2 , 0.05 M), and t-butylpyridine (TBP, 0.5 M) in acetonitrile/valeronitrile (85:15)",TiO2 film,0.38,-,-,-,0,0
730.0,14.24,0.68,7.11,"0.6 M DMPImI, 0.1 M LiI, 0.05 M I2  and 0.5 M 4-tert-butylpyridine (TBP) in acetonitrile",TiO2 film (12 um),0.25,-,-,-,0,0
760.0,15.05,0.66,7.56,"0.5 M lithium iodide (LiI), 0.05 M iodine (I2), and 0.5 M 4-tert-butylpyridine in acetonitrile",TiO2 film (12 um + 6 um scattering layer),0.16,-,-,-,0,0
725.8,14.8,0.6997,7.5,"3-propyl-1-methyl-imidazolium iodide (PMII, 0.7 M), lithium iodide (LiI, 0.2 M), iodine (I 2 , 0.05 M), t-butylpyridine (TBP, 0.5 M) in acetonitrile/valeronitrile (85:15)",TiO2 film,0.466,-,-,-,0,0
710.0,5.15,0.68,2.01,"0.3M 1-methyl-3-propylimidazolium iodide (MPII), 0.03M I2, 0.07M LiI, 0.1M guandine thiocyanate and 0.4M 4-tert-butylpyridine (TBP)",TiO2 18 um thickness,0.16,-,-,-,0,0
710.0,10.01,0.72,4.72,"0.3M 1-methyl-3-propylimidazolium iodide (MPII), 0.03M I2, 0.07M LiI, 0.1M guandine thiocyanate and 0.4M 4-tert-butylpyridine (TBP)",TiO2 18 um thickness,0.16,-,-,-,0,0
611.0,13.12,0.702,5.62,Z-50 (Solaronix),TiO2 film (8 um thick + 4 um scattering layer),0.22,66 nmol/cm2,1 mM CDCA,-,1,0
670.0,9.68,0.71,4.47,"0.3M 1-methyl-3-propylimidazolium iodide (MPII), 0.03M I2, 0.07M LiI, 0.1M guandine thiocyanate and 0.4M 4-tert-butylpyridine (TBP)",TiO2 18 um thickness,0.16,-,-,-,0,0
730.0,16.81,0.69,8.2,"0.03 M I 2 , 0.05 M LiI, 0.6 M tetrapropylammonium iodide (TPAI), and 0.5 M 4-tert-butypyridine (TBP) in a mixed solvent of acetonitrile and valeronitrile (85:15 v/v)",TiO2 film (9 um + 5 um scattering layer),0.25,-,-,-,0,0
730.0,16.81,0.69,8.2,"0.05 M I2, 0.1 M LiI, 0.6 M tetrapropyl ammonium iodide (TPAI) and 0.4 M tert-butylpyridine (4-TBP) in a mixed solvent of acetonitrile and valeronitrile (85/15, v/v)",TiO2 film (9 um thick + 5 um scattering layer),0.25,5.83e16 mol/cm2,-,-,0,0
800.0,14.15,0.72,8.15,"0.05 M LiI, 0.1 M I2, 0.6 M DMPImI and TBP in 3-methoxypropionitrile",TiO2 film (15 um thick),0.16,-,-,-,0,0
800.0,14.15,0.72,8.15,"0.5 M TBP, 0.05 M I2 and 0.6 M DMPII",TiO2,0.16,-,-,-,0,0
640.0,10.08,0.593,3.98,"0.5M LiI, 0.05M I2 and 1M 4-tert-butylpyridine in propylenecarbonate–acetonitrile (v:v = 1:1)",TiO2 film,0.3,-,-,-,0,0
810.0,14.55,0.61,7.2,"0.03 M I2, 0.6 M 1-butyl-3-methylimidazolium iodide, 0.10 M guanidinium thiocyanate, 0.5 M 4-tert-butylpyridine in acetonitrile:valeronitrile (85:15 v/v)","TiO2, 8+4um scattering layer",0.35,-,-,-,0,0
719.0,15.15,0.75,8.17,"0.6 M DMPII, 0.05 M I2, 0.1 M LiI and 0.5 M TBP in acetonitrile","TiO2, 15um thickness",0.25,-,DCA 20um,-,1,0
747.0,15.15,0.62,7.02,"1.0 M of 1,2-dimethyl-3-propylimidazolium iodide (DMPII), 0.03 M I2, 0.05 LiI, 0.1 M guanidinium  thiocyanate (GuSCN) and 0.5 M 4-TBP in a solvent mixture of acetonitrile and valeronitrile (85:15 v/v)",TiO2 12 um thickness,0.237,-,-,-,0,0
727.0,7.01,0.69,3.5,"0.1 M LiI, 0.6 M 1,2-dimethyl-3-propylimidazoliumiodide, 0.2 M I2, and 0.5 M 4-tert-butylpyridine in3-methoxypropionitrile",TiO2 4 um thickness,0.16,-,-,-,0,0
722.0,2.86,0.79,1.6,"0.1 M LiI, 0.6 M 1,2-dimethyl-3-propylimidazoliumiodide, 0.2 M I2, and 0.5 M 4-tert-butylpyridine in3-methoxypropionitrile",TiO2 4 um thickness,0.16,-,-,-,0,0
621.0,1.66,0.72,0.74,"0.1 M LiI, 0.6 M 1,2-dimethyl-3-propylimidazoliumiodide, 0.2 M I2, and 0.5 M 4-tert-butylpyridine in3-methoxypropionitrile",TiO2 4 um thickness,0.16,-,-,-,0,0
710.0,11.63,0.72,5.92,0.03 m I2/0.6 m LiI/0.1 m guanidinium thiocyanate/0.5 m tert-butylpyridine in a 15:85 (v/v) benzonitrile/acetonitrile solution,TiO2 11 um thickness,0.25,-,-,-,0,0
700.0,8.62,0.768,5.31,"0.6 M DMPImI, 0.05 M I2, 0.1 M LiI, 0.8 M 4-tert-butylpyridine in acetonitrile",TiO2 5.3 um thickness,0.16,-,CDCA 30mM,-,1,0
600.0,9.06,0.7377,6.25,"0.22 M [Co(II) (bpy)3] (B(CN)4)2, 0.05 M [Co(III) (bpy)3](B(CN)4)3, 0.1 M LiClO4, and 0.8 M 4-tert-butylpyridine in acetonitrile",TiO2 5.3 um thickness,0.16,-,-,-,0,0
634.0,8.9,0.7691,5.41,"0.6 M DMPImI, 0.05 M I2, 0.1 M LiI, 0.8 M 4-tert-butylpyridine in acetonitrile",TiO2 5.3 um thickness,0.16,-,-,-,0,0
601.0,9.33,0.7358,6.38,"0.22 M [Co(II) (bpy)3] (B(CN)4)2, 0.05 M [Co(III) (bpy)3](B(CN)4)3, 0.1 M LiClO4, and 0.8 M 4-tert-butylpyridine in acetonitrile",TiO2 5.3 um thickness,0.16,-,-,-,0,0
740.0,9.16,0.7768,5.88,"0.6 M DMPImI, 0.05 M I2, 0.1 M LiI, 0.8 M 4-tert-butylpyridine in acetonitrile",TiO2 5.3 um thickness,0.16,-,-,-,0,0
730.0,9.85,0.7217,6.66,"0.22 M [Co(II) (bpy)3] (B(CN)4)2, 0.05 M [Co(III) (bpy)3](B(CN)4)3, 0.1 M LiClO4, and 0.8 M 4-tert-butylpyridine in acetonitrile",TiO2 5.3 um thickness,0.16,-,-,-,0,0
579.0,7.61,0.732,3.2,"0.6 M dimethylpropyl-imidazolium iodide (DMPII), 0.05 M I2, 0.5 M TBP and 0.1 M LiI in acetonitrile",TiO2 film 20 um thick,0.25,-,-,-,0,0
584.0,8.9,0.74,3.8,"0.6 M dimethylpropyl-imidazolium iodide (DMPII), 0.05 M I2, 0.5 M TBP and 0.1 M LiI in acetonitrile",TiO2 film 20 um thick,0.25,-,-,-,0,0
699.0,6.36,0.757,3.4,"0.6 M dimethylpropyl-imidazolium iodide (DMPII), 0.05 M I2, 0.5 M TBP and 0.1 M LiI in acetonitrile",TiO2 film 20 um thick,0.25,-,-,-,0,0
720.0,6.8,0.67,3.2,"0.6M BMIMI, 0.03M Iodine and 0.5M 4-tert-butyl pyridine, 0.1M GuSCN in 3-methoxy propeonitrile",TiO2 film 12 um thick,0.18,-,-,-,0,0
750.0,8.3,0.64,4.0,"0.6M BMIMI, 0.03M Iodine and 0.5M 4-tert-butyl pyridine, 0.1M GuSCN in 3-methoxy propeonitrile",TiO2 film 12 um thick,0.18,-,-,-,0,0
690.0,6.4,0.59,2.7,"0.6M BMIMI, 0.03M Iodine and 0.5M 4-tert-butyl pyridine, 0.1M GuSCN in 3-methoxy propeonitrile",TiO2 film 12 um thick,0.18,-,-,-,0,0
730.0,7.3,0.63,3.5,"0.6M BMIMI, 0.03M Iodine and 0.5M 4-tert-butyl pyridine, 0.1M GuSCN in 3-methoxy propeonitrile",TiO2 film 12 um thick,0.18,-,-,-,0,0
520.0,4.48,0.61,1.44,"0.5 M LiI, 0.05 M I2 , and 0.1 M 4-tert-butylpyridine in acetonitrile",TiO2 film,,-,-,-,0,0
560.0,3.11,0.72,1.26,"0.5 M LiI, 0.05 M I2 , and 0.1 M 4-tert-butylpyridine in acetonitrile",TiO2 film,,-,-,-,0,0
550.0,3.87,0.68,1.47,"0.5 M LiI, 0.05 M I2 , and 0.1 M 4-tert-butylpyridine in acetonitrile",TiO2 film,,-,-,-,0,0
724.0,17.6,0.66,8.44,"0.1 M LiI, 0.6 M DMPII, 0.05 M I2, and 0.5 M TBP in 3-methoxypropionitrile (MPN)/ACN (volume ratio of 1:1)",TiO2 14 um thickness,0.16,-,-,-,0,0
750.0,16.29,0.64,7.84,"0.6 M 3-hexyl-1,2-dimethyl imidazolium iodide, 0.04 M iodine, 0.025 M LiI, 0.05 M guanidium thiocyanate, and 0.28 M tert-butylpyridine in acetonitrile",TiO2 13um thickness,0.18,-,-,-,0,0
740.0,9.5,0.7,4.9,"0.6 M 1,2-dimethyl-3-n-propylimidazolium iodide (DMPImI) + 0.1 M LiI + 0.05 M I2 + 0.5 M 4-tertbutylpyridine (TBP) in acetonitrile",TiO2 4.9 um thickness,0.16,-,-,-,0,0
630.0,0.97,0.69,4.3,"0.6 M 1,2-dimethyl-3-n-propylimidazolium iodide (DMPImI) + 0.1 M LiI + 0.05 M I2 + 0.5 M 4-tertbutylpyridine (TBP) in acetonitrile",TiO2 4.3 um thickness,0.16,-,-,-,0,0
790.0,10.3,0.77,6.3,"0.6 M 1,2-dimethyl-3-n-propylimidazolium iodide (DMPImI) + 0.1 M LiI + 0.05 M I2 + 0.5 M 4-tertbutylpyridine (TBP) in acetonitrile",TiO2 6.3 um thickness,0.25,-,-,-,0,0
650.0,12.67,0.67,5.45,I2 (0.05 M)/LiI (0.1 M)/tetrapropylammonium iodide (0.4 M)/4-tert-butylpyridine (0.4 M) in a valeronitrile/acetonitrile 15:85 (v/v),TiO2,0.25,-,-,-,0,0
790.0,10.1,0.77,6.1,0.6 M DMPImI + 0.1 M LiI + 0.05 M I2 + 0.5 M TBP in acetonitrile,TiO2 film 6.5 um,0.2354,-,-,-,0,0
790.0,10.5,0.76,6.3,0.6 M DMPImI + 0.1 M LiI + 0.05 M I2 + 0.5 M TBP in acetonitrile,TiO2 film 6.5 um,0.2354,-,-,-,0,0
760.0,16.1,0.74,9.1,0.6 M DMPImI + 0.1 M LiI + 0.05 M I2 + 0.5 M TBP in acetonitrile,TiO2 film 16 um,0.2354,-,-,-,0,0
750.0,16.5,0.72,8.9,0.6 M DMPImI-0.1 M LiI-0.05 M I2-1.0 M 4-tert-butylpyridine (TBP) in AN,TiO2 film (15 um thick),,-,-,-,0,0
744.0,17.8,0.69,9.12,"1-propyl-2,3-dimethylimidazolium iodide (1.2 M), iodine (0.035 M), tert-butylpyridine (0.5 M) and guanidine thiocyanate (0.1 M) dissolved in acetonitrile/3-methoxypropionitrile mixture (8:2)",TiO2 12 um thickness,0.16,-,-,-,0,0
744.0,17.8,0.69,9.12,"0.1 M LiI, 0.6 M 1-propyl-2,3-dimethylimidazolium iodide (DMPII), 0.05 M I2 and 0.5 M tert-butylpyridine (TBP) in a solvent mixture of acetonitrile(ACN)-3-methoxypropionitrile (MPN) with a volume ratio of 1 : 1",TiO2 film (12 um + 4 um scattering layer),0.16,-,-,-,0,0
744.0,17.8,0.69,9.12,"0.1 M LiI, 0.6 M 1-propyl-2,3-dimethylimidazolium iodide (DMPII), 0.05 M I2 and 0.5 M tert-butylpyridine (TBP) in a mixture of acetonitrile(ACN)/3-methoxypropionitrile (MPN) with a volume ratio of 1:1",TiO2 film (12 um thick + 4 um scattering layer),0.16,-,-,-,0,0
661.0,13.88,0.584,5.356,"0.1 M LiI, 0.05 M I2, 0.5 M PMII, 0.6 M tert-butyl pyridine in 3-methoxypropionitile","TiO2 film (12 um,+4.6 um scattering layer )",0.25,-,-,-,0,0
772.0,14.32,0.68,7.51,"0.1 M LiI, 0.03 M I2 , 0.6 M 1-methyl-3-propylimidazolium iodide, and 0.5 M, t-butylpyridine in acetonitrile",TiO2 film,0.2,-,-,-,0,0
750.0,15.4,0.61,7.08,"0.3 M DMPII, 0.1 M LiI, 0.05 M I2 , and 0.5 M 4-tert-butylpyridine in CH3CN",TiO2 film,0.196,-,-,-,0,0
750.0,13.31,0.641,6.39,"0.6 M DMPII, 0.05 M I 2 , and 0.5 M TBP in a mixture solution of acetonitrile and valeronitrile (85:15, v/v)",TiO2 film 15 um,0.16,-,-,-,0,0
780.0,13.65,0.676,7.2,"0.6 M DMPII, 0.05 M I2 , and 0.5 M TBP in acetonitrile and valeronitrile (85:15, v/v)",TiO2 film 15 um,0.16,-,-,-,0,0
806.0,17.65,0.68,9.63,"0.1 M LiI, 0.05 M I 2 , 0.6 M
1-methyl-3-propyl-imidazolium iodide (PMII), and 0.5 M 4-tert-butylpyridine (TBP) in a mixture of acetonitrile and valeronitrile (volume ratio of 85:15)",TiO2 12 um thick,0.25,-,-,-,0,0
836.0,14.79,0.746,9.2,"LiI (0.05 M), I 2 (0.05 M), DMPII (1.0 M), 4-tert-butylpyridine (0.5 M) in a mixture of acetonitrile and valeronitrile (volume ratio 85:15)",TiO2 film,0.16,-,-,-,0,0
730.0,16.74,0.73,8.96,"0.6 M 1-methyl-3-propylimidazolium iodide (PMII), 0.1 M LiI, 0.05 M I 2 , and 0.5 M 4-tert-butylpyridine (4-TBP) in a mixture of acetonitrile–valeronitrile (85:15, v/v)",TiO2 film (12 um thick + 4 um scattering layer),0.096,-,-,-,0,0
820.0,9.27,0.67,5.09,"0.1 M LiI, 0.05 M I2, 0.6 M 1-methyl-3-propylimidazolium iodide, and 0.5 M tert-butylpyridine in dry acetonitrile","TiO2 film (7 um thick, 20 nm nanocrystals)",0.16,-,-,-,0,0
699.0,18.06,0.625,7.89,"0.1 M LiI, 0.05 M I2, 0.6 M 1,3-dimethyl-3-imidazolinium iodine, and 0.5 M 4-tert-butyl pyridine (TBP)",TiO2 film (12 um thick),0.16,-,-,-,0,0
754.0,16.68,0.657,8.26,"0.1 M LiI, 0.05 M I2, 0.6 M 1,3-dimethyl-3-imidazolinium iodine, and 0.5 M 4-tert-butyl pyridine (TBP)",TiO2 film (12 um thick),0.16,-,-,-,0,0
727.0,11.95,0.68,5.91,"0.6 mol/L BMII (1-butyl-3-methyl imidazolium iodide), 0.1 mol/L LiI, 0.05 mol/L I2, 0.5 mol/L TBP (4-tertbutylpyridine) in acetonitrile",TiO2 film (3 um thick + 4 um scattering layer),0.159,-,-,-,0,0
740.0,15.62,0.62,7.26,"LiI (0.5 M), I2 (0.05 M), and TBP (4-tert-butylpyridine) (0.5 M) in MeCN",TiO2 film,0.25,-,-,-,0,0
750.0,17.47,0.6,7.9,"3-dimethylimidazolium iodide (DMII)(1.0 M) and guanidinium thiocyanate (0.1 M), in addition to LiI (0.05 M), I2 (0.03 M), and TBP (0.5 M) in a mixed solvent of MeCN and valeronitrile (85:15, v/v)",TiO2 film,0.25,-,-,-,0,0
800.0,17.91,0.71,10.19,"0.5 M 1-butyl-3- methylimidazolium iodide (BMII), 0.1 M lithium iodide, 0.05 M iodine and 0.5 M tert-butylpyridine in acetonitrile",TiO2 film (17 um thick),0.16,-,5 mM CDCA,-,1,0
690.0,12.77,0.75,6.57,"0.6 M DMPII, 0.1M LiI, 0.1M I2, 0.5M TBP in acetonitrile",TiO2 film (11 um thick + 4 um scattering layer),0.25,-,-,-,0,0
750.0,18.44,0.67,9.16,"0.6 M 3-hexyl-1,2-dimethylimidazolium iodide, 0.04 M iodine, 0.025 M LiI, 0.05 M guanidium thiocyanate, and 0.28 M tertbutylpyridine in acetonitrile",TiO2 film (13 um thick + 10 um scattering layer),0.18,-,10 mM CDCA,-,1,0
750.0,18.44,0.67,9.16,"0.6 M 3-hexyl-1,2-di-methyl imidazolium iodide, 0.04 M iodine, 0.025 M LiI, 0.05 M guanidium thiocyanate, and 0.28 M tert-butylpyridine in acetonitirile",TiO2 film (13 + 10 um thick),0.18,-,10 mM CDCA,-,1,0
745.0,15.3,0.64,7.29,"0.5 M lithium iodide (LiI), 0.05 M iodine (I2), and 0.5 M 4-tert-butylpyridine dissolved in acetonitrile",TiO2 film (12 um thick + 5 um scattering layer),0.25,-,-,-,0,0
804.6,12.5,0.7241,7.24,"0.05 M guanidine thiocyanate, 0.03 M I2, 0.5 M 4-tert-butylpyridine (TBP), and 0.7 M 1-propyl-3-methylimidazolium (PMII) in acetonitrile mixed with valeronitrile (85/15, v/v)",TiO2 film (10 um thick + 5 um scattering layer),0.45,-,-,-,0,0
745.0,9.32,0.67,4.65,"0.6 M DMPImI, 0.1 M LiI, 0.05 M I2, and 0.5 M 4-tertbutylpyridine in acetonitrile",TiO2 film (4.5 um thick),0.13,-,-,-,0,0
760.0,16.12,0.7,8.57,"0.6 M 1-butyl-3-methylimidazolium iodide (BMII), 0.05 M LiI, 0.03 M I2, 0.5 M 4-tert-butylpyridine, and 0.1 M guanidinium thiocyanate in a mixture of acetonitrile-valeronitrile (85:15, v/v)]",TiO2 film (12 um thick + 4 um scattering layer),0.125,-,0.5 mM DCA,-,1,0
770.0,14.65,0.7,7.93,"0.6 M 1-butyl-3-methylimidazolium iodide (BMII), 0.05 M LiI, 0.03 M I2, 0.5 M 4-tert-butylpyridine, and 0.1 M guanidinium thiocyanate in a mixture of acetonitrile-valeronitrile (85: 15, v/v)",TiO2 film (7 um thick + 5 um scattering layer),0.125,-,0.5 mM DCA,-,1,0
760.0,14.59,0.63,7.0,"acetonitrile solution containing LiI (0.5 M), I2 (0.05 M), and 4-tert-butylpyridine (0.5 M)",TiO2 film (16-18 um thick),0.25,-,-,-,0,0
750.0,13.86,0.7,7.25,"0.5MLiI, 0.05M I2, and 0.5 M 4-tert-butylpyridine (TBP) in 3-methoxypropionitrile",TiO2 film,,-,-,-,0,0
780.0,13.84,0.6704,7.23,"0.06 M LiI, 0.03 M I 2 , 0.6 M 1,2-dimethyl-3-propylimidazolium iodide, and 0.5 M 4-tert-butylpyridine in acetonitrile",TiO2 film,0.159,-,-,-,0,0
630.0,11.32,0.738,6.52,"(0.06 M LiI, 0.03 M I2 , 0.6 M 1,2-dimethyl-3-propylimidazolium iodide, and 0.5 M 4-tert-butylpyridine in acetonitrile",TiO2 film 10 um,0.159,-,-,-,0,0
620.0,18.7,0.66,7.69,"0.6 M tetrabutylammonium iodide, 0.5 M tert-butylpyridine, 0.1 M lithium iodide, and 100 mM iodine in 3-methoxypropionitrile",TiO2 film (10 um thick + 5 um scattering layer),,-,-,-,0,0
718.0,17.79,0.6,7.64,0.05 M I2 + 0.5 M LiI in the mixed solvent of acetonitrile and 3-methoxypropionitrile,TiO2 film (10 um thick + 4 um scattering layer),0.25,-,-,-,0,0
726.0,16.33,0.66,7.86,0.1 M LiI + 0.05 M I2 + 0.6 M DMPII + 0.5 M TBP in acetonitrile,TiO2 film 14 um,0.28,-,-,-,0,0
756.0,11.95,0.74,6.7,"0.6 M DMPII, 0.1 M LiI, 0.1 M I2 and 0.5 M TBP in acetonitrile",TiO2 film 10 um,0.25,-,-,-,0,0
756.0,11.95,0.74,6.7,"0.6 mol/L DMPII, 0.1 mol/L LiI, 0.1 mol/L I2 and 0.5 mol/L 4-tert-butylpyridine (TBP) in acetonitrile",TiO2 film 10 um,0.25,-,-,-,0,0
660.0,17.37,0.6,6.7,"0.5 M LiI, 0.05 M I2, 0.5 M TBP in acetonitrile",TiO2 film (12 um thick),0.16,-,-,-,0,0
689.0,16.1,0.67,7.47,"0.1MLiI, 0.6MMPII, 0.05MI2, 0.5M4-TBP in the mixed solvent of acetonitrile and 3-methoxypropionitrile (7:3, v/v)",TiO2 film 13 um,,-,-,-,0,0
689.0,16.1,0.67,7.47,"0.1M LiI, 0.6M MPII, 0.05M I2, 0.5M 4-TBP in the mixed solvent of acetonitrile and 3-methoxypropionitrile (7:3, v/v)",TiO2 film,0.158,-,-,-,0,0
689.0,16.1,0.67,7.47,"0.6 M PMII (1-propyl-3-methyl imidazolium iodide), 0.1 M LiI, 0.05 M I2, in a mixture of acetonitrile and methoxypropionitrile(volume ratio, 7:3)",TiO2 film (16 um thick),0.159,-,-,-,0,0
689.0,16.1,0.67,7.47,0.1 M LiI + 0.6 M DMPImI + 0.1 M I2 + 0.5 M 4-TBP in acetonitrile,TiO2 12 um thick,0.158,-,-,-,0,0
765.0,14.94,0.69,7.93,"0.6 M PMII, 0.03 M I2, 0.05 M LiI, 0.1 M guanidinium thiocyanate (GuSCN), and 0.5 M 4-tertbutylpyridine (TBP) in acetonitrile and valeronitrile (85:15 v/v)",TiO2 film 15 um,0.16,-,-,-,0,0
665.0,18.6,0.7,8.62,"0.1 M LiI, 0.6 M 1-propyl-2,3-dimethylimidazolium iodide (DMPII), 0.05 M I2, and 0.5 M tertbutylpyridine (TBP) in 3-methoxypropionitrile (MPN)/ACN
(volume ratio of 1:1)",TiO2 film (14 um thick + 4.5 um scattering layer),0.16,-,-,-,0,0
665.0,18.6,0.7,8.62,"0.1 M LiI, 0.6 M DMPII, 0.05 M I2 , and 0.5 M TBP in 3-methoxypropionitrile (MPN)/ACN (volume ratio of 1:1)",TiO2 film (14 um transparent + 4.5 um scat­tering layer),0.16,-,-,-,0,0
750.0,16.4,0.619,7.65,"0.60 M butylmethylimidazolium iodide (BMIM-I), 0.03 M I2, 0.50 M 4-tertbutylpyridine (TBP) and 0.10 M guanidinium thiocyanate (GTC) in acetonitrile/valeronitrile 85/15 (v/v),",TiO2 film (20 um thick),0.25,-,-,-,0,0
695.0,14.03,0.63,6.16,"0.6 M 1,2-dimethyl-3-propylimidazolinium iodine, 0.1 M LiI, 0.05 M I2, and 0.5 M 4-tert-butylpyridine (TBP) in 3-methoxypropionitrile",TiO2 film (10 um thick),0.159,-,-,-,0,0
695.0,14.03,0.63,6.16,"0.6M 1,2-dimethyl-3-propylimidazolinium iodine (DMPII), 0.1M LiI, 0.05M I2 and 0.5M 4-tert-butylpyridine (TBP) in 3-methoxypropionitrile",TiO2 film (10 um thick),0.159,-,-,-,0,0
650.0,15.24,0.57,5.71,"0.6 M 1,2-dimethyl-3-propylimidazolium iodide (DMPII), 0.0653MLiI, 0.03MI2, 0.28M4-tertbutylpyridine (TBP) and 0.05M guanidium thiocyanate (GuSCN) in acetonitrile",TiO2 film (14 um thick),0.16,-,-,-,0,0
750.0,15.59,0.7,8.16,"0.6 M 1-butyl-3-methylimidazolium iodide (BMII), 0.05 M LiI, 0.03 M I2, 0.5 M 4-tert -butylpyridine, and 0.1 M guanidinium thiocyanate in a mixture of acetonitrile and valeronitrile (85/15, v/v)",TiO2 film (12 um thick + 4 um scattering layer),0.125,-,-,-,0,0
750.0,15.59,0.7,8.16,"0.6 M 1-butyl-3-methylimidazolium iodide (BMII), 0.05 M LiI, 0.03 M I2, 0.5 M 4-tert -butylpyridine, and 0.1 M guanidinium thiocyanate in a mixture of acetonitrile and
valeronitrile (85/15, v/v)",TiO2 film (12 um thick + 4 um scattering layer),0.125,-,-,-,0,0
692.0,16.8,0.68,7.9,"0.6 M 1,2-dimethyl-3-n-propylimidazolium iodide (DMPImI), 0.1 M LiI, 0.05 M I2, and 0.5 M tertbutylpyridine in acetonitrile",TiO2 film (12 um thick),0.16,-,-,-,0,0
730.0,16.1,0.64,7.41,"0.5 M lithium iodide (LiI), 0.05 M iodine (I2), and 0.5 M 4-tertbutylpyridine in acetonitrile",TiO2 film (18 um thick),0.25,-,-,-,0,0
770.0,8.19,0.69,4.37,"0.5 M LiI, 0.05 M I2, and 0.5 M 4-tert-butylpyridine (TBP) dissolved in MeCN",TiO2 film 3 um thick,0.25,-,-,-,0,0
760.0,11.48,0.66,5.79,"0.5 M LiI, 0.05 M I2, and 0.5 M 4-tert-butylpyridine (TBP) dissolved in MeCN",TiO2 film 6 um thick,0.25,-,-,-,0,0
720.0,15.65,0.64,7.19,"0.5 M LiI, 0.05 M I2, and 0.5 M 4-tert-butylpyridine (TBP) dissolved in MeCN",TiO2 film (9 uM thick + 5 uM scattering layer),0.25,-,-,-,0,0
740.0,14.58,0.67,7.23,"0.6 M 1-butyl-3-methylimidazolium iodide (BMII), 0.05 M LiI, 0.03 M I2, 0.5 M 4-tert-butylpyridine, and 0.1 M guanidinium thiocyanate in a mixture of acetonitrile–valeronitrile (85:15, v/v)",TiO2 film (12 um thick + 4 um scattering layer),0.125,-,-,-,0,0
720.0,15.04,0.69,7.46,"0.06 M LiI, 0.03 M I2, 0.1 M guanidinium thiocyanate, 0.6 M1-propyl-3-methylimidazolium iodide (PMII), and 0.5 M tertbutylpyridine in acetonitrile",TiO2 film (12 um thick),0.16,-,-,-,0,0
770.0,15.54,0.68,8.19,"0.6m butylmethylimidazolium iodide (BMII), 0.03m I2, 0.5m 4-TBP, 0.1m GuSCN in CH3CN/VN (85:15 v/v)",TiO2 film (9 um thick + 5 um scattering layer),0.25,-,-,-,0,0
828.0,15.44,0.725,9.27,"LiI (0.1 M), I2 (0.05 M), PMII (0.6 M), 4-tert-butylpyridine (0.5 M) in a mixture of acetonitrile and valeronitrile (volume ratio 85:15)",TiO2 film (14 um thick + 5 um scattering layer),0.16,-,-,-,0,0
727.0,16.18,0.69,8.12,"0.8 M of PMII, 0.1 M of LiI, 0.05 M of I2 , and 0.5 M of TBP in acetonitrile",TiO2 film (12 um thick + 6 um scattering layer),0.16,-,-,-,0,0
740.0,15.8,0.69,8.12,"0.3 M DMPII, 0.1 M LiI, 0.05 M I 2 , and
0.5 M 4-tert-butyl pyridine in acetonitrile",TiO2 film (12 um thick + 4 um scattering layer),0.196,-,-,-,0,0
610.0,14.04,0.57,4.86,"0.5 M LiI, 0.05 M I2, and 0.1 M 4-tert-butylpyridine in 1:1 acetonitrilepropylene carbonate",TiO2 film,,-,-,-,0,0
804.0,13.91,0.7,7.83,"0.1 M LiI, 0.05 M I2, 0.6 M 1-methyl-3-propylimidazolium iodide, and 0.5 M tert-butylpyridine in dry acetonitrile",TiO2 film (12 um thick + 5 um scattering layer),0.16,-,-,-,0,0
730.0,18.0,0.63,8.32,"0.3M 1,2-dimethyl-3-propylimidazolium iodide (DMPII), 0.1M LiI, 0.05 MI2, and 0.5 M 4-tert-butyl pyridine in acetonitrile",TiO2 film (10 um thick),0.16,-,-,-,0,0
740.0,16.7,0.63,7.82,"0.3 M DMPII, 0.1 M LiI, 0.05 M I2, and 0.5 M 4-tert-butyl pyridine in acetonitrile",TiO2 film (10 um thick + 4 um scattering layer),0.196,-,-,-,0,0
734.0,16.9,0.63,7.82,"0.3M DMPII, 0.1M LiI, 0.05M I2, and 0.5 M 4-tert-butyl pyridine in acetonitrile",TiO2 film (10 um thick + 4 um scattering layer),0.16,-,10 mM CDCA,-,1,0
760.0,16.4,0.59,7.36,"0.6M DMPImI, 0.1MLiI, 0.05M I2, 0.5M TBP in dry acetonitrile",TiO2 film (10 um thick),0.16,-,-,-,0,0
648.0,18.5,0.65,7.79,"0.5 M 1-methyl-3-propyl imidiazolium iodide, 0.1 M LiI, 0.05 M I2, 0.3 M tert-butylpyridine in a 7/3 (v/v) mixture of acetonitrile and 3-methoxy-propionitrile",TiO2 film (6 um thick),0.15,-,-,-,0,0
640.0,9.87,0.69,4.41,"0.6 M 3-hexyl-1,2-dimethyl imidazolium iodide, 0.04 M I2, 0.025 M LiI, 0.05 M guanidium thiocyanate and 0.28 M tertbutylpyridine in acetonitrile",TiO2 film (12 uM thick + 4 uM scattering layer),0.18,-,10 mM CDCA,-,1,0
650.0,9.44,0.7,4.34,"0.6 M 3-hexyl-1,2-dimethyl imidazolium iodide, 0.04 M I2, 0.025 M LiI, 0.05 M guanidium thiocyanate and 0.28 M tertbutylpyridine in acetonitrile",TiO2 film (12 uM thick + 4 uM scattering layer),0.18,-,10 mM CDCA,-,1,0
650.0,10.05,0.68,4.54,"0.6 M 3-hexyl-1,2-dimethyl imidazolium iodide, 0.04 M I2, 0.025 M LiI, 0.05 M guanidium thiocyanate and 0.28 M tertbutylpyridine in acetonitrile",TiO2 film (12 uM thick + 4 uM scattering layer),0.18,-,10 mM CDCA,-,1,0
716.0,1.56,0.78,9.19,"0.22 M Co(II), 0.05 M Co(III), 0.1 M LiClO4, and 0.2 M 4-tert-butylpyridine in acetonitrile",TiO2 film (3.2 um thick + 4 um scattering layer),0.2,-,2.5 mM CDCA,-,1,0
760.0,8.21,0.77,9.38,"0.22 M Co(II), 0.05 M Co(III), 0.1 M LiClO4, and 0.2 M 4-tert-butylpyridine in acetonitrile",TiO2 film (3.2 um thick + 4 um scattering layer),0.2,-,2.5 mM CDCA,-,1,0
774.0,15.8,0.75,9.09,"0.22 M Co(II), 0.05 M Co(III), 0.1 M LiClO4, and 0.2 M 4-tert-butylpyridine in acetonitrile",TiO2 film (3.2 um thick + 4 um scattering layer),0.2,-,2.5 mM CDCA,-,1,0
702.0,1.74,0.79,10.2,"0.22 M Co(II), 0.05 M Co(III), 0.1 M LiClO4, and 0.2 M 4-tert-butylpyridine in acetonitrile",TiO2 film (3.5 um thick + 4 um scattering layer),0.2,-,2.5 mM CDCA,-,1,0
746.0,9.22,0.77,10.4,"0.22 M Co(II), 0.05 M Co(III), 0.1 M LiClO4, and 0.2 M 4-tert-butylpyridine in acetonitrile",TiO2 film (3.5 um thick + 4 um scattering layer),0.2,-,2.5 mM CDCA,-,1,0
679.0,1.68,0.79,9.52,"0.22 M Co(II), 0.05 M Co(III), 0.1 M LiClO4, and 0.2 M 4-tert-butylpyridine in acetonitrile",TiO2 film (3.5 um thick + 4 um scattering layer),0.2,-,2.5 mM CDCA,-,1,0
729.0,9.01,0.78,10.1,"0.22 M Co(II), 0.05 M Co(III), 0.1 M LiClO4, and 0.2 M 4-tert-butylpyridine in acetonitrile",TiO2 film (3.5 um thick + 4 um scattering layer),0.2,-,2.5 mM CDCA,-,1,0
639.0,1.42,0.79,7.51,"0.22 M Co(II), 0.05 M Co(III), 0.1 M LiClO4, and 0.2 M 4-tert-butylpyridine in acetonitrile",TiO2 film (3.5 um thick + 4 um scattering layer),0.2,-,2.5 mM CDCA,-,1,0
695.0,7.8,0.78,8.34,"0.22 M Co(II), 0.05 M Co(III), 0.1 M LiClO4, and 0.2 M 4-tert-butylpyridine in acetonitrile",TiO2 film (3.5 um thick + 4 um scattering layer),0.2,-,2.5 mM CDCA,-,1,0
542.0,7.14,0.52,2.03,"0.5 M PMII, 0.03 M I2, 0.5 M TBP in a mixture of acetonitrile and valeronitrile (85:15 v/v)",ZnO film 9.87 um thick,0.25,-,CDCA,-,1,0
504.0,5.1,0.56,1.43,"0.5 M PMII, 0.03 M I2, 0.5 M TBP in a mixture of acetonitrile and valeronitrile (85:15 v/v)",ZnO film 8.69 um thick,0.25,-,CDCA,-,1,0
543.0,8.85,0.56,2.68,"0.5 M PMII, 0.03 M I2, 0.5 M TBP in a mixture of acetonitrile and valeronitrile (85:15 v/v)",ZnO film 8.46 um thick,0.25,-,CDCA,-,1,0
590.0,2.44,0.68,0.97,"0.5 M PMII, 0.03 M I2, 0.5 M TBP in a mixture of acetonitrile and valeronitrile (85:15 v/v)",TiO2 film 16.79 um thick,0.25,-,CDCA,-,1,0
657.0,3.87,0.71,1.82,"0.5 M PMII, 0.03 M I2, 0.5 M TBP in a mixture of acetonitrile and valeronitrile (85:15 v/v)",TiO2 film 17.17 um thick,0.25,-,CDCA,-,1,0
669.0,5.4,0.71,2.56,"0.5 M PMII, 0.03 M I2, 0.5 M TBP in a mixture of acetonitrile and valeronitrile (85:15 v/v)",TiO2 film 16.63 um thick,0.25,-,CDCA,-,1,0
640.0,5.0,0.76,10.4,"acetonitrile/NMO (90/10,v/v) [Li] = 0.3 M, [I2] = 0.03 M",TiO2 film (12 um thick),,-,-,-,0,0
660.0,7.9,0.76,10.4,"acetonitrile/NMO (90/10,v/v) [Li] = 0.3 M, [I2] = 0.03 M",TiO2 film (12 um thick),,-,-,-,0,0
670.0,11.5,0.74,10.3,"acetonitrile/NMO (90/10,v/v) [Li] = 0.3 M, [I2] = 0.03 M",TiO2 film (12 um thick),,-,-,-,0,0
720.0,18.2,0.73,10.0,"acetonitrile/NMO (90/10,v/v) [Li] = 0.3 M, [I2] = 0.03 M",TiO2 film (12 um thick),,-,-,-,0,0
791.0,16.55,0.71,9.5,"0.6 M N-butyl-N-methyl imidazolium iodide, 0.03 M I2, 0.10 M guanidinium thiocyanate, 0.5 M 4-t-butylpyridine in acetonitrile/valeronitrile (85:15)",TiO2 film (12 um thick + 4 um scattering layer),0.158,-,tetrabutylammonium chenodeoxycholic acid,-,1,0
800.0,17.5,0.73,10.25,"0.6 M N-butyl-N-methyl imidazolium iodide, 0.03 M I2, 0.10 M guanidinium thiocyanate, 0.5 M 4-t-butylpyridine in acetonitrile/valeronitrile (85:15)",TiO2 film (12 um thick + 4 um scattering layer),0.158,-,tetrabutylammonium chenodeoxycholic acid,-,1,0
799.0,17.6,0.73,10.29,"0.6 M N-butyl-N-methyl imidazolium iodide, 0.03 M I2, 0.10 M guanidinium thiocyanate, 0.5 M 4-t-butylpyridine in acetonitrile/valeronitrile (85:15)",TiO2 film (12 um thick + 4 um scattering layer),0.158,-,tetrabutylammonium chenodeoxycholic acid,-,1,0
789.0,17.8,0.71,9.97,"0.6 M N-butyl-N-methyl imidazolium iodide, 0.03 M I2, 0.10 M guanidinium thiocyanate, 0.5 M 4-t-butylpyridine in acetonitrile/valeronitrile (85:15)",TiO2 film (12 um thick + 4 um scattering layer),0.158,-,tetrabutylammonium chenodeoxycholic acid,-,1,0
789.0,17.89,0.69,9.74,"0.6 M N-butyl-N-methyl imidazolium iodide, 0.03 M I2, 0.10 M guanidinium thiocyanate, 0.5 M 4-t-butylpyridine in acetonitrile/valeronitrile (85:15)",TiO2 film (12 um thick + 4 um scattering layer),0.158,-,tetrabutylammonium chenodeoxycholic acid,-,1,0
783.0,17.29,0.72,9.83,"0.6 M N-butyl-N-methyl imidazolium iodide, 0.03 M I2, 0.10 M guanidinium thiocyanate, 0.5 M 4-t-butylpyridine in acetonitrile/valeronitrile (85:15)",TiO2 film (12 um thick + 4 um scattering layer),0.158,-,tetrabutylammonium chenodeoxycholic acid,-,1,0
772.0,18.28,0.72,10.22,"0.6 M N-butyl-N-methyl imidazolium iodide, 0.03 M I2, 0.10 M guanidinium thiocyanate, 0.5 M 4-t-butylpyridine in acetonitrile/valeronitrile (85:15)",TiO2 film (12 um thick + 4 um scattering layer),0.158,-,tetrabutylammonium chenodeoxycholic acid,-,1,0
846.0,17.73,0.75,11.18,"0.6 M N-butyl-N-methyl imidazolium iodide, 0.03 M I2, 0.10 M guanidinium thiocyanate, 0.5 M 4-t-butylpyridine in acetonitrile/valeronitrile (85:15)",TiO2 film (12 um thick + 4 um scattering layer),0.158,-,tetrabutylammonium chenodeoxycholic acid,-,1,0
740.0,16.57,0.67,8.23,"0.05 M I2, 0.1 M lithium iodide (LiI), 0.6 M 1,2-dimethyl-3-propylimidazolium iodide (DMPII), and 0.6 M 4-tertbutylpyridine (TBP) in dry CH3CN",TiO2 film (12 um thick + 4 um scattering layer),0.16,-,0.2 mM CDCA,-,1,0
740.0,14.0,0.63,6.5,"0.5 M LiI, 0.01 M I2, 0.6 M dimethylpropyl imidazolium iodide, and 0.5 M 4-t-butylpyridine in acetonitrile",TiO2 film (10 um thick),,-,-,-,0,0
670.0,13.5,0.61,5.5,"0.5 M LiI, 0.01 M I2, 0.6 M dimethylpropyl imidazolium iodide, and 0.5 M 4-t-butylpyridine in acetonitrile",TiO2 film (10 um thick),,-,-,-,0,0
730.0,13.5,0.62,6.1,"0.5 M LiI, 0.01 M I2, 0.6 M dimethylpropyl imidazolium iodide, and 0.5 M 4-t-butylpyridine in acetonitrile",TiO2 film (10 um thick),,-,-,-,0,0
708.0,16.738,0.73,8.64,"0.6 M DMPII, 0.05 M I2, 0.1 M LiI and 0.5 M tertbutylpyridine in acetonitrile",TiO2 film (12.5 um thick),0.16,-,-,-,0,0
800.0,15.7,0.67,8.4,"0.60 M 2,3-dimethyl-1-propylimidazolium iodide, 0.05 M I2, 0.10 M LiI, and 0.50 M 4-tert-butylpyridine in acetonitrile",TiO2 film (12 um thick + 5 um scattering layer),0.25,-,0.5 mM CDCA,-,1,0
750.0,10.82,0.7457,6.05,Not specifiied.,TiO2 film (15 um thick),,-,-,-,0,0
740.0,12.67,0.72,6.73,"LiI (0.1 M), I2 (0.05 M), PMII (0.6 M), and 4-tert-butylpyridine (0.5 M) in a mixture of acetonitrile and valeronitrile (volume ratio 85:15)",TiO2 film (12 um thick),0.16,-,0.2 mM CDCA,-,1,0
750.0,13.48,0.7,7.03,"LiI (0.1 M), I2 (0.05 M), PMII (0.6 M), and 4-tert-butylpyridine (0.5 M) in a mixture of acetonitrile and valeronitrile (volume ratio 85:15)",TiO2 film (12 um thick),0.16,-,0.2 mM CDCA,-,1,0
794.0,9.27,0.74,5.47,"LiI (0.05 M), I2 (0.03 M), DMII (1.0 M), 4-tert-butylpyridine (0.5 M) and GuNCS (0.1 M) in a solvent mixture containing acetonitrile and valeronitrile (volume ratio 85:15)",TiO2 film (5 um thick),0.16,90 nmol/cm2,0.3 mM CDCA,-,1,0
769.0,10.97,0.73,6.16,"LiI (0.05 M), I2 (0.03 M), DMII (1.0 M), 4-tert-butylpyridine (0.5 M) and GuNCS (0.1 M) in a solvent mixture containing acetonitrile and valeronitrile (volume ratio 85:15)",TiO2 film (10 um thick),0.16,178 nmol/cm2,0.3 mM CDCA,-,1,0
786.0,13.08,0.71,7.27,"LiI (0.05 M), I2 (0.03 M), DMII (1.0 M), 4-tert-butylpyridine (0.5 M) and GuNCS (0.1 M) in a solvent mixture containing acetonitrile and valeronitrile (volume ratio 85:15)",TiO2 film (10 um thick + 4 um scattering layer),0.16,-,0.3 mM CDCA,-,1,0
625.0,13.9,0.688,5.98,Z-50 (Solaronix),TiO2 film (8 um thick + 4 um scattering layer),0.22,96 nmol/cm2,0.4 mM CDCA,-,1,0
626.0,15.79,0.701,6.92,Z-50 (Solaronix),TiO2 film (8 um thick + 4 um scattering layer),0.22,125 nmol/cm2,0.2 mM CDCA,-,1,0
591.0,12.06,0.687,4.89,Z-50 (Solaronix),TiO2 film (8 um thick + 4 um scattering layer),0.22,115 nmol/cm2,0.1 mM CDCA,-,1,0
630.0,19.73,0.656,8.15,Z-50 (Solaronix),TiO2 film (8 um thick + 4 um scattering layer),0.22,117 nmol/cm2,0.1 mM CDCA,-,1,0
590.0,14.28,0.661,5.57,Z-50 (Solaronix),TiO2 film (8 um thick + 4 um scattering layer),0.22,145 nmol/cm2,-,-,0,0
587.0,15.21,0.713,6.36,Z-50 (Solaronix),TiO2 film (8 um thick + 4 um scattering layer),0.22,72 nmol/cm2,0.4 mM CDCA,-,1,0
545.0,9.83,0.646,3.46,Z-50 (Solaronix),TiO2 film (8 um thick + 4 um scattering layer),0.22,160 nmol/cm2,-,-,0,0
600.0,17.11,0.702,7.21,Z-50 (Solaronix),TiO2 film (8 um thick + 4 um scattering layer),0.22,126 nmol/cm2,0.3 mM CDCA,-,1,0
565.0,10.3,0.638,3.71,Z-50 (Solaronix),TiO2 film (8 um thick + 4 um scattering layer),0.22,209 nmol/cm2,-,-,0,0
608.0,12.74,0.717,5.55,Z-50 (Solaronix),TiO2 film (8 um thick + 4 um scattering layer),0.22,95 nmol/cm2,0.4 mM CDCA,-,1,0
557.0,10.12,0.674,3.78,Z-50 (Solaronix),TiO2 film (8 um thick + 4 um scattering layer),0.22,134 nmol/cm2,-,-,0,0
607.0,16.47,0.702,7.01,Z-50 (Solaronix),TiO2 film (8 um thick + 4 um scattering layer),0.22,120 nmol/cm2,0.3 mM CDCA,-,1,0
589.0,11.05,0.658,4.28,Z-50 (Solaronix),TiO2 film (8 um thick + 4 um scattering layer),0.22,158 nmol/cm2,-,-,0,0
740.0,13.4,0.66,6.5,"0.04 M I2 (99.9%), 0.06 M LiI (99.9%), 0.4 M 4-tert-butylpyridine (4-TBP, 99%), 0.6 M 3-hexyl-1,2-dimethylimidazolium iodide (DMHII, 98%), in MeCN/valeronitrile (VN) (85:15; v/v)",TiO2 film (10 um + 4 um scattering layer),0.25,25 nmol/cm2,2 mM CDCA,-,1,0
800.0,13.7,0.63,7.0,"0.04 M I2 (99.9%), 0.06 M LiI (99.9%), 0.4 M 4-tert-butylpyridine (4-TBP, 99%), 0.6 M 3-hexyl-1,2-dimethylimidazolium iodide (DMHII, 98%), in MeCN/valeronitrile (VN) (85:15; v/v)",TiO2 film (10 um + 4 um scattering layer),0.25,18 nmol/cm2,2 mM CDCA,-,1,0
760.0,12.8,0.65,6.3,"0.04 M I2 (99.9%), 0.06 M LiI (99.9%), 0.4 M 4-tert-butylpyridine (4-TBP, 99%), 0.6 M 3-hexyl-1,2-dimethylimidazolium iodide (DMHII, 98%), in MeCN/valeronitrile (VN) (85:15; v/v)",TiO2 film (10 um + 4 um scattering layer),0.25,18 nmol/cm2,2 mM CDCA,-,1,0
700.0,13.2,0.68,6.2,"0.04 M I2 (99.9%), 0.06 M LiI (99.9%), 0.4 M 4-tert-butylpyridine (4-TBP, 99%), 0.6 M 3-hexyl-1,2-dimethylimidazolium iodide (DMHII, 98%), in MeCN/valeronitrile (VN) (85:15; v/v)",TiO2 film (10 um + 4 um scattering layer),0.25,20 nmol/cm2,2 mM CDCA,-,1,0
622.0,18.1,0.7379,8.35,"0.4 M LiI, 0.4 M tetrabutylammonium iodide (TBAI), and 0.04MI2 dissolved in 0.3MN-methylbenzimidazole (NMB) in acetonitrile (ACN) and 3-methoxypropionitrile (MPN) solvent mixture at a volume ratio of 1 : 1",TiO2 film,0.25,-,-,-,0,0
730.0,15.92,0.67,7.87,"1.0 M 1,3-dimethylimidazolium iodide (DMII), 0.1 mM guanidinium thiocyanate (GuSCN), 0.03 M I 2 , 0.05 M LiI, and 0.5 M tert-butypyridine (4-TBP) in acetonitrile (CH3CN) and valeronitrile (VN) (85:15 v/v)",TiO2 film (9 um thick + 5 um scattering layer),0.25,-,-,-,0,0
799.0,13.4,0.73,7.8,"0.6 M BMII, 0.1 M LiI, 0.05 M I 2 , 0.1 M GuNCS, 0.5 M TBP in dried acetonitrile",TiO2 film (11 um thick + 4 um scattering layer),0.16,-,-,-,0,0
751.0,17.51,0.66,8.67,"0.1 M LiI, 0.05 M I 2 , 0.6 M 1-methyl-3-propylimidazolium iodide, and 0.5 M tert-butylpyridine in dry acetonitrile",TiO2 film (14 um thick + 5 um scattering layer),0.16,-,-,-,0,0
700.0,13.54,0.76,7.16,"0.06 M LiI, 0.03 M I2 , 0.1 M guanidinium thiocyanate, 0.6 M 1-propyl-3-
methylimidazolium iodide (PMII), and 0.5 M tert-butyl-pyridine in acetonitrile",TiO2 film (12 um thick),0.16,-,-,-,0,0
783.0,15.58,0.635,7.74,"0.1 M LiI, 0.6 M PMII, 0.03 M I2 , 0.1 M GuSCN, 0.5 M TBP, in acetonitrile
and valeronitrile (7:3)",TiO2 film (15 um thick),0.16,-,-,-,0,0
703.0,14.29,0.673,6.98,"0.1 M LiI, 0.05 M I2 , 0.6 M PMII, 0.5 M TBP in acetonitrile and MPN (7:3, v/v)",TiO2 film (15 um thick),0.16,-,-,-,0,0
672.0,15.43,0.6,6.18,"0.6 M 1,2-dimethyl-3-propylimidazolium iodide (DMPII), 0.1 M LiI, 0.05 M I2 , and
0.5 M 4-tertbutylpyridine (TBP) in a mixture of acetonitrile and methoxypropionitrile (volume ratio, 7 : 3)",TiO2 film (10 um thick + 4 um scattering layer),0.196,-,-,-,0,0
742.0,14.39,0.68,7.27,"LiI (0.05 M), I2 (0.1 M), and DMPII (0.6 M) in acetonitrile : tert-butyl alcohol (1 : 1, v/v)",TiO2 film (12 um thick + 6 um scattering layer),0.24,-,-,-,0,0
783.3,13.6,0.7126,7.59,"0.7 M 1-methyl-3-propylimidazolium iodide (MPII), 0.2 M LiI, 0.05 M I 2 , 0.5 M TBP in acetonitrile:valeronitrile (v/v, 85/15)",TiO2 film,0.28,-,-,-,0,0
780.0,16.0,0.67,8.36,iodide/triiodide electrolyte,TiO2 film (6 um thick + 4 um scattering layer),,-,-,-,0,0
710.0,17.2,0.72,8.97,"0.6 M DMPII, 0.1 M LiI, 0.05 M I2 , 0.5 M TBP in acetonitrile solution",TiO2 film (8 um thick + 8 um scattering layer),0.16,-,-,-,0,0
620.0,17.5,0.72,7.82,"0.6 M DMPII, 0.1 M LiI, 0.05 M I2 , 0.5 M TBP in acetonitrile solution",TiO2 film (8 um thick + 8 um scattering layer),0.16,-,80 mM CDCA,-,1,0
760.0,14.3,0.62,6.7,"0.6 M DMPImI, 0.1 M LiI, 0.05 M  2 in acetonitrile",TiO2 film (12 um thick),0.16,-,-,-,0,0
760.0,16.96,0.61,7.83,"0.1 M lithium iodide, 0.6 M butylmethylimidazolium iodide (BMII), 0.05 M I2 and 0.5 M 4-tert-butylpyridine (4-TBP) in acetonitrile and 3-methoxypropionitrile (7:3, v/v)",TiO2 film (13 um thick),0.28,-,-,-,0,0
760.0,16.96,0.61,7.83,"0.1 M lithium iodide, 0.6 M butyl-methylimidazolium iodide (BMII), 0.05 M I2 and 0.5 M 4-tert-butylpyridine (4-TBP) in the mixed solvent of acetonitrile and 3-methoxypropionitrile (7:3, v/v)",TiO2 13 um thick,0.28,-,-,-,0,0
720.0,15.15,0.6,6.5,"acetonitrile solution containing LiI (0.5 M), I2 (0.05 M), and 4-tert-butylpyridine (0.5 M)",TiO2 film (16-18 um thick),0.25,-,-,-,0,0
730.0,16.77,0.63,7.69,0.05 M I2/0.5 M LiI/0.5 M tert-butylpyridine in acetonitrile solution,TiO2 film (15 um thick),0.25,-,-,-,0,0
675.0,18.87,0.64,8.15,"0.6 M methylhexylimidazolium iodide, 0.05 M iodine, 0.1 M LiI and 0.5 M tert-butylpyridine in 3-methoxypropionitrile",TiO2 film (15 um thick),0.15,-,-,-,0,0
675.0,18.87,0.64,8.15,"0.6 mol/dm3 1-propyl-3-methylimidazoliumiodide, 0.1 mol/dm3 LiI, 0.05 mol/dm3 I2, and 0.5 mol/dm3 tert-butylpyridine in the mixture of acetonitrile and valeronitrile (1:1, v/v)",TiO2 film (8 um thick + 4 um scattering layer),0.2,-,1 mM DCA,-,1,0
710.0,15.87,0.738,8.32,"0.5 M LiI, 0.05 M I2 and 0.5 M 4-tert-butylpyridine (TBP) in 3-methoxypropionitrile",TiO2 film,0.196,-,3 mM CDCA,-,1,0
760.0,17.33,0.74,9.75,"0.5 mol/L LiI, 0.05 mol/L I2 and 0.5 mol/L 4-tert-butylpyridine (TBP) in 3-methoxypropionitrile",TiO2 film (10-15 um thick),0.196,-,1 mM CDCA,-,1,0
665.0,16.63,0.66,7.3,"0.3 M HMII, 0.5 M LiI, 0.05 M I2 and 0.5 M TBP in MPN",TiO2 film (12 um thick),0.2,-,-,-,0,0
667.0,12.47,0.74,6.17,"0.6 M DMPII, 0.1 M LiI, 0.1 M I2 and 0.5 M TBP in acetonitrile",TiO2 film (10 um thick),0.25,-,-,-,0,0
670.0,12.13,0.74,6.17,"0.6 M DMPII, 0.1 M LiI, 0.1 M I2 , and 0.5 M TBP in acetonitrile",TiO2 film (10 um thick),0.25,-,-,-,0,0
669.0,19.87,0.59,7.83,"0.6 M 1-propyl-2,3-dimethylimidazolium iodide (DMPII), 0.1 M lithium iodide, 0.05 M iodine, and 0.5 M 4-tert-butylpyridine (TBP) in 3-methoxypropionitrile (MPN)",TiO2 film (7 um thick),0.25,-,-,-,0,0
644.0,12.28,0.68,5.38,"0.6 M 1,2-dimethyl-3-propylimidazolium iodide (DMPII), 0.0653 M LiI, 0.03 M I2, 0.28 M 4-tertbutylpyridine (TBP) and 0.05M guanidium thiocyanate (GuSCN) in acetonitrile",TiO2 film (15 um thick),0.16,-,-,-,0,0
750.0,14.96,0.66,7.35,"0.5 M lithium iodide (LiI), 0.05 M iodine (I2), and 0.5 M 4-tert-butylpyridine in acetonitrile",TiO2 film (12 um thick),0.36,-,-,-,0,0
740.0,15.17,0.57,6.41,"1 M 1-methyl-3-propylimidazolium iodide (PMII), 0.03 M I2 , 0.05 M LiI, 0.5 M 4-tert-butylpyridine (4-TBP), 0.1 M guadinium thiocyanate (GNCS) in a mixture of acetonitrile and valeronitrile (8.5:1.5, v/v)",TiO2,0.25,-,-,-,0,0
745.0,17.01,0.71,9.02,"0.05 M I2 , 0.1 M LiI, 0.5 M TBP, 0.6 M DMPII, in ACN and MPN (1:1 v/v)",TiO2 film (15 + 5 um thick),0.16,136 nmol/cm2,-,-,0,0
745.0,17.01,0.71,9.02,"0.1 M lithium iodide (LiI), 0.05 M iodine (I2), 0.6 M 1-propyl-2,3-dimethylimidazolium iodide (DMPII), and 0.5 M tert-butylpyridine (TBP) in an acetonitrile (ACN) and 3-methoxypropionitrile (MPN) solvent mixture (1:1 v/v)",TiO2 film (15 um transparent + 5 um scattering layer),0.16,137 nmol/cm2,-,-,0,0
745.0,17.01,0.71,9.02,"0.1 M LiI, 0.05 M I2, 0.6 M DMPII, 0.5 M TBP in ACN and MPN solvent mixture (1:1 v/v)",TiO2 film (13 um transparent + 5 um scattering layer),0.16,-,-,-,0,0
720.0,18.41,0.65,8.61,"0.1m LiI, 0.05m I2, 0.6m 1,2-dimethyl-3-propylimidazolium iodide (DMPII), and 0.1m guanidine thiocyanate (GuSCN) dissolved in a mixture of CH3CN/3-methoxypropionitrile (MPN; 1:1 v/v)",TiO2 film (9 + 3 um thick),0.16,-,-,-,0,0
750.0,10.99,0.76,6.24,"0.6 M DMPImI, 0.1 M LiI, 0.05 M I2, 0.5 TBP in CH3CN",TiO2 film (12 um thick),0.25,-,-,-,0,0
770.0,14.33,0.67,7.38,"0.5m lithium iodide (LiI), 0.05m iodine (I2), and 0.5m 4-tert-butylpyridine in acetonitrile","TiO2 thin film (12 um of 20 nm particles as
the absorbing layer and 6 mm of 400 nm particles as the scattering layer)",,-,-,-,0,0
731.0,16.28,0.614,7.31,"0.6 M 1,2-dimethyl-3-propylimidazolium iodide (DMPII), 0.1 M LiI, 0.05 M I2 in a mixture of acetonitrile and valeronitrile (85:15)",TiO2 thin film (12 um as the transparent layer and 3 um of 200 nm particles as the scattering layer),0.24,-,-,-,0,0
683.0,15.9,0.559,6.04,"0.2 M LiI, 0.05 M I2 , 0.7 M PMII and 0.5 M 4-TBP in acetonitrile",TiO2 film (16 + 5 um thick),0.25,-,-,-,0,0
714.0,19.42,0.68,9.42,"0.6 M 3-hexyl-1,2-dimethyl imidazolium iodide, 0.05 M iodine, 0.1 M LiI and 0.5 M 4-tert-butylpyridine in acetonitrile",TiO2 film (12 + 4 um thick),0.18,-,"1 mM 3a,7a-dihydroxy-5b-cholic acid",-,1,0
750.0,16.65,0.63,7.88,"0.5 M LiI, 0.05 M I2 , and 0.1 M 4-tert-butylpyridine in 1:1 acetonitrile-propylene carbonate",TiO2 film,,-,-,-,0,0
754.0,12.909,0.68,6.619,"0.6 M 1,3-dimethylimidazolium iodide (DMII), 50 mM LiI, 30 mM I2 , 0.5 M tert-butylpyridine and 0.1 M guanidinium thiocyanate (GuNCS) in a solvent mixture of 85% acetonitrile with 15% valeronitrile",TiO2 film (10 um thick),,-,20 mM CDCA,-,1,0
730.0,13.13,0.66,6.32,"0.6 M 3-hexyl-1,2-dimethyl imidazolium iodide, 0.04 M I2,0.025 M LiI, 0.05 M guanidium thiocyanate and 0.28 M tert-butylpyridine in acetonitrile",TiO2 film (12 + 4 um thick),0.18,-,10 mM CDCA,-,1,0
730.0,13.13,0.66,6.32,"0.6 M 3-hexyl-1,2-dimethyl imidazolium iodide, 0.04 M I2, 0.025 M LiI, 0.05 M guanidium thiocyanate and 0.28 M tertbutylpyridine in acetonitrile",TiO2 film (12 um thick + 4 um scattering layer),0.18,-,10 mM CDCA,-,1,0
730.0,17.33,0.72,9.02,"0.6 M 3-hexyl-1,2-dimethyl imidazolium iodide, 0.05 M iodine, 0.1 M LiI and 0.5 M tert-butylpyridine in acetonitrile",TiO2 film (10 + 4 um thick),0.18,-,-,-,0,0
700.0,14.98,0.67,6.97,iodide/triiodide,TiO2 film,,-,-,-,0,0
769.0,17.43,0.67,9.01,"0.3 M 1,2-dimethyl-3-propylimidazolium iodide (DMPII), 0.1 M LiI, 0.05 M I2 , and 0.5 M 4-tert-butyl pyridine in acetonitrile",TiO2 film (10 + 4 um thick),0.196,-,-,-,0,0
681.0,5.53,0.674,2.54,"0.6 M 1,2-dimethyl-3-n-propylimidazolium iodide (DMPImI), 0.1 M LiI, and 0.05 M I2 in acetonitrile with 0.5 M 4-tertbutylpyridine",Zn2SnO4 film (12-15 um thick),,-,-,-,0,0
535.0,19.38,0.61,6.22,"1,2-dimethyl-3-propylimidazolium iodide (DMPII), 0.1M LiI, 0.1M I2 in acetonitrile",TiO2 film (10-12 um thick),0.25,-,-,-,0,0
741.0,18.04,0.589,7.87,"0.5 M lithium iodide (LiI), 0.05 Miodine (I2), and 0.5 M 4-tert-butylpyridine dissolved in acetonitrile",TiO2 film (18 um thick),0.25,-,-,-,0,0
730.0,18.5,0.69,9.32,"0.25 M 1,2-dimethyl-3-n-propylimidazolium iodide (DMPImI), 0.1 M LiTFSI, 0.05 M I2, and 0.5 M TBP in acetonitrile",TiO2 film (12 um thick),0.156,-,-,-,0,0
741.0,12.32,0.56,5.11,"0.6 mol/L DMPII, 0.1 mol/L LiI, 0.1 mol/L I2 and 0.5 mol/L 4-tert-butylpyridine (TBP) in acetonitrile",TiO2 film (10 um thick),,-,-,-,0,0
686.0,13.5,0.6,5.51,HPE electrolyte (triiodide/iodide),TiO2 6.5 um thick,0.25,-,-,-,0,0
687.0,13.85,0.58,5.61,HPE electrolyte (triiodide/iodide),TiO2 6.5 um thick,0.25,-,-,-,0,0
660.0,15.13,0.54,5.36,"0.6 M BMII, 0.1 M LiI, 0.05 M I2 and 0.5 M tBP in 3-methoxypropionitrile",TiO2 film (8 um thick),0.36,-,-,-,0,0
678.0,14.22,0.69,6.63,"0.6 mol/dm3 methylhexylimidazolium
iodide, 0.05 mol/dm3 iodine, 0.1 mol/dm3 LiI and 0.5 mol/dm3 tert-butylpyridine in 3-methoxypropionitrile",TiO2 film (15 um thick),0.15,-,-,-,0,0
741.0,15.98,0.653,7.73,"0.6 M 1,2-dimethyl-3-propylimidazolium iodide (DMPII), 0.1 M LiI, 0.05 M I2 in a mixture of acetonitrile and 4-tert-butylpyridine (volume ratio, 1:1)","TiO2 thin film (12 um of 20 nm particles as
the transparent layer and 6 um of 200 nm particles as the scattering layer)",0.24,-,-,-,0,0
737.0,16.02,0.72,8.5,"0.6 M 1,2-dimethyl-3-n-propylimidazolium iodide (DMPImI), 0.1 M LiI, 0.05 M I2, and 0.5 M tert-butylpyridine (TBP) in acetonitrile",TiO2 film (6 um transparent + 6 um scat­tering layer),0.2304,-,-,-,0,0
771.0,10.89,0.69,5.79,"0.7 M 1-methyl-3-propylimidazolium iodide (MPII), 0.03 M iodine (I2), 0.10 M lithium iodide (LiI) and 0.5 M 4-tert-butylpyridine (TBP) in acetonitrile and valeronitrile (volume ratio, 85:15)",TiO2 5 um thick,0.45,-,-,-,0,0
724.0,15.74,0.67,7.6,"0.7 M 1-methyl-3-propylimidazolium iodide (MPII), 0.03 M iodine (I2), 0.10 M lithium iodide (LiI) and 0.5 M 4-tert-butylpyridine (TBP) in acetonitrile and valeronitrile (volume ratio, 85:15)",TiO2 11.5 um thick,0.45,-,-,-,0,0
751.0,20.9,0.65,10.21,"0.7 M 1-propyl-3-methyl imidiazolium iodide, 0.2 M LiI, 0.5 M iodine, 0.5 M tert-butylpyridine in acetonitrile/valeronitrile (85/15)",TiO2 film,0.27,-,-,-,0,0
741.0,16.56,0.668,8.2,"0.7 M 1-propyl-3-methyl imidiazolium iodide, 0.2 M LiI, 0.5 M iodine, 0.5 M tert-butylpyridine in acetonitrile/valeronitrile (85/15)",TiO2 film,0.27,-,-,-,0,0
750.0,15.6,0.66,7.7,"0.6M1-butyl-3-methylimidazolium iodide (BMII), 0.1M LiI, 0.05 M I2, 0.5M4-tert-butylpyridine (TBP) in dry acetonitrile",TiO2 film (12 um transparent + 4 um scat­tering layer),0.25,-,1 mM CDCA,-,1,0
746.0,15.12,0.71,8.02,"0.5 M lithium iodide (LiI), 0.05 M iodine (I2), and 0.5 M 4-tert-butylpyridine in acetonitrile",TiO2 film (12 um transparent + 6 um scat­tering layer),0.25,-,-,-,0,0
703.0,13.5,0.67,6.33,"0.6 M 1,2-dimethyl-3-propylimidazolium iodide (DMPII), 0.025 M LiI, 0.04 M I2, 0.05 M guanidium thiocyanate (GuSCN), and 0.28 M 4-tertbutylpyridine (TBP) in dry acetonitrile",TiO2 film (12 um transparent + 4 um scat­tering layer),0.159,-,-,-,0,0
741.0,15.2,0.71,8.03,"0.8 M 1-methyl-3-propyl imidazolium iodide (PMII), 0.1 M lithium iodide (LiI), 0.05 M iodine (I2), and 0.5 M 4-tert-butylpyridine dissolved in acetonitrile",TiO2 film (12 um transparent + 6 um scat­tering layer),0.25,-,-,-,0,0
734.0,16.0,0.64,7.53,"0.1 M lithium iodide, 0.6 M dimethylpropylimidazolium iodide (DMPII), 0.05 M I2, 0.1 M LiI and 0.5 M 4-tert-butylpyridine (4-TBP) in acetonitrile",TiO2 film (12 um transparent + 4 um scat­tering layer),,-,-,-,0,0
740.0,17.3,0.745,9.5,"1.0 M 1,3-dimethylimidazolium iodide (DMII), 0.03 M of iodine, 0.5 M tert-butylpyridine (TBP), 0.1 M guanidinium thiocyanate (GuNCS) and 0.05 M of LiI in the mixed valeronitrile–acetonitrile solution (volume ratio of 15 : 85)",TiO2 film (10 um thick + 5 um scattering layer),0.16,120 nmol/cm2,-,-,0,0
685.0,15.51,0.702,7.46,"0.6 M dimethylpropylimidazolium iodide (DMPII), 0.05 M I2, 0.1 M LiI, and 0.3 M tert-butylpyridine (TBP) in acetonitrile",TiO2 film (15 um thick + 5 um scattering layer),0.25,-,20 mM DCA,-,1,0
720.0,17.7,0.72,9.2,"0.6 M 1,2-dimethyl-3-propylimidazolium iodide (DMPII), 0.1 M lithium iodide, 0.05 M iodine, 0.1 M guanidinium thiocyanate (GuNCS), and 0.5 M t-butylpyridine (tBP) in acetonitrile",TiO2 film (15 um thick + 7 um scattering layer),0.25,-,1 mM DCA,-,1,0
734.0,15.7,0.72,8.3,"1.0 M DMII, 50 mM LiI, 30 mM I2, 0.5 M TBP, and 0.1 M GuNCS in acetonitrile–valeronitrile 85/15",TiO2 film (12 um thick + 4 um scattering layer),0.28,-,-,-,0,0
730.0,14.8,0.71,7.7,"1.0 M DMII, 50 mM LiI, 30 mM I2, 0.5 M TBP, and 0.1 M GuNCS in acetonitrile–valeronitrile 85/15",TiO2 film (12 um thick + 4 um scattering layer),0.28,-,-,-,0,0
669.0,17.57,0.761,8.94,"0.6 M PMII, 0.03 M I2, 0.05 M LiI, 0.1 M GNCS, 0.5 M TBP in acetonitrile–valeronitrile (85/15, v/v)",TiO2 film (10 um thick + 4 um scattering layer),,-,0.3 mM CDCA,-,1,0
760.0,9.3,0.71,5.03,1-methyl-3-propylimidazolium iodide (0.6 m) and iodine (0.05 m) in acetonitrile,TiO2 film (7 um thick),0.25,-,-,-,0,0
679.0,24.2,0.69,2.26,"EL-HPE, Dyesol",TiO2 film (5 um thick),5.0,-,-,-,0,0
742.0,19.1,0.64,1.75,"EL-HPE, Dyesol",TiO2 film (5 um thick),5.0,-,-,-,0,0
764.0,21.2,0.65,2.06,"EL-HPE, Dyesol",TiO2 film (5 um thick),5.0,-,-,-,0,0
742.0,14.6,0.719,7.8,"0.6 M 3-hexyl-1,2-dimethyl imidazolium iodide, 0.05 M iodine, 0.05 M LiI, and 0.5 M 4-tert butylpyridine in acetonitrile",TiO2 film (13-18 um thick),,-,-,-,0,0
726.0,12.95,0.709,6.7,"0.6 M 1,2-dimethyl-3-propylimidazolium iodide, 0.1 M I2, and 0.5 M N-methylbenzimidazole in 3-methoxypropionitrile",TiO2 film (10 um thick + 4 um scattering layer),0.158,-,0.3 mM CDCA,-,1,0
701.0,12.16,0.699,6.0,"0.6 M 1,2-dimethyl-3-propylimidazolium iodide, 0.1 M I2, and 0.5 M N-methylbenzimidazole in 3-methoxypropionitrile",TiO2 film (10 um thick + 4 um scattering layer),0.158,-,0.3 mM CDCA,-,1,0
739.0,15.49,0.72,8.32,iodide/triiodide,TiO2 film (8 um thick + 5 um scattering layer),0.159,-,-,-,0,0
740.0,14.2,0.52,5.5,"methoxyproprionitrile, 0.8 M propylmethylimidazolium iodide, 0.5 M tert-butylpyridine, 0.1 M guanidine thiocyanate, 0.05 M I2",TiO2 film (12 um thick),0.158,-,-,-,0,0
728.0,12.88,0.704,6.6,"0.6 M 1-propyl-2,3-dimethylimidazolium iodide, 0.10 M I2, and 0.5 M N-methylbenzimidazole in 3-methoxypropionitrile",TiO2 film (10 um thick + 4 um scattering layer),0.158,-,-,-,0,0
678.0,14.85,0.66,6.65,"0.6 M 1-propyl-2,3-dimethylimidazolium iodide, 0.10 M I2, 0.05 M LiClO4 and 0.5 M N-methylbenzimidazole in 3-methoxypropionitrile",TiO2 film (10 um thick + 4 um scattering layer),0.158,-,-,-,0,0
666.0,15.2,0.666,6.73,"0.6 M 1-propyl-2,3-dimethylimidazolium iodide, 0.10 M I2, 0.125 M LiClO4 and 0.5 M N-methylbenzimidazole in 3-methoxypropionitrile",TiO2 film (10 um thick + 4 um scattering layer),0.158,-,-,-,0,0
750.0,17.68,0.61,7.64,"LiI (0.5 M), I2 (0.05 M), and 4-tert-butylpyridine (0.5 M) in acetonitrile",TiO2 16-18 um thick,0.25,-,-,-,0,0
650.0,14.54,0.65,6.14,"0.6 M 1-propyl-2,3-dimethylimidazolium iodide, 0.10 M I2, 0.25 M LiClO4 and 0.5 M N-methylbenzimidazole in 3-methoxypropionitrile",TiO2 film (10 um thick + 4 um scattering layer),0.158,-,-,-,0,0
710.0,15.37,0.67,7.31,"0.05 M I2, 0.5 M LiI, 0.5 M tert-butylpyridine in acetonitrile",TiO2 film (14 um thick),0.25,218 nmol/cm2,-,-,0,0
680.0,14.16,0.66,6.36,"0.05 M I2, 0.5 M LiI, 0.5 M tert-butylpyridine in acetonitrile",TiO2 film (14 um thick),0.25,110 nmol/cm2,-,-,0,0
630.0,9.8,0.66,4.1,"0.05 M I2 , 0.1 M LiI, 0.6 M 1,2-dimethyl-3-hexylimidazolium iodide, and 0.5 M 4-tert-butylpyridine in 3-methoxypropionitrile",TiO2 film (13 um thick),0.16,-,-,-,0,0
660.0,19.0,0.7,8.9,"0.1 M LiI, 0.05 M I2, 0.6 M 1-propyl-3-methylimidazolium iodide, and 0.5 M tert-butylpyridine in a mixture of acetonitrile and valeronitrile (1:1, v/v)",TiO2 film (12 um thick + 4 um scattering layer),0.14,-,2 mM CDCA,-,1,0
660.0,21.32,0.54,7.7,"0.5 M lithium iodide, 0.05 M iodine, 0.5 M tert-butylpyridine in acetonitrile",TiO2 film (20 um thick),0.25,-,-,-,0,0
690.0,18.4,0.664,8.42,"0.5 M lithium iodide, 0.05 M iodine, 0.5 M 4-tert-butylpyridine in acetonitrile",TiO2 film (20 um thick),0.16,-,-,-,0,0
799.0,6.84,0.737,4.0,"1.0 M DMII, 50 mM LiI, 30 mM I2 , 0.5 M tert-butylpyridine, and 0.1 M GNCS in the mixed solvents of acetonitrile and valeronitrile (v/v 85/15)",TiO2 film (2.3 um thick),0.158,-,-,-,0,0
784.0,10.46,0.73,6.0,"1.0 M DMII, 50 mM LiI, 30 mM I2 , 0.5 M tert-butylpyridine, and 0.1 M GNCS in the mixed solvents of acetonitrile and valeronitrile (v/v 85/15)",TiO2 film (2.3 um thick),0.158,-,-,-,0,0
773.0,13.41,0.724,7.5,"1.0 M DMII, 50 mM LiI, 30 mM I2 , 0.5 M tert-butylpyridine, and 0.1 M GNCS in the mixed solvents of acetonitrile and valeronitrile (v/v 85/15)",TiO2 film (4.9 um thick),0.158,-,-,-,0,0
520.0,4.28,0.58,1.6,tetrapropylammonium iodide (0.5 M) and iodine (0.05 M) in ethylene carbonate–dry acetonitrile (60:40 v/v),TiO2 7um,1.0,-,-,-,0,0
620.0,5.5,0.54,2.3,tetrapropylammonium iodide (0.5 M) and iodine (0.05 M) in ethylene carbonate–dry acetonitrile (60:40 v/v),TiO2 7um,1.0,-,-,-,0,0
680.0,5.35,0.6,2.7,tetrapropylammonium iodide (0.5 M) and iodine (0.05 M) in ethylene carbonate–dry acetonitrile (60:40 v/v),TiO2 7um,1.0,-,-,-,0,0
680.0,4.68,0.6,2.4,tetrapropylammonium iodide (0.5 M) and iodine (0.05 M) in ethylene carbonate–dry acetonitrile (60:40 v/v),TiO2 7um,1.0,-,-,-,0,0
620.0,3.92,0.6,1.8,tetrapropylammonium iodide (0.5 M) and iodine (0.05 M) in ethylene carbonate–dry acetonitrile (60:40 v/v),TiO2 7um,1.0,-,-,-,0,0
610.0,3.5,0.6,1.6,tetrapropylammonium iodide (0.5 M) and iodine (0.05 M) in ethylene carbonate–dry acetonitrile (60:40 v/v),TiO2 7um,1.0,-,-,-,0,0
707.0,15.08,0.714,7.61,"0.6 M dimethylpropylimidazolium iodide (DMPII), 0.05 M I2 , 0.1 M LiI, and 0.5 M tert-butylpyridine (TBP) in acetonitrile",TiO2 film (15 um thick + 5 um scattering layer),0.25,-,20 mM DCA,-,1,0
769.0,16.46,0.718,9.1,"1.0 M DMII, 50 mM LiI, 30 mM I2 , 0.5 M tert-butylpyridine, and 0.1 M GNCS in the mixed solvents of acetonitrile and valeronitrile (v/v 85/15)",TiO2 film (7.8 um thick),0.158,-,-,-,0,0
796.3,8.57,0.707,4.83,"1.0 M DMII, 50 mM LiI, 30 mM I2, 0.5 M tert-butylpyridine and 0.1 M GNCS in acetonitrile",TiO2 film (2.7 um thick),0.158,-,0.3 mM CDCA,-,1,0
763.8,11.98,0.714,6.53,"1.0 M DMII, 50 mM LiI, 30 mM I2, 0.5 M tert-butylpyridine and 0.1 M GNCS in acetonitrile",TiO2 film (5.4 um thick),0.158,-,0.3 mM CDCA,-,1,0
766.3,13.65,0.72,7.54,"1.0 M DMII, 50 mM LiI, 30 mM I2, 0.5 M tert-butylpyridine and 0.1 M GNCS in acetonitrile",TiO2 film (7.5 um thick),0.158,-,0.3 mM CDCA,-,1,0
767.2,16.37,0.717,9.0,"1.0 M DMII, 50 mM LiI, 30 mM I2, 0.5 M tert-butylpyridine and 0.1 M GNCS in acetonitrile",TiO2 film (9 um thick + 5 um scattering layer),0.158,-,0.3 mM CDCA,-,1,0
777.0,6.77,0.737,3.88,"1.0 M DMII, 50 mM LiI, 30 mM I2, 0.5 M tert-butylpyridine, and 0.1 M GNCS in the mixed solvent of acetonitrile and valeronitrile (v/v, 85/15)",TiO2 film (2.1 um thick),0.158,-,-,-,0,0
768.0,10.29,0.74,5.85,"1.0 M DMII, 50 mM LiI, 30 mM I2, 0.5 M tert-butylpyridine, and 0.1 M GNCS in the mixed solvent of acetonitrile and valeronitrile (v/v, 85/15)",TiO2 film (4.3 um thick),0.158,-,-,-,0,0
738.0,13.31,0.731,7.18,"1.0 M DMII, 50 mM LiI, 30 mM I2, 0.5 M tert-butylpyridine, and 0.1 M GNCS in the mixed solvent of acetonitrile and valeronitrile (v/v, 85/15)",TiO2 film (7.6 um thick),0.158,-,-,-,0,0
730.0,17.13,0.724,9.05,"1.0 M DMII, 50 mM LiI, 30 mM I2, 0.5 M tert-butylpyridine, and 0.1 M GNCS in the mixed solvent of acetonitrile and valeronitrile (v/v, 85/15)",TiO2 film (10 um thick + 5 um scattering layer),0.158,-,-,-,0,0
715.82,16.5,0.745,8.8,"1.0 M DMII, 50 mM LiI, 30 mM I2, 0.5 M tert-butylpyridine and 0.1 M GNCS in acetonitrile and valeronitrile (v/v, 85/15)",TiO2 film (10 um thick + 5 um scattering layer),0.158,-,-,-,0,0
760.0,16.28,0.73,9.0,"0.6 M 1,2-dimethyl-3-propylimidazolium iodide, 0.05 M I2, 0.1 M LiI, 0.05 M guanidinium thiocyanate, and 0.5 M tert-butylpyridine in acetonitrile",TiO2 film (10 um thick + 4 um scattering layer),0.18,-,-,-,0,0
730.0,16.85,0.72,8.85,"0.6 M DMPImI, 0.05 M I2, 0.1 M LiI and 0.5 M tert-butylpyridine in acetonitrile",TiO2 film (10 um thick + 4 um scattering layer),0.18,-,-,-,0,0
784.0,16.9,0.642,8.51,"0.6 M butylmethylimidazolium iodide (BMII), 0.03 M iodine, 0.5 M 4-tert-butylpyridine and 0.1 M guanidinium thiocyanate (GuNCS) in acetonitrile",TiO2 film (15 um thick),0.16,-,-,-,0,0
814.0,12.0,0.72,7.0,"1.0 M 1,3-dimethylimidazolium iodide, 0.03 M iodine, 0.1 M guanidinium thiocyanate, 0.5 M tert-butylpyridine, 0.05 M lithium iodide in acetonitrile and valeronitrile (85:15, v/v)",TiO2 film (6 uM thick + 6 uM scattering layer),0.16,-,5 mM CDCA,-,1,0
737.0,9.3,0.76,5.2,"1-ethyl-3-methylimidazolium iodide/1,3-dimethylimidazolium iodide/1-ethyl-3-methylimidazolium tetracyanoborate/lithium iodide/iodine/N-methylbenzimidazole in molar ratio 12:12:16:1:1.67:4",TiO2 film (6 uM thick + 6 uM scattering layer),0.16,-,5 mM CDCA,-,1,0
660.0,14.35,0.65,6.15,"0.5 M LiI, 0.05 M I2, and 0.1 M 4-tert-butylpyridine in 1:1 acetonitrile-propylene carbonate",TiO2 film,,-,-,-,0,0
717.0,17.0,0.62,7.52,"0.1 M lithium iodide, 0.6 M butylmethylimidazolium iodide (BMII), 0.05 M I2, and 0.5 M 4-tert-butylpyridine (4-TBP) in acetonitrile and 3-methoxypropionitrile (7:3, v/v)",TiO2 13 um thick,,-,-,-,0,0
620.0,9.7,0.69,4.2,"LiI (0.1 M), 1,2-dimethyl-3-propylimidazolium iodide (0.6 M), iodine (0.05 M), 4-tertbutylpyridine (1 M) and methoxyacetonitrile as solvent",TiO2 13um,0.25,-,-,-,0,0
500.0,2.3,0.63,0.9,tetrapropylammonium iodide (0.5 M) and iodine (0.05 M) in ethylene carbonate–dry acetonitrile (60:40 v/v),TiO2 7um,1.0,-,-,-,0,0
660.0,19.6,0.71,9.22,"DMPII (1,2-dimethyl-3-propyl-imidazolium iodide) (0.6 M), LiI (0.05 M), I2 (0.05 M), and tBP (4-tert-butylpyridine) (0.5 M) in acetonitrile",TiO2 film (15 um thick + 7 um scattering layer),0.16,-,-,-,0,0
660.0,19.6,0.71,9.22,"DMPII (1,2-dimethyl-3-propyl-imidazolium iodide) (0.6 M), LiI (0.05 M), I2 (0.05 M), and tBP (4-tert-butylpyridine) (0.5 M) in acetonitrile",TiO2 film (15 um thick + 7 um scattering layer),0.16,-,"0.6 mM tetrabutylammonium
Deoxycholate",-,1,0
684.0,19.8,0.67,9.07,"0.6 M dimethylpropylimidazolium iodide, 0.1 M I2, 0.1 M LiI, and 0.5 M tert-butylpyridine in acetonitrile",TiO2 film (18 um thick + 4 um scattering layer),0.16,-,10 mM DCA,-,1,0
700.0,21.61,0.716,10.81,"0.05 M I2, 0.1 M LiI, 0.6 M DMPImI, and 0.3 M TBP",TiO2 film 45 um thick,0.26,230 nmol/cm2,20 mM DCA,-,1,0
689.0,22.23,0.711,10.89,"0.05 M I2, 0.02 M LiI, 0.6 M EMImI (1-ethyl-3-methylimidazolium iodide), and 0.3 M TBP in acetonitrile",TiO2 film 40 um thick,0.26,190 nmol/cm2,-,-,0,0
689.0,21.83,0.726,10.92,"0.05 M I2, 0.1 M LiI, 0.6 M DMPImI and 0.3 M TBP in acetonitrile",TiO2 film 40 um thick,0.26,180 nmol/cm2,-,-,0,0
691.0,22.11,0.715,10.92,"0.05 M I2, 0.1 M LiI, 0.6 M DMPImI and 0.3 M TBP in acetonitrile",TiO2 film 40 um thick,0.26,210 nmol/cm2,-,-,0,0
710.0,16.5,0.53,6.1,Iodide-triiodide,TiO2 film,0.196,-,-,-,0,0
780.0,17.03,0.7,9.37,"0.5 M lithium iodide, 0.05 M iodide, 0.5 M 1,2-dimethyl-3-propyl imidazolium iodide and 0.5 M 4-tert-butylpyridine in acetonitrile",TiO2 film (14 um thick),0.16,-,-,-,0,0
690.0,11.6,0.62,5.1,"0.1 M guanidinium thiocyanate (GuSCN), 0.5 M 4-tert-butylpyridine (TBP), 0.06 M iodine, 0.6 M 1,3-dimethylimidazolium iodide (DMII) and 0.1 M LiI",TiO2 film (12 um thick),0.88,-,-,-,0,0
720.0,16.8,0.707,8.54,"0.6 M DMPII (dimethylpropyl imidazolium iodide), 0.5 M tert-butylpyridine, 0.05 M I2, and 0.1 M LiI in acetonitrile",TiO2 film (15 um thick + 5 um scattering layer),,-,-,-,0,0
720.0,13.9,0.688,6.89,"0.6 M DMPII (dimethylpropyl imidazolium iodide), 0.5 M tert-butylpyridine, 0.05 M I2, and 0.1 M LiI in acetonitrile",TiO2 film (10 um thick + 5 um scattering layer),,-,-,-,0,0
720.0,17.33,0.701,8.75,"2.0 M DMII, 0.1 M GuSCN, 0.05 M LiI, 0.03 M I2 and 0.5 M TBP in a 85:15 (v/v) mixture of acetonitrile and valeronitrile",TiO2 film (15 um transparent + 7 um scattering layer),0.16,117 nmol/cm2,1 mM CDCA,-,1,0
720.0,19.49,0.657,9.22,"0.6 M 1,2-dimethyl-3-propylimidazolium iodide, 0.1 M iodine, 0.5 M tert-butylpyridine, and 0.1 M lithium iodide",TiO2 film (15 um transparent + 5 um scattering layer),0.14,-,1 mM CDCA,-,1,0
720.0,16.92,0.727,8.86,"0.6 M 1,2-dimethyl-3-propylimidazolium iodide (DMPII), 0.1 M LiI, 0.05 M I 2 , and 0.5 M 4-tert-butylpyridine (tBP) in acetonitrile and valeronitrile (v/v, 85:15)",TiO2 film (15 um thick + 7 um scattering layer),0.16,-,tetrabutylammonium deoxycholate,-,1,0
670.0,14.15,0.68,6.44,"0.5 M dimethylpropylimidazolium iodide (DMPII), 0.05 M I2 , and 0.1 M LiI in acetonitrile",TiO2 film,0.25,-,-,-,0,0
789.0,15.94,0.73,9.16,"0.6 M N-butyl-N-methyl imidazolium iodide, 0.03 M I2, 0.10 M guanidinium thiocyanate, 0.5 M 4-t-butylpyridine in acetonitrile/valeronitrile (85:15)",TiO2 film (12 um thick + 4 um scattering layer),0.158,-,tetrabutylammonium chenodeoxycholic acid,-,1,0
777.0,16.81,0.73,9.57,"0.6 M N-butyl-N-methyl imidazolium iodide, 0.03 M I2, 0.10 M guanidinium thiocyanate, 0.5 M 4-t-butylpyridine in acetonitrile/valeronitrile (85:15)",TiO2 film (12 um thick + 4 um scattering layer),0.158,-,tetrabutylammonium chenodeoxycholic acid,-,1,0
762.0,15.85,0.73,8.81,"0.6 M N-butyl-N-methyl imidazolium iodide, 0.03 M I2, 0.10 M guanidinium thiocyanate, 0.5 M 4-t-butylpyridine in acetonitrile/valeronitrile (85:15)",TiO2 film (12 um thick + 4 um scattering layer),0.158,-,tetrabutylammonium chenodeoxycholic acid,-,1,0
705.0,16.2,0.67,7.6,"0.6 M 1,3-dimethylimidazolium iodide, 0.03 M I2, 0.05 M LiI, 0.05 M guanidinium thiocyanate and 0.25 M 4-tert-butylpyridine in 15/85 (v/v) mixture of valeronitrile and acetonitrile",TiO2 film (3.5 um thick + 4 um scattering layer),0.2,-,1.25 mM CDCA,-,1,0
432.0,9.4,0.578,2.34,0.5 M lithium iodide and 0.05 M iodine in acetonitrile,TiO2 15um,0.28,-,30 mM CDCA,-,1,0
422.0,11.12,0.557,2.61,0.5 M lithium iodide and 0.05 M iodine in acetonitrile,TiO2 15um,0.28,-,30 mM CDCA,-,1,0
455.0,2.76,0.567,1.7,"LiI (0.3 mol/L), I2 (0.03 mol/L) in PC (1,2-propanediol carbonate)",TiO2 6.5um,0.27,-,-,-,0,0
410.0,1.97,0.527,1.01,"LiI (0.3 mol/L), I2 (0.03 mol/L) in PC (1,2-propanediol carbonate)",TiO2 6.5um,0.27,-,-,-,0,0
730.0,15.9,0.66,7.64,Iodolyte AN-50,TiO2 film (8-12 um transparent + 5 um scat­tering layer),0.18,-,20 mM CDCA,-,1,0
740.0,15.1,0.66,7.33,"0.05 m I2, 0.5 m LiI, 0.5 m tert-butylpyridine in an acetonitrile",TiO2 film (12 um thick + 6 um scattering layer),0.25,-,-,-,0,0
660.0,18.13,0.58,6.9,0.5 M lithium iodide (LiI) and 0.05 M iodine (I2) in acetonitrile,TiO2 film (11 um thick + 4 um scattering layer),0.283,18.1 nmol/cm2,30 mM CDCA,-,1,0
740.0,11.22,0.75,6.2,"0.6 M 1,2-dimethyl-3-n-propylimidazolium iodide, 0.1 M LiI, 0.05 M I2, and 0.5 M 4-tert-butylpyridine in dry acetonitrile",TiO2 film (6 um thick + 4 um scattering layer),0.2304,-,-,-,0,0
670.0,11.51,0.7,4.6,"0.5 M LiI, 0.25 M n-Bu4NI, 0.05 M I2 in acetonitrile",TiO2 10 um thick,,-,-,-,0,0
708.0,11.28,0.66,5.3,"0.05 M I2, 0.5 M LiI, 0.5 M tert-butylpyridine in acetonitrile",TiO2 14 um thick,0.25,-,-,-,0,0
769.0,19.9,0.657,10.1,"0.7 M N-methyl-N-butyl imidazolium iodide, 0.2 M LiI, 50 mM iodine, 0.5 M tert-butylpyridine in acetonitrile/3-methoxypropionitrile (50:50 V/V)",TiO2 film (10 um thick + 5 um scattering layer),,-,-,-,0,0
620.0,13.98,0.63,5.5,"0.05 M I2, 0.5 M LiI, 0.5 M tert-butylpyridine in acetonitrile",TiO2 14 um thick,0.25,-,-,-,0,0
740.0,18.0,0.59,7.86,"0.5 M lithium iodide (LiI), 0.05 M iodine (I2), and 0.5 M 4-tert-butylpyridine in acetonitrile",TiO2 14 um thick,0.25,-,-,-,0,0
787.0,18.19,0.72,10.31,"0.6 m DMPImI, 0.05 m I2, 0.1 m LiI, and 0.5 m tert-butylpyridine in acetonitrile",TiO2 film (20 um thick + 4 um scattering layer),0.18,-,-,-,0,0
735.0,3.63,0.75,1.99,"0.6 M TBAI, 0.1 M LiI, 0.05 M I2, 0.5 M 4-TBP electrolyte in acetonitrile",TiO2 film,,-,-,-,0,0
787.0,12.27,0.74,7.14,"1.0 M 1,3-dimethylimidazolium iodide, 0.03 M iodine, 0.1 M guanidinium thiocyanate, 0.5 M tert-butylpyridine, 0.05 M lithium iodide in a mixture of acetonitrile and valeronitrile (85/15, v/v)",TiO2 film,0.16,-,10 mM DCA,-,1,0
740.0,18.31,0.69,9.36,"0.03 M iodine (I2), 0.01 M guanidinium thiocyanate (GuNCS), 0.5 M tert-butylpyridine 0.6 M 1-butyl-3-methyl-imidazolium iodide (BMII) in acetonitrile:valeronitrile (MeCN:VN) 85:15",TiO2 film (8 um transparent + 4 um scat­tering layer),0.1256,-,-,-,0,0
698.0,15.6,0.62,7.03,"0.6 M 1-methyl-3-butyl imidiazolium iodide (MBII), 0.1 M I2, 0.05 M LiI, and 0.5 M tert-butylpyridine (TBP) in acetonitrile",TiO2 film (5 um thick),0.15,-,-,-,0,0
698.0,16.77,0.54,6.3,"0.1 M LiI, 0.05 M I2, 0.5 M 1,3-dimethyl-3-imidazolinium iodine and 0.6 M 4-tert-butyl pyridine (TBP) in 3-methoxypropionitrile",TiO2 film (15 um thick),0.25,-,-,-,0,0
699.0,13.1,0.63,5.75,"0.1 M LiI, 0.05 M I2, 0.5 M 1,3-dimethyl-3-imidazolinium iodine and 0.6 M 4-tert-butyl pyridine (TBP) in 3-methoxypropionitrile",TiO2 film (12 um thick),0.25,-,-,-,0,0
488.0,16.77,0.57,4.3,"0.1 M iodine (I2), 0.1 M lithium iodide (LiI), and 1.0 M 1,2-dimethyl-3-propylimidazolium iodide (DMPImI) in 3-methoxypropionitrile (3-MPN)",TiO2 film (9 um transparent + 5 um scat­tering layer),0.5,-,0.5 DCA,-,1,0
800.0,7.2,0.67,3.9,"0.6 M 1,2-dimethyl-3-propylimidazolium iodide (DMPII), 0.1 M LiI, 0.05 M I2, 0.5 M tert-butylpyridine in acetonitrile:valeronitrile 85:15 (vol).",TiO2 film 2.2 um thick,0.16,-,2 mM CDCA,-,1,0
735.0,15.84,0.69,8.01,"0.6 M 1,2-dimethyl-3-propylimidazolium iodide (DMPII), 0.1 M LiI, 0.05 M I2, 0.5 M tert-butylpyridine in acetonitrile:valeronitrile 85:15 (vol).",TiO2 film 18 um thick,0.16,-,2 mM CDCA,-,1,0
735.0,16.66,0.69,8.44,"0.6 M 1,2-dimethyl-3-propylimidazolium iodide (DMPII), 0.1 M LiI, 0.05 M I2, 0.5 M tert-butylpyridine in acetonitrile:valeronitrile 85:15 (vol).",TiO2 film 18 um thick,0.16,-,2 mM CDCA,-,1,0
750.0,17.44,0.61,7.44,"0.05 M I2, 0.3 M LiI, 0.6 M butylmethylimidazolium iodide, 0.5 M 4-tert-butylpyridine in 4:1 acetonitrile/valeronitrile",TiO2 film (12 um transparent + 4 um scattering layer),0.25,-,2 equiv CDCA,-,1,0
780.0,15.28,0.66,7.68,"0.05 M I2, 0.3 M LiI, 0.6 M butylmethylimidazolium iodide, 0.5 M 4-tert-butylpyridine in 4:1 acetonitrile/valeronitrile",TiO2 film (12 um transparent + 4 um scattering layer),0.25,-,2 equiv CDCA,-,1,0
700.0,14.62,0.61,6.49,"0.05 M I2, 0.3 M LiI, 0.6 M butylmethylimidazolium iodide, 0.5 M 4-tert-butylpyridine in 4:1 acetonitrile/valeronitrile",TiO2 film (12 um transparent + 4 um scattering layer),0.25,0.137 nmol/cm2,-,-,0,0
780.0,15.3,0.66,7.7,"0.22 M [Co(bpy)2]2+, 0.05 M [Co(bpy)3]3+, 0.1 M LiClO4 and 0.5 M 4-tert-butylpyridine in acetonitrile",TiO2 film 13 um thick,0.25,-,-,-,0,0
730.0,12.57,0.64,5.85,"0.05 M I2, 0.1 M LiI, 0.6 M butylmethylimidazolium iodide, 0.5 M 4-tert-butylpyridine in 4:1 acetonitrile/valeronitrile",TiO2 film 7-8 um thick,,-,-,-,0,0
610.0,10.76,0.63,4.11,"I2 (0.05 M), LiI (0.1 M), 3-propyl imidazolium iodide (PMII) (1.0 M), and 4-t-butylpyridine (0.5 M) in a cosolvent containing acetonitrile and valeronitrile with a volume ratio of 85/15",TiO2 film (18 um transparent + 6 um scat­tering layer),0.36,-,1 mM CDCA,-,1,0
460.0,0.05,0.68,4.99,"I2 (0.05 M), LiI (0.1 M), 3-propyl imidazolium iodide (PMII) (1.0 M), and 4-t-butylpyridine (0.5 M) in a cosolvent containing acetonitrile and valeronitrile with a volume ratio of 85/15",TiO2 film (18 um transparent + 6 um scat­tering layer),0.36,-,1 mM CDCA,-,1,0
460.0,0.05,0.68,5.05,"I2 (0.05 M), LiI (0.1 M), 3-propyl imidazolium iodide (PMII) (1.0 M), and 4-t-butylpyridine (0.5 M) in a cosolvent containing acetonitrile and valeronitrile with a volume ratio of 85/15",TiO2 film (18 um transparent + 6 um scat­tering layer),0.36,-,1 mM CDCA,-,1,0
370.0,0.009,0.541,2.77,"I2 (0.05 M), LiI (0.1 M), 3-propyl imidazolium iodide (PMII) (1.0 M), and 4-t-butylpyridine (0.5 M) in a cosolvent containing acetonitrile and valeronitrile with a volume ratio of 85/15",TiO2 film (18 um transparent + 6 um scat­tering layer),0.36,-,1 mM CDCA,-,1,0
710.0,13.25,0.67,6.31,"0.5 M lithium iodide (LiI), 0.05 M iodine (I2), and 0.5 M 4-tert-butylpyridine (TBP) in acetonitrile",TiO2 film (12 um thick),0.25,-,-,-,0,0
714.0,14.2,0.63,6.4,"0.6 M 1, 2-dimethyl-3-n-propylimidazolium iodide (DMPImI), 0.1 M LiI, 0.05 M I2, and 0.5 M tertbutylpyridine in acetonitrile",TiO2 film 9 um,0.16,-,-,-,0,0
718.0,15.34,0.72,7.93,"0.5 M LiI, 0.05 M I2, 0.1 M guanidinium thiocyanate, 0.6 M PMII and 0.5 M 4-tert-butylpyridine (TBP) in 3-methoxypropionitrile",TiO2 film 3 um,0.2,-,-,-,0,0
690.0,16.7,0.7,8.07,"1.0 M 1,3-dimethylimidazolium iodide, 0.1 M guanidinium thiocyanate, 0.03 M I2, 0.05 M LiI, and 0.5 M tert-butylpyridine in a mixed solvent of acetonitrile and valeronitrile (85/15, v/v)",TiO2 film (9 um transparent + 5 um scat­tering layer),0.25,-,-,-,0,0
730.0,14.66,0.7,7.49,"0.5 M lithium iodide (LiI), 0.05 M I2, and 0.5 M 4-tert-butylpyridine (TBP) in solvent of THF/C2H5OH",TiO2 film,0.196,-,-,-,0,0
730.0,14.66,0.7,7.49,"0.5 M lithium iodide (LiI), 0.05 M I2, and 0.5 M 4-tert-butylpyridine (TBP) in solvent of THF/C2H5OH(1:4)",TiO2 film,0.196,-,-,-,0,0
710.0,11.54,0.7,5.71,"0.6 M LiI, 0.03 M I2, 0.1 M guanidinium thiocyanate, and 0.5 M tert-butylpyridine in a 15/85 (v/v) mixture of benzonitrile and acetonitrile",TiO2 film 11 um thick,0.25,-,-,-,0,0
460.0,0.06,0.69,5.67,"I2 (0.05 M), LiI (0.1 M), 3-propyl imidazolium iodide (PMII) (1.0 M), and 4-t-butylpyridine (0.5 M) in a cosolvent containing acetonitrile and valeronitrile with a volume ratio of 85/15",TiO2 film (18 um transparent + 6 um scat­tering layer),0.36,-,1 mM CDCA,-,1,0
740.0,15.9,0.7,8.26,"0.3 M DMPII, 0.1 M LiI, 0.05 M I2, and 0.5 M 4-tert-butylpyridine",TiO2 film (12 uM thick + 4 uM scattering layer),0.196,160 nmol/cm2,-,-,0,0
740.0,17.2,0.63,7.99,"0.3 M DMPII, 0.1 M LiI, 0.05 M I2, and 0.5 M 4-tert-butylpyridine in CH3CN",TiO2 film (10 uM thick + 4 uM scattering layer),0.196,-,-,-,0,0
750.0,14.06,0.67,7.15,"0.6 M 1,2-dimethyl-3-n-propylimidazolium iodide (DMPImI), 0.1 M LiI, and 0.05 M I2 in acetonitrile with 0.5 M 4-tertbutylpyridine",TiO2 film,0.25,-,-,-,0,0
751.0,14.81,0.74,8.22,"0.1 M LiI, 0.03 M I2, 0.6 M 1-methyl-3-propylimidazolium iodide, and 0.5 M tert-butylpyridine in dry acetonitrile",TiO2 film (15 um thick + 5 um scattering layer),,-,-,-,0,0
740.0,16.8,0.63,7.8,"0.3 M 1,2-dimethyl-3-propylimidazolium iodide (DMPII), 0.1 M LiI, 0.05 M I2, and 0.5 M 4-tert-butylpyridine in acetonitrile",TiO2 film (10 um thick + 4 um scattering layer),0.196,-,-,-,0,0
730.0,7.52,0.54,2.91,"0.6 M tert-butylammonium iodide, 0.05 M iodine, 0.1 M lithium iodide, and 0.5 M tert-butyl pyridine (tBP) in a 1:1 mixture of valeronitrile and acetonitrile",TiO2 film 7 um,,-,-,-,0,0
580.0,11.01,0.67,4.31,"0.5 M lithium iodide (LiI), 0.05 M iodine, and 0.5 M 4-tert-butylpyridine (TBP) in acetonitrile",TiO2 film 18 um thick,0.36,-,10 mM CDCA,-,1,0
610.0,11.91,0.66,4.83,"0.5 M lithium iodide (LiI), 0.05 M iodine, and 0.5 M 4-tert-butylpyridine (TBP) in acetonitrile",TiO2 film 18 um thick,0.36,-,10 mM CDCA,-,1,0
500.0,3.83,0.65,1.24,"0.5 M lithium iodide (LiI), 0.05 M iodine, and 0.5 M 4-tert-butylpyridine (TBP) in acetonitrile",TiO2 film 18 um thick,0.36,-,-,-,0,0
580.0,9.8,0.65,3.7,"0.5 M lithium iodide (LiI), 0.05 M iodine, and 0.5 M 4-tert-butylpyridine (TBP) in acetonitrile",TiO2 film 18 um thick,0.36,-,-,-,0,0
610.0,12.27,0.63,4.73,"0.5 M lithium iodide (LiI), 0.05 M iodine, and 0.5 M 4-tert-butylpyridine (TBP) in acetonitrile",TiO2 film 18 um thick,0.36,-,-,-,0,0
590.0,9.83,0.61,3.52,"0.5 M lithium iodide (LiI), 0.05 M iodine, and 0.5 M 4-tert-butylpyridine (TBP) in acetonitrile",TiO2 film 18 um thick,0.36,-,-,-,0,0
670.0,10.34,0.64,4.43,"0.1 M LiI, 0.03 M I2, 0.5 M 1-butyl-3-methylimidazolium iodide (BMII), 0.1 M guanidine isothiocyanate, and 0.5 M 4-tert-butylpyridine (TBP) in acetonitrile:valeronitrile (85:15, v/v)",TiO2 film,,-,3 mM CDCA,-,1,0
728.0,14.89,0.7,7.58,"0.1 M LiI, 0.03 M I2, 0.5 M 1-butyl-3-methylimidazolium iodide (BMII), 0.1 M guanidine isothiocyanate, and 0.5 M 4-tert-butylpyridine (TBP) in acetonitrile:valeronitrile (85:15, v/v)",TiO2 film,,-,3 mM CDCA,-,1,0
915.0,16.04,0.71,7.43,"0.6 M DMPImI, 0.05 M I2, 0.1 M LiI, and 0.5 M tert-butylpyridine in CH3CN",TiO2 4 um thickness,0.18,-,-,-,0,0
939.0,10.17,0.75,5.31,"0.6 M DMPImI, 0.05 M I2, 0.1 M LiI, and 0.5 M tert-butylpyridine in CH3CN",TiO2 4 um thickness,0.18,-,-,-,0,0
960.0,6.16,0.53,3.1,0.03 M Br2 + 0.65 M 1-n-butyl-3-methylimidazolium bromide (BMImBr) + 0.20 M tetra-n-pentylammonium bromide (TPABr) + 0.07 M 4-tert-butylpyridine (TBP) + 0.07 M guanidinium thiocyanate (GuSCN) in acetonitrile (AN)/valeronitrile (VN)/ethylene carbonate (EC)/tetrahydrofuran (THF) (4:3:2:1 in volume),TiO2 5 um thick,1.0,-,1 mM isooctyltriethoxysilane,-,1,0
540.0,1.61,0.68,0.59,ioidide/triiodide,TiO2 film,,-,-,-,0,0
650.0,4.42,0.7,2.0,ioidide/triiodide,TiO2 film,,-,-,-,0,0
602.0,2.0,0.72,0.87,ioidide/triiodide,TiO2 film,,-,-,-,0,0
725.0,8.02,0.8,9.08,"0.22 M Co(II), 0.05 M Co(III), 0.1 M LiClO4, and 0.2 M 4-tert-butylpyridine in acetonitrile",TiO2 film (3.5 um thick + 4 um scattering layer),0.2,-,2.5 mM CDCA,-,1,0
698.0,1.47,0.81,8.76,"0.22 M Co(II), 0.05 M Co(III), 0.1 M LiClO4, and 0.2 M 4-tert-butylpyridine in acetonitrile",TiO2 film (3.5 um thick + 4 um scattering layer),0.2,-,2.5 mM CDCA,-,1,0
749.0,7.87,0.79,9.1,"0.22 M Co(II), 0.05 M Co(III), 0.1 M LiClO4, and 0.2 M 4-tert-butylpyridine in acetonitrile",TiO2 film (3.5 um thick + 4 um scattering layer),0.2,-,2.5 mM CDCA,-,1,0
761.0,17.9,0.74,10.1,"0.22 M Co(II), 0.05 M Co(III), 0.1 M LiClO4, and 0.2 M 4-tert-butylpyridine in acetonitrile",TiO2 film (3.5 um thick + 4 um scattering layer),0.2,-,2.5 mM CDCA,-,1,0
700.0,16.3,0.63,7.13,"0.6 M 1,3-dimethylimidazolium iodide, 0.03 M I2, 0.05 M LiI, 0.05 M guanidinium thiocyanate and 0.25 M 4-tert-butylpyridine in 15/85 (v/v) mixture of valeronitrile and acetonitrile",TiO2 film (3.5 um thick + 4 um scattering layer),0.2,-,2.5 mM CDCA,-,1,0
745.0,17.6,0.75,9.81,"0.22 M Co(II), 0.05 M Co(III), 0.1 M LiClO4, and 0.2 M 4-tert-butylpyridine in acetonitrile",TiO2 film (3.5 um thick + 4 um scattering layer),0.2,-,2.5 mM CDCA,-,1,0
684.0,16.9,0.65,7.44,"0.6 M 1,3-dimethylimidazolium iodide, 0.03 M I2, 0.05 M LiI, 0.05 M guanidinium thiocyanate and 0.25 M 4-tert-butylpyridine in 15/85 (v/v) mixture of valeronitrile and acetonitrile",TiO2 film (3.5 um thick + 4 um scattering layer),0.2,-,2.5 mM CDCA,-,1,0
716.0,15.2,0.76,8.23,"0.22 M Co(II), 0.05 M Co(III), 0.1 M LiClO4, and 0.2 M 4-tert-butylpyridine in acetonitrile",TiO2 film (3.5 um thick + 4 um scattering layer),0.2,-,2.5 mM CDCA,-,1,0
680.0,16.6,0.68,7.73,"0.6 M 1,3-dimethylimidazolium iodide, 0.03 M I2, 0.05 M LiI, 0.05 M guanidinium thiocyanate and 0.25 M 4-tert-butylpyridine in 15/85 (v/v) mixture of valeronitrile and acetonitrile",TiO2 film (3.5 um thick + 4 um scattering layer),0.2,-,2.5 mM CDCA,-,1,0
765.0,17.2,0.62,8.2,"0.3 M 1,2-dimethyl-3-propylimidazolium iodide (DMPII), 0.1 M LiI, 0.05 M I2 and 0.5 M 4-tert-butyl pyridine in acetonitrile",TiO2 film (10 um transparent + 4 um scat­tering layer),0.196,-,-,-,0,0
771.0,16.0,0.641,7.91,"0.3 M 1,2-dimethyl-3-propylimidazolium iodide (DMPII), 0.1 M LiI, 0.05 M I2, and 0.5 M 4-tert-butylpyridine in CH3CN",TiO2 film (12 um transparent + 4 um scat­tering layer),0.16,-,-,-,0,0
768.0,16.0,0.695,8.52,"0.3 M DMPII, 0.1 M LiI, 0.05 M I2 and 0.5 M 4-tert-butylpyridine in acetonitrile",TiO2 film (12 um thick + 4 um scattering layer),0.16,-,3 mM CDCA,-,1,0
772.0,15.8,0.664,8.1,"0.3 M 1,2-dimethyl-3-propylimidazolium iodide (DMPII), 0.1 M LiI, 0.05 M I2, and 0.5 M 4-tert-butylpyridine in acetonitrile (ACN)",TiO2 film (12 um thick + 4 um scattering layer),0.16,58.5 nmol/cm2,-,-,0,0
700.0,17.13,0.66,7.98,"0.6 M 1-methyl-3-propylimidazolium iodide (PMII), 0.1 M guanidiniumthiocyanate, 0.07 M I2, 0.05 M LiI, and 0.5 M tert-butylpyridine in acetonitrile/valeronitrile (85:15)",TiO2 film (12 um thick + 4 um scattering layer),0.16,-,-,-,0,0
610.0,6.7,0.68,2.77,AN-50,TiO2 film (10 um transparent + 4 um scattering layer),0.16,-,-,-,0,0
720.0,14.89,0.732,7.85,"0.6 M 1,2-dimethyl-3-propylimidazolium iodide (DMPII), 0.05 M I2, 0.1 M LiI and 0.5 M t-butylpyridine (tBP) in acetonitrile",TiO2 film (10 um transparent + 5 um scattering layer),,-,-,-,0,0
710.0,19.0,0.71,9.6,"0.6 M 1,2-dimethyl-3-propylimidazolium iodide, 0.05 M iodine, 0.1 M lithium iodide, and 0.5 M 4-tert-butylpyridine (TBP) in acetonitrile",TiO2 film (25 um transparent + 6 um scattering layer),0.25,-,-,-,0,0
750.0,18.79,0.7,9.8,"0.6 M DMPII, 0.05 M I2, 0.5 M TBP, and 0.1 M LiI in acetonitrile",TiO2 film (10 um transparent + 4 um scattering layer),0.18,376 nmol/cm2,10 mM CDCA,-,1,0
583.0,9.29,0.53,2.87,polyethyleneoxide/TiO2/I-/I3-,TiO2 film (15 um thick),0.16,-,-,-,0,0
736.0,17.06,0.74,9.29,"1 M 1,3-dimethyl-imidazolium iodide (DMII), 100 mM LiI, 60 mM I2, 0.5 M TBP and 0.1 M Guanidinium thiocyanate (GuNCS) in a solvent mixture of acetonitrile and valeronitrile (85:15, v/v)",TiO2 film (20 um thick),0.25,240 nmol/cm2,-,-,0,0
751.0,16.89,0.74,9.38,"1 M 1,3-dimethyl-imidazolium iodide (DMII), 100 mM LiI, 60 mM I2, 0.5 M TBP and 0.1 M Guanidinium thiocyanate (GuNCS) in a solvent mixture of acetonitrile and valeronitrile (85:15, v/v)",TiO2 film (20 um thick),0.25,-,150 uM 1-decylphosphonic acid,-,1,0
730.0,13.9,0.727,7.42,"0.6 M BMII, 0.05 M I2, 0.1 M LiI, and 0.5 M TBP in acetonitrile",TiO2 film,0.24,-,-,-,0,0
762.0,17.4,0.6,7.95,"0.3 M DMPII, 0.1 M LiI, 0.05 M I2 and 0.5 M 4-tert-butylpyridine in acetonitrile",TiO2 film (10 um transparent + 4 um scattering layer),0.196,-,-,-,0,0
740.0,15.53,0.68,7.76,"0.5 M LiI, 0.05 M I2, 0.6 M PMII, 0.5 M TBP and 0.1 M GuSCN in acetonitrile",TiO2 film (12 um thick + 6 um scattering layer),0.16,-,-,-,0,0
695.0,17.02,0.6165,7.29,Iodolyte HL-30,TiO2 film (8-12 um thick + 5 um scattering layer),0.18,-,20 mM DCA,-,1,0
810.0,16.29,0.71,9.41,iodide/triiodide,TiO2 film,,-,-,-,0,0
750.0,15.58,0.692,8.09,Iodolyte AN-50,TiO2 film (12 um thick),0.2,-,-,-,0,0
692.0,11.39,0.58,4.57,Iodolyte Z-50,TiO2 film,1.0,-,-,-,0,0
707.0,14.4,0.69,7.1,"1.0 M 1,3-dimethylimidazolium iodide, 0.03 M I2, 0.05 M LiI, 0.10 M guanidinium thiocyanate, and 0.50 M 4-tert-butylpyridine in acetonitrile/valeronitrile, 85:15",TiO2 film (10 um thick + 4 um scattering layer),,-,CDCA,-,1,0
650.0,14.33,0.7,6.52,"0.6 M dimethylpropylimidazolium iodide, 0.05 M I2, 0.1 M LiI, and 0.05 M 4-tert-butylpyridine in acetonitrile",TiO2 film (8 uM thick + 5 uM scattering layer),0.2304,132 nmol/cm2,-,-,0,0
700.0,14.48,0.7,7.1,"0.6 M 1-butyl-3-methylimidazolium iodide (BMII), 0.05 M LiI, 0.03 M I2, 0.5 M 4-tert-butylpyridine, and 0.1 M guanidinium thiocyanate in a mixture of acetonitrile−valeronitrile (85:15, v/v)",TiO2 film (12 um thick + 4 um scattering layer),0.125,-,-,-,0,0
820.0,10.7,0.86,7.57,"0.6 M 1-propyl-2,3-dimethylimidazolium iodide (DMPII), 0.1 M lithium iodide, 0.05 M iodine, and 0.5 M 4-tert-butylpyridine (TBP) in 3-methoxypropionitrile (MPN)",TiO2 film (7 um thick),0.25,-,-,-,0,0
810.0,11.21,0.83,7.56,"0.6 M 1-propyl-2,3-dimethylimidazolium iodide (DMPII), 0.1 M lithium iodide, 0.05 M iodine, and 0.5 M 4-tert-butylpyridine (TBP) in 3-methoxypropionitrile (MPN)",TiO2 film (7 um thick),0.25,-,-,-,0,0
730.0,14.8,0.7,7.5,"3-propyl-1-methyl-imidazolium iodide (PMII, 0.7 M), lithium iodide (LiI,0.2 M), iodine (I2, 0.05 M), and t-butylpyridine (TBP, 0.5 M) in acetonitrile/valeronitrile (85:15)",TiO2 film,,-,-,-,0,0
610.0,16.5,0.71,7.0,"0.5 M LiI, 0.05 M I2 in methoxypropionitrile",TiO2 film 7 um thick,,-,-,-,0,0
760.0,15.27,0.65,7.49,"0.05 M I2, 0.5 M LiI, 0.5 M tert-butylpyridine in acetonitrile",TiO2 film (12 um thick + 6 um scattering layer),0.25,-,-,-,0,0
720.0,17.86,0.65,8.28,"0.1 M lithium iodide (LiI), 0.05 M iodine (I2), 0.6 M 1,2-dimethyl-3-propylimidazolium iodide (DMPII), and 0.1 M guanidine thiocyanate (GuSCN) in acetonitrile (ACN)",TiO2 film (15 um thick + 5 um scattering layer),0.16,-,-,-,0,0
740.0,15.08,0.67,7.48,"0.6 M 1-butyl-3-methylimidazolium iodide (BMII), 0.05 M LiI, 0.03 M I2, 0.5 M 4-tert-butylpyridine, and 0.1 M guanidinium thiocyanate in acetonitrile–valeronitrile (85:15, v/v)",TiO2 film (12 um thick + 4 um scattering layer),0.125,-,-,-,0,0
720.0,16.1,0.61,7.05,"LiI (0.5 M), I2 (0.05 M), and 4-tert-butylpyridine (TBP, 0.5 M) in MeCN",TiO2 film 16-18 um thick,0.25,-,-,-,0,0
750.0,16.08,0.67,8.31,"0.05 M I2, 0.5 M LiI, 0.5 M tert-butylpyridine in acetonitrile",TiO2 film (12 + 6 um thick),0.25,-,-,-,0,0
675.0,15.4,0.718,7.7,iodide/triiodide,TiO2 film,,-,-,-,0,0
720.0,15.12,0.66,7.19,"0.5 M lithium iodide (LiI), 0.05 M iodine, and 0.5 M 4-tert-butylpyridine (TBP) in acetonitrile",TiO2 film 18 um thick,0.36,-,-,-,0,0
730.0,13.6,0.63,6.3,EL-HSE,TiO2 film,0.25,-,-,-,0,0
690.0,13.42,0.7113,6.45,"0.6 M BMII, 0.05 M I2, 0.1 M LiI, and 0.5 M TBP in acetonitrile",TiO2 film,0.24,-,-,-,0,0
700.0,13.83,0.7036,6.74,"0.6 M BMII, 0.05 M I2, 0.1 M LiI, and 0.5 M TBP in acetonitrile",TiO2 film,0.24,-,0.1 mM DCA,-,1,0
770.0,14.89,0.67,7.65,"0.1 M 1-propyl-2,3-dimethylimidazolium iodide (DMPII), 0.5 M 1-butyl-3-methylimidazolium iodide (BMII), 0.05 M I2, 0.1 M LiI, 0.1 M guanidine thiocyanate (GuSCN), and 0.5 M tert-butylpyridine (TBP) in an 85/15 mixture of acetonitrile and valteronitrile",TiO2 film (8 um thick + 4 um scattering layer),0.159,-,-,-,0,0
511.0,2.23,0.52,0.61,"0.1 M LiI, 0.05 M I2, 0.6 M Bu4NI and 0.5 M 4-tert-butylpyridine in CH3CN",TiO2 11 um thick,,-,10 mM DCA,-,1,0
660.0,8.9,0.68,4.0,"0.6 M 1,2-dimethyl-3-propylimidazolium iodide (DMPII), 0.1 M LiI, 0.05 M I2 , 0.6 M TBP in methoxy-propylnitrile (MPN)",TiO2 thin film (10 um),0.159,-,-,-,0,0
569.0,5.9,0.71,2.4,"0.6 M tetrabutylammonium iodide (TBAI), 0.1 M LiI, 0.05 M I2, 0.5 M 4-tert-butylpyridine (TBP) in dry acetonitrile",TiO2 thin film (10 um),0.159,-,-,-,0,0
532.0,4.8,0.74,1.9,"0.6 M tetrabutylammonium iodide (TBAI), 0.1 M LiI, 0.05 M I2, 0.5 M 4-tert-butylpyridine (TBP) in dry acetonitrile",TiO2 thin film (10 um),0.159,-,-,-,0,0
673.0,10.7,0.67,4.8,"0.6 M tetrabutylammonium iodide (TBAI), 0.1 M LiI, 0.05 M I2, 0.5 M 4-tert-butylpyridine (TBP) in dry acetonitrile",TiO2 thin film (10 um),0.159,-,-,-,0,0
712.0,10.9,0.71,5.5,"0.6 M tetrabutylammonium iodide (TBAI), 0.1 M LiI, 0.05 M I2, 0.5 M 4-tert-butylpyridine (TBP) in dry acetonitrile",TiO2 thin film (10 um),0.159,-,-,-,0,0
627.0,1.49,0.782,0.73,"0.6 m 1,2-dimethyl-3-propylimidazolium iodide (DMPII), 0.5 m 4-tert-butylpyridine (TBP), 0.05 m I2 and 0.1 m LiI in CH3CN","TiO2 film (14 um, 20 nm particle +4um scattering layer )",0.16,-,-,-,0,0
671.0,1.93,0.761,0.99,"0.6 m 1,2-dimethyl-3-propylimidazolium iodide (DMPII), 0.5 m 4-tert-butylpyridine (TBP), 0.05 m I2 and 0.1 m LiI in CH3CN","TiO2 film (14 um, 20 nm particle +4um scattering layer )",0.16,-,-,-,0,0
760.0,12.25,0.72,6.7,"I2 (99.9%, 0.04m), LiI (99.9 %, 0.06m), 4-tert-butylpyridine (99%, 0.4m), and 3-hexyl-1,2-dimethylimidazolium iodide (98%, 0.6m) in acetonitrile",TiO2 film (12 um),0.25,-,6 mM CDCA,-,1,0
770.0,10.67,0.74,6.07,"I2 (99.9%, 0.04m), LiI (99.9 %, 0.06m), 4-tert-butylpyridine (99%, 0.4m), and 3-hexyl-1,2-dimethylimidazolium iodide (98%, 0.6m) in acetonitrile",TiO2 film (12 um),0.25,-,6 mM CDCA,-,1,0
700.0,14.22,0.6,6.03,"I2 (99.9%, 0.04m), LiI (99.9 %, 0.06m), 4-tert-butylpyridine (99%, 0.4m), and 3-hexyl-1,2-dimethylimidazolium iodide (98%, 0.6m) in acetonitrile",TiO2 film (12 um),0.25,-,6 mM CDCA,-,1,0
800.0,13.09,0.7,7.4,"I2 (99.9%, 0.04m), LiI (99.9 %, 0.06m), 4-tert-butylpyridine (99%, 0.4m), and 3-hexyl-1,2-dimethylimidazolium iodide (98%, 0.6m) in acetonitrile",TiO2 film (12 um),0.25,-,6 mM CDCA,-,1,0
780.0,14.38,0.64,7.17,"I2 (99.9%, 0.04m), LiI (99.9 %, 0.06m), 4-tert-butylpyridine (99%, 0.4m), and 3-hexyl-1,2-dimethylimidazolium iodide (98%, 0.6m) in acetonitrile",TiO2 film (12 um),0.25,-,6 mM CDCA,-,1,0
642.0,12.33,0.64,5.08,"0.6 M 1-methyl-3-butyl imidiazolium iodide (MBII), 0.1 M I2, 0.05 M LiI, and 0.5 M tert-butylpyridine (TBP) in acetonitrile",TiO2 film (5 um thick),0.15,-,-,-,0,0
733.0,14.7,0.71,7.7,"0.6 M 1,2-dimethyl-3-propylimidazolium iodide (DMPII), 0.06M LiI, 0.04 M I2 , and 0.4 M 4-tertbutylpyridine (TBP) in dry acetonitrile (AN)",TiO2 thin film (12 um  as the transparent layer and 4 um the scattering layer),,-,CDCA,-,1,0
722.0,11.5,0.75,6.2,"0.6 M 1,2-dimethyl-3-propylimidazolium iodide (DMPII), 0.06M LiI, 0.04 M I2 , and 0.4 M 4-tertbutylpyridine (TBP) in dry acetonitrile (AN)",TiO2 thin film (12 um  as the transparent layer and 4 um the scattering layer),,-,CDCA,-,1,0
610.0,10.28,0.7,4.41,"0.5 M LiI, 0.05 M I2, and 0.5 M 4-tert-butylpyridine (TBP) in 3-methoxypropionitrile",TiO2 film (3 um scattering layer),0.2,-,0.5 mM CDCA,-,1,0
590.0,8.46,0.7,3.54,"0.5 M LiI, 0.05 M I2, and 0.5 M 4-tert-butylpyridine (TBP) in 3-methoxypropionitrile",TiO2 film (3 um scattering layer),0.2,-,-,-,0,0
620.0,8.01,0.7,3.43,"0.5 M LiI, 0.05 M I2, and 0.5 M 4-tert-butylpyridine (TBP) in 3-methoxypropionitrile",TiO2 film (3 um scattering layer),0.2,-,0.5 mM CDCA,-,1,0
610.0,5.78,0.74,2.6,"0.5 M LiI, 0.05 M I2, and 0.5 M 4-tert-butylpyridine (TBP) in 3-methoxypropionitrile",TiO2 film (3 um scattering layer),0.2,-,-,-,0,0
690.0,11.46,0.72,5.69,"0.5 M LiI, 0.05 M I2, and 0.5 M 4-tert-butylpyridine (TBP) in 3-methoxypropionitrile",TiO2 film (3 um scattering layer),0.2,-,0.5 mM CDCA,-,1,0
670.0,10.35,0.72,5.0,"0.5 M LiI, 0.05 M I2, and 0.5 M 4-tert-butylpyridine (TBP) in 3-methoxypropionitrile",TiO2 film (3 um scattering layer),0.2,-,-,-,0,0
777.0,14.87,0.63,7.33,"0.6 M 1-methyl-3-propylimidazolium iodide (PMII), 0.10 M guanidinium thiocyanate, 0.03 M I2 and 0.5 M tert-butylpyridine) in acetonitrile/valeronitrile (85:15)",TiO2 film (16 um),0.16,138 nmol/cm2,-,-,0,0
816.0,12.61,0.63,6.44,"0.6 M 1-methyl-3-propylimidazolium iodide (PMII), 0.10 M guanidinium thiocyanate, 0.03 M I2 and 0.5 M tert-butylpyridine) in acetonitrile/valeronitrile (85:15)",TiO2 film (16 um),0.16,119 nmol/cm2,-,-,0,0
722.0,4.5,0.73,2.4,"0.6 M dimethylpropylimidazolium iodide (DMPII), 0.05 M I2 , and 0.1 M LiI and 0.5 M TBP in acetonitrile",TiO2,,-,-,-,0,0
724.0,6.7,0.74,3.6,"0.6 M dimethylpropylimidazolium iodide (DMPII), 0.05 M I2 , and 0.1 M LiI and 0.5 M TBP in acetonitrile",TiO2,,-,-,-,0,0
760.0,6.22,0.69,3.3,"0.6 M 1,2-dimethyl-3-propylimidazolium iodide (DMPII), 0.025 M LiI, 0.04 MI2 , 0.05 M guanidium thiocyanate (GuSCN), and 0.28 M 4-tertbutylpyridine (TBP) in dry acetonitrile",TiO2,0.25,-,-,-,0,0
541.0,6.7,0.7,2.5,"0.6 M dimethylpropyl-imidazolium iodide (DMPII), 0.05 M I2 , and 0.1 M LiI and TBP 0.5 M in acetonitrile (AN)",TiO2 film (20 um),0.25,-,20 mM CDCA,-,1,0
779.0,10.8,0.75,6.3,"0.6 M dimethylpropyl-imidazolium iodide (DMPII), 0.05 M I2 , and 0.1 M LiI and TBP 0.5 M in acetonitrile (AN)",TiO2 film (20 um),0.25,-,20 mM CDCA,-,1,0
610.0,12.7,0.72,5.6,"0.6 M dimethylpropyl-imidazolium iodide (DMPII), 0.05 M I2 , and 0.1 M LiI and TBP 0.5 M in acetonitrile (AN)",TiO2 film (20 um),0.25,-,20 mM CDCA,-,1,0
719.0,10.5,0.76,5.8,"0.6 M dimethylpropyl-imidazolium iodide (DMPII), 0.05 M I2 , and 0.1 M LiI and TBP 0.5 M in acetonitrile (AN)",TiO2 film (20 um),0.25,-,20 mM CDCA,-,1,0
642.0,11.26,0.68,4.91,"0.05 M I2 , 0.1 M LiI, 0.5 M TBP, 0.6 M DMPII, in ACN and MPN (1:1 v/v)",TiO2 film (15 + 5 uM thick),0.16,120 nmol/cm2,-,-,0,0
642.0,11.45,0.72,5.26,"0.05 M I2 , 0.1 M LiI, 0.5 M TBP, 0.6 M DMPII, in ACN and MPN (1:1 v/v)",TiO2 film (15 + 5 uM thick),0.16,126 nmol/cm2,-,-,0,0
656.0,10.01,0.71,4.67,"0.05 M I2 , 0.1 M LiI, 0.5 M TBP, 0.6 M DMPII, in ACN and MPN (1:1 v/v)",TiO2 film (15 + 5 uM thick),0.16,128 nmol/cm2,-,-,0,0
723.0,14.43,0.68,7.09,"0.05 M I2 , 0.1 M LiI, 0.5 M TBP, 0.6 M DMPII, in ACN and MPN (1:1 v/v)",TiO2 film (15 + 5 uM thick),0.16,138 nmol/cm2,-,-,0,0
735.0,16.45,0.68,8.08,"0.05 M I2 , 0.1 M LiI, 0.5 M TBP, 0.6 M DMPII, in ACN and MPN (1:1 v/v)",TiO2 film (15 + 5 uM thick),0.16,143 nmol/cm2,-,-,0,0
735.0,15.06,0.68,7.47,"0.05 M I2 , 0.1 M LiI, 0.5 M TBP, 0.6 M DMPII, in ACN and MPN (1:1 v/v)",TiO2 film (15 + 5 uM thick),0.16,145 nmol/cm2,-,-,0,0
670.0,12.91,0.63,5.4,"LiI (0.5 M), I2 (0.05 M) and TBP (0.5 M) in acetonitrile",TiO2 film (10-12 uM thick + 5 uM scattering layer),0.25,-,10 mM CDCA,-,1,0
670.0,10.47,0.54,4.5,"3-dimethylimidazolium iodide (1.0 M), LiI (0.05 M), I2 (0.03 M), guanidinium thiocyanate (0.1 M) and TBP (0.5 M) in MeCN:valeronitrile (85:15, v/v)",TiO2 film (10-12 uM thick + 5 uM scattering layer),0.25,-,-,-,0,0
670.0,14.86,0.62,6.18,"LiI (0.5 M), I2 (0.05 M) and TBP (0.5 M) in acetonitrile",TiO2 film (10-12 uM thick + 5 uM scattering layer),0.25,1340 nmol/cm2,-,-,0,0
640.0,5.73,0.66,2.43,"0.5 M LiI, 0.05 M I2, and 0.1 M 4-tert-butylpyridine in 1:1 acetonitrile-propylene carbonate",TiO2 film,,-,-,-,0,0
704.0,14.2,0.7141,7.14,"0.6 M tetrabutyl ammonium iodide (TBAI), 0.1 M LiI, 0.05 M I2, and 0.5 M 4-tert-butylpyridine (TBP) dissolved in a mixed solution of acetonitrile (AN) and valeronitrile (VN) (85/15, v/v)",TiO2 film (7 um thick + 5 um scattering layer),0.45,-,-,-,0,0
723.0,11.78,0.7584,6.46,"0.6 M tetrabutyl ammonium iodide (TBAI), 0.1 M LiI, 0.05 M I2, and 0.5 M 4-tert-butylpyridine (TBP) dissolved in a mixed solution of acetonitrile (AN) and valeronitrile (VN) (85/15, v/v)",TiO2 film (7 um thick + 5 um scattering layer),0.45,-,-,-,0,0
784.0,9.99,0.782,6.12,"0.6 M tetrabutyl ammonium iodide (TBAI), 0.1 M LiI, 0.05 M I2, and 0.5 M 4-tert-butylpyridine (TBP) dissolved in a mixed solution of acetonitrile (AN) and valeronitrile (VN) (85/15, v/v)",TiO2 film (7 um thick + 5 um scattering layer),0.45,-,-,-,0,0
677.0,1.49,0.81,8.6,"0.22 M Co(II), 0.05 M Co(III), 0.1 M LiClO4, and 0.2 M 4-tert-butylpyridine in acetonitrile",TiO2 film (3.5 um thick + 4 um scattering layer),0.2,-,2.5 mM CDCA,-,1,0
743.0,15.6,0.78,8.97,"0.22 M Co(II), 0.05 M Co(III), 0.1 M LiClO4, and 0.2 M 4-tert-butylpyridine in acetonitrile",TiO2 film (3.5 um thick + 4 um scattering layer),0.2,-,1.25 mM CDCA,-,1,0
766.0,15.1,0.76,8.79,"0.22 M Co(II), 0.05 M Co(III), 0.1 M LiClO4, and 0.2 M 4-tert-butylpyridine in acetonitrile",TiO2 film (3.5 um thick + 4 um scattering layer),0.2,-,1.25 mM CDCA,-,1,0
733.0,13.7,0.649,6.52,"0.3 M 1,2-dimethyl-3-propylimidazolium iodide (DMPII), 0.1 M LiI, 0.05 M I2 and 0.5 M 4-tert-butylpyridine in acetonitrile",TiO2 film (12 um thick + 4 um scattering layer),0.16,-,-,-,0,0
742.0,14.6,0.642,6.95,"0.3 M 1,2-dimethyl-3-propylimidazolium iodide (DMPII), 0.1 M LiI, 0.05 M I2 and 0.5 M 4-tert-butylpyridine in acetonitrile",TiO2 film (12 um thick + 4 um scattering layer),0.16,-,-,-,0,0
763.0,15.8,0.634,7.64,"0.3 M 1,2-dimethyl-3-propylimidazolium iodide (DMPII), 0.1 M LiI, 0.05 M I2 and 0.5 M 4-tert-butylpyridine in acetonitrile",TiO2 film (12 um thick + 4 um scattering layer),0.16,-,-,-,0,0
710.0,15.6,0.667,7.39,"0.3 M 1,2-dimethyl-3-propylimidazolium iodide (DMPII), 0.1 M LiI, 0.05 M I2 and 0.5 M 4-tert-butylpyridine in acetonitrile",TiO2 film (12 um thick + 4 um scattering layer),0.16,-,-,-,0,0
598.0,12.7,0.61,4.63,"0.6 M 1-propyl-2,3-dimethylimidazolium iodide (DMPII), 0.1 M lithium iodide, 0.05 M iodine, and 0.5 M 4-tert-butylpyridine (TBP) in 3-methoxypropionitrile (MPN)",TiO2 film (7 um thick),0.25,-,-,-,0,0
579.0,10.6,0.58,3.54,"0.6 M 1-propyl-2,3-dimethylimidazolium iodide (DMPII), 0.1 M lithium iodide, 0.05 M iodine, and 0.5 M 4-tert-butylpyridine (TBP) in 3-methoxypropionitrile (MPN)",TiO2 film (7 um thick),0.25,-,-,-,0,0
580.0,10.7,0.58,3.6,"0.6 M 1-propyl-2,3-dimethylimidazolium iodide (DMPII), 0.1 M lithium iodide, 0.05 M iodine, and 0.5 M 4-tert-butylpyridine (TBP) in 3-methoxypropionitrile (MPN)",TiO2 film (7 um thick),0.25,-,-,-,0,0
558.0,8.56,0.61,2.9,"0.6 M 1-propyl-2,3-dimethylimidazolium iodide (DMPII), 0.1 M lithium iodide, 0.05 M iodine, and 0.5 M 4-tert-butylpyridine (TBP) in 3-methoxypropionitrile (MPN)",TiO2 film (7 um thick),0.25,-,-,-,0,0
725.0,14.0,0.68,6.9,"0.6 M 1,2-dimethyl-3-n-propylimidazolium iodide (DMPImI), 0.1 M LiI, 0.05 M I2, 0.1 M GuSCN (guanidinium thiocyanate) and 0.5 M tertbutylpyridine in a mixture of acetonitrile and valeronitrile (volume ratio, 85:15)",TiO2 film (9 um thick + 5 um scattering layer),0.2,139 nmol/cm2,-,-,0,0
776.0,10.32,0.716,5.74,"3-propyl-1-methyl-imidazolium iodide (PMII, 0.7 M), LiI (0.2 M), I2 (0.05 M), and t-butylpyridine (TBP, 0.5 M) in acetonitrile/valeronitrile (85:15 v/v)",TiO2 film,0.41,-,TiO2 film,-,1,0
640.0,13.0,0.72,5.99,"0.6 M 1,2-dimethyl-3-n-propylimidazolium iodide (DMPImI), 0.1 M LiI, 0.05 M I2, 0.1 M GuSCN (guanidinium thiocyanate) and 0.5 M tertbutylpyridine in a mixture of acetonitrile and valeronitrile (volume ratio, 85:15)",TiO2 film (9 um thick + 5 um scattering layer),0.2,252 nmol/cm2,-,-,0,0
753.0,14.2,0.71,7.59,"0.6 M 1,2-dimethyl-3-n-propylimidazolium iodide (DMPImI), 0.1 M LiI, 0.05 M I2, 0.1 M GuSCN (guanidinium thiocyanate) and 0.5 M tertbutylpyridine in a mixture of acetonitrile and valeronitrile (volume ratio, 85:15)",TiO2 film (9 um thick + 5 um scattering layer),0.2,216 nmol/cm2,-,-,0,0
650.0,10.5,0.65,4.43,"0.6 M 1,2-dimethyl-3-n-propylimidazolium iodide (DMPImI), 0.1 M LiI, 0.05 M I2, 0.1 M GuSCN (guanidinium thiocyanate) and 0.5 M tertbutylpyridine in a mixture of acetonitrile and valeronitrile (volume ratio, 85:15)",TiO2 film (9 um thick + 5 um scattering layer),0.2,62.1 nmol/cm2,-,-,0,0
657.0,12.46,0.734,6.0,"0.07 M LiI, 1 M PMII, 0.05 M I2, 0.05 M tBP in acetonitrile/valeronitrile (85:15, v/v)",TiO2 film (13 um thick + 3 um scattering layer),0.16,155.6 nmol/cm2,0.3 mM CDCA,-,1,0
637.0,11.199,0.73,5.209,"0.07 M LiI, 1 M PMII, 0.05 M I2, 0.05 M tBP in acetonitrile/valeronitrile (85:15, v/v)",TiO2 film (13 um thick + 3 um scattering layer),0.16,113.4 nmol/cm2,0.3 mM CDCA,-,1,0
633.0,9.96,0.711,4.483,"0.07 M LiI, 1 M PMII, 0.05 M I2, 0.05 M tBP in acetonitrile/valeronitrile (85:15, v/v)",TiO2 film (13 um thick + 3 um scattering layer),0.16,114.4 nmol/cm2,0.3 mM CDCA,-,1,0
654.0,10.08,0.724,4.763,"0.07 M LiI, 1 M PMII, 0.05 M I2, 0.05 M tBP in acetonitrile/valeronitrile (85:15, v/v)",TiO2 film (13 um thick + 3 um scattering layer),0.16,112.4 nmol/cm2,0.3 mM CDCA,-,1,0
681.0,10.554,0.724,5.194,"0.07 M LiI, 1 M PMII, 0.05 M I2, 0.05 M tBP in acetonitrile/valeronitrile (85:15, v/v)",TiO2 film (13 um thick + 3 um scattering layer),0.16,103.6 nmol/cm2,0.3 mM CDCA,-,1,0
754.0,7.97,0.817,4.91,1-propyl-3-methylimidazolium iodide (PMII) and 4-tert-butyl pyridine (TBP),TiO2 film,,-,-,-,0,0
766.0,8.99,0.794,5.47,1-ethyl-2-hexylpyrazolium sulfocyanate (PyC6) and 4-tert-butyl pyridine (TBP),TiO2 film,,-,-,-,0,0
779.0,11.78,0.796,7.3,"2,2'-Hexylene bis(1,1'-diethylpyrazolium)sulfocyanate (Py2C6) and 4-tert-butyl pyridine (TBP)",TiO2 film,,-,-,-,0,0
690.0,11.32,0.72,5.64,"0.5 M 1-butyl-3-methylimidazolium iodide, 0.1 M lithium iodide, 0.05 M I2 and 0.5 M tert-butylpyridine in acetonitrile",TiO2 film (12 + 5 um),0.238,-,-,-,0,0
650.0,9.15,0.67,3.97,"0.5 M 1-butyl-3-methylimidazolium iodide, 0.1 M lithium iodide, 0.05 M I2 and 0.5 M tert-butylpyridine in acetonitrile",TiO2 film (12 + 5 um),0.238,-,10-fold amount CDCA,-,1,0
670.0,9.44,0.69,4.34,"0.5 M 1-butyl-3-methylimidazolium iodide, 0.1 M lithium iodide, 0.05 M I2 and 0.5 M tert-butylpyridine in acetonitrile",TiO2 film (12 + 5 um),0.238,-,10-fold amount CDCA,-,1,0
620.0,9.56,0.68,4.03,"0.5 M 1-butyl-3-methylimidazolium iodide, 0.1 M lithium iodide, 0.05 M I2 and 0.5 M tert-butylpyridine in acetonitrile",TiO2 film (12 + 5 um),0.238,-,10-fold amount CDCA,-,1,0
630.0,9.14,0.68,3.87,"0.5 M 1-butyl-3-methylimidazolium iodide, 0.1 M lithium iodide, 0.05 M I2 and 0.5 M tert-butylpyridine in acetonitrile",TiO2 film (12 + 5 um),0.238,-,10-fold amount CDCA,-,1,0
660.0,6.77,0.67,2.96,"0.5 M 1-butyl-3-methylimidazolium iodide, 0.1 M lithium iodide, 0.05 M I2 and 0.5 M tert-butylpyridine in acetonitrile",TiO2 film (12 + 5 um),0.238,-,10-fold amount CDCA,-,1,0
650.0,6.28,0.68,2.79,"0.5 M 1-butyl-3-methylimidazolium iodide, 0.1 M lithium iodide, 0.05 M I2 and 0.5 M tert-butylpyridine in acetonitrile",TiO2 film (12 + 5 um),0.238,-,10-fold amount CDCA,-,1,0
650.0,7.87,0.67,3.41,"0.5 M 1-butyl-3-methylimidazolium iodide, 0.1 M lithium iodide, 0.05 M I2 and 0.5 M tert-butylpyridine in acetonitrile",TiO2 film (12 + 5 um),0.238,-,10-fold amount CDCA,-,1,0
650.0,7.63,0.69,3.43,"0.5 M 1-butyl-3-methylimidazolium iodide, 0.1 M lithium iodide, 0.05 M I2 and 0.5 M tert-butylpyridine in acetonitrile",TiO2 film (12 + 5 um),0.238,-,10-fold amount CDCA,-,1,0
660.0,7.83,0.67,3.46,"0.5 M 1-butyl-3-methylimidazolium iodide, 0.1 M lithium iodide, 0.05 M I2 and 0.5 M tert-butylpyridine in acetonitrile",TiO2 film (12 + 5 um),0.238,-,10-fold amount CDCA,-,1,0
660.0,7.83,0.68,3.53,"0.5 M 1-butyl-3-methylimidazolium iodide, 0.1 M lithium iodide, 0.05 M I2 and 0.5 M tert-butylpyridine in acetonitrile",TiO2 film (12 + 5 um),0.238,-,10-fold amount CDCA,-,1,0
680.0,8.64,0.71,4.15,"0.5 M 1-butyl-3-methylimidazolium iodide, 0.1 M lithium iodide, 0.05 M I2 and 0.5 M tert-butylpyridine in acetonitrile",TiO2 film (12 + 5 um),0.238,-,10-fold amount CDCA,-,1,0
600.0,4.42,0.74,2.0,Iodolyte AN-50,TiO2 film,0.2,-,-,-,0,0
600.0,2.98,0.55,0.99,Iodolyte AN-50,TiO2 film,0.2,-,-,-,0,0
590.0,3.36,0.69,1.37,Iodolyte AN-50,TiO2 film,0.2,-,-,-,0,0
730.0,13.14,0.66,6.36,Iodolyte AN-50,TiO2 film,0.2,-,-,-,0,0
760.0,11.22,0.6969,5.96,0.005 M isopropanol solution of H2PtCl6·6H2O,TiO2 film,0.25,-,-,-,0,0
660.0,6.51,0.7472,3.2,0.005 M isopropanol solution of H2PtCl6·6H2O,TiO2 film,0.25,-,-,-,0,0
600.0,2.52,0.7407,1.12,0.005 M isopropanol solution of H2PtCl6·6H2O,TiO2 film,0.25,-,-,-,0,0
600.0,3.51,0.7662,1.61,0.005 M isopropanol solution of H2PtCl6·6H2O,TiO2 film,0.25,-,-,-,0,0
620.0,3.52,0.74,1.64,Iodolyte AN-50,TiO2 film,0.2,-,-,-,0,0
560.0,3.76,0.74,1.55,"0.04 M LiI, 0.06 M I2, 0.053 M 4-tert-butylpyridine, 0.9 M DMPII and 0.08 M GuSCN in acetonitrile",TiO2 film (8 um thick + 3 um scattering layer),,66 nmol/cm2,-,-,0,0
590.0,6.95,0.731,2.98,"0.04 M LiI, 0.06 M I2, 0.053 M 4-tert-butylpyridine, 0.9 M DMPII and 0.08 M GuSCN in acetonitrile",TiO2 film (8 um thick + 3 um scattering layer),,43 nmol/cm2,-,-,0,0
610.0,6.97,0.738,3.12,"0.04 M LiI, 0.06 M I2, 0.053 M 4-tert-butylpyridine, 0.9 M DMPII and 0.08 M GuSCN in acetonitrile",TiO2 film (8 um thick + 3 um scattering layer),,26 nmol/cm2,-,-,0,0
472.0,8.67,0.541,2.21,0.7 M LiI and 0.05 M I2 in MeCN,TiO2 film 8.1 um,0.25,-,-,D35 dye,0,1
427.0,4.85,0.696,1.44,0.7 M LiI + 0.05 M I2 + 0.5 M tBP in MeCN,TiO2 film 7.8 um,0.25,-,-,-,0,0
459.0,4.69,0.7,1.51,"0.1 M LiI, 0.6 M 1,2-dimethyl-3-propylimidazolium iodide (DMPImI), 0.05 M I2, and 0.5 M 4-tert-butylpyridine (tBP) in MeCN",TiO2 film 5.2 um,0.25,-,6 mM CDCA,-,1,0
476.0,4.47,0.715,1.52,"0.1 M LiI, 0.6 M 1,2-dimethyl-3-propylimidazolium iodide (DMPImI), 0.05 M I2, and 0.5 M 4-tert-butylpyridine (tBP) in MeCN",TiO2 film 4.1 um,0.25,-,-,-,0,0
620.0,8.25,0.68,3.44,"0.05 M of iodine (I2), 0.1 M of lithium iodide (LiI), 0.4 M of 4-tert-butylpyridine (TBP), and 0.6 M of tetra-butylammonium iodide (TPAI) in a mixture of acetonitrile: veleronitrile (85: 15)",TiO2 film,,-,-,-,0,0
660.0,10.09,0.66,4.44,"0.05 M of iodine (I2), 0.1 M of lithium iodide (LiI), 0.4 M of 4-tert-butylpyridine (TBP), and 0.6 M of tetra-butylammonium iodide (TPAI) in a mixture of acetonitrile: veleronitrile (85: 15)",TiO2 film,,-,-,-,0,0
740.0,14.56,0.68,7.39,"0.05 M of iodine (I2), 0.1 M of lithium iodide (LiI), 0.4 M of 4-tert-butylpyridine (TBP), and 0.6 M of tetra-butylammonium iodide (TPAI) in a mixture of acetonitrile: veleronitrile (85: 15)",TiO2 film,,-,-,-,0,0
700.0,19.14,0.69,9.15,"0.05 M of iodine (I2), 0.1 M of lithium iodide (LiI), 0.4 M of 4-tert-butylpyridine (TBP), and 0.6 M of tetra-butylammonium iodide (TPAI) in a mixture of acetonitrile: veleronitrile (85: 15)",TiO2 film,,-,-,-,0,0
666.0,17.84,0.74,8.79,"0.6 M 1-methyl-3-propylimidazolium iodide (PMII), 0.06 M lithium iodide, 0.02 M I2, 0.4 M tert-butylpyridine in dry acetonitrile",TiO2 film 14 um,,-,-,-,0,0
651.0,9.93,0.7,4.52,"0.6 M 1-methyl-3-propylimidazolium iodide (PMII), 0.06 M lithium iodide, 0.02 M I2, 0.4 M tert-butylpyridine in dry acetonitrile",TiO2 film 14 um,,296 nmol/cm2,-,-,0,0
667.0,12.85,0.71,6.09,"0.6 M 1-methyl-3-propylimidazolium iodide (PMII), 0.06 M lithium iodide, 0.02 M I2, 0.4 M tert-butylpyridine in dry acetonitrile",TiO2 film 14 um,,224 nmol/cm2,-,-,0,0
659.0,12.46,0.69,5.65,"0.6 M 1-methyl-3-propylimidazolium iodide (PMII), 0.06 M lithium iodide, 0.02 M I2, 0.4 M tert-butylpyridine in dry acetonitrile",TiO2 film 14 um,,187 nmol/cm2,-,-,0,0
641.0,12.37,0.66,5.21,"0.6 M 1-methyl-3-propylimidazolium iodide (PMII), 0.06 M lithium iodide, 0.02 M I2, 0.4 M tert-butylpyridine in dry acetonitrile",TiO2 film 14 um,,150 nmol/cm2,-,-,0,0
